timestamp,open,high,low,close,volume,symbol
2026-06-12 11:46:00,150.0,154.0,150.0,152.75,8604534,SPCX
2026-06-12 11:48:00,152.8699951171875,162.0,150.0,161.99000549316406,18098840,SPCX
2026-06-12 11:50:00,162.0,163.0,155.82000732421875,158.47850036621094,16221085,SPCX
2026-06-12 11:52:00,158.47999572753906,164.0,156.6999969482422,163.8000030517578,13783022,SPCX
2026-06-12 11:54:00,164.0,168.75,159.0,167.5800018310547,15008516,SPCX
2026-06-12 11:56:00,167.47999572753906,168.49989318847656,163.32000732421875,164.0,10495706,SPCX
2026-06-12 11:58:00,164.2100067138672,165.0,160.0500030517578,161.30999755859375,7792539,SPCX
2026-06-12 12:00:00,161.35000610351562,164.0,160.3000030517578,160.49000549316406,6799862,SPCX
2026-06-12 12:02:00,160.41270446777344,161.02000427246094,156.02000427246094,156.25999450683594,10541190,SPCX
2026-06-12 12:04:00,156.32000732421875,160.0,155.4199981689453,159.64259338378906,7851923,SPCX
2026-06-12 12:06:00,159.68910217285156,162.5,158.14999389648438,160.80999755859375,6706445,SPCX
2026-06-12 12:08:00,160.7100067138672,164.0,160.47999572753906,163.24000549316406,6082957,SPCX
2026-06-12 12:10:00,163.24000549316406,164.75,161.22000122070312,164.72999572753906,5469245,SPCX
2026-06-12 12:12:00,164.72999572753906,165.4499969482422,163.50999450683594,164.67999267578125,7585992,SPCX
2026-06-12 12:14:00,164.7100067138672,165.25,161.88999938964844,164.4499969482422,5973951,SPCX
2026-06-12 12:16:00,164.41000366210938,167.0,163.64999389648438,166.51499938964844,6164490,SPCX
2026-06-12 12:18:00,166.53379821777344,167.0,164.5800018310547,165.47000122070312,4459698,SPCX
2026-06-12 12:20:00,165.47000122070312,167.77000427246094,165.32000732421875,165.8000030517578,4785159,SPCX
2026-06-12 12:22:00,165.8618927001953,166.1300048828125,161.10000610351562,164.5,5363633,SPCX
2026-06-12 12:24:00,164.5500030517578,165.64999389648438,164.1300048828125,164.83999633789062,3662130,SPCX
2026-06-12 12:26:00,164.84039306640625,165.75,163.3300018310547,164.85000610351562,3705446,SPCX
2026-06-12 12:28:00,164.99000549316406,166.13999938964844,164.30999755859375,164.968994140625,3379905,SPCX
2026-06-12 12:30:00,164.9600067138672,165.4499969482422,163.6999969482422,164.33999633789062,3725739,SPCX
2026-06-12 12:32:00,164.36000061035156,165.47999572753906,164.00999450683594,165.02999877929688,2984095,SPCX
2026-06-12 12:34:00,165.0449981689453,165.11000061035156,163.22999572753906,164.56500244140625,3048426,SPCX
2026-06-12 12:36:00,164.56500244140625,164.6999969482422,163.07000732421875,163.97500610351562,2751303,SPCX
2026-06-12 12:38:00,163.97000122070312,168.0,163.97000122070312,167.99000549316406,5349685,SPCX
2026-06-12 12:40:00,168.0,168.35000610351562,166.60000610351562,167.0399932861328,3557231,SPCX
2026-06-12 12:42:00,167.0399932861328,167.1300048828125,165.24000549316406,166.25,2699331,SPCX
2026-06-12 12:44:00,166.2100067138672,168.25,166.0800018310547,168.0,3230025,SPCX
2026-06-12 12:46:00,168.0,168.3000030517578,166.5,167.97000122070312,3046467,SPCX
2026-06-12 12:48:00,167.9199981689453,169.0,167.9199981689453,168.74000549316406,3877263,SPCX
2026-06-12 12:50:00,168.74000549316406,169.83999633789062,168.6699981689453,169.83990478515625,2929390,SPCX
2026-06-12 12:52:00,169.82000732421875,172.5,169.35000610351562,172.46499633789062,8162096,SPCX
2026-06-12 12:54:00,172.49400329589844,172.89999389648438,167.25,169.00999450683594,4873812,SPCX
2026-06-12 12:56:00,168.97000122070312,172.6999969482422,168.79490661621094,172.4149932861328,3090158,SPCX
2026-06-12 12:58:00,172.39999389648438,174.0,172.3000030517578,173.74000549316406,3291720,SPCX
2026-06-12 13:00:00,173.72000122070312,174.25,171.5,171.57000732421875,3664127,SPCX
2026-06-12 13:02:00,171.52000427246094,173.97000122070312,170.64999389648438,173.81500244140625,2979044,SPCX
2026-06-12 13:04:00,173.81500244140625,175.0,173.14999389648438,174.91000366210938,4426585,SPCX
2026-06-12 13:06:00,174.89999389648438,175.5,173.82000732421875,175.13999938964844,4614840,SPCX
2026-06-12 13:08:00,175.10000610351562,176.49000549316406,174.8000030517578,176.27000427246094,3516136,SPCX
2026-06-12 13:10:00,176.2899932861328,176.52000427246094,173.2899932861328,173.7899932861328,4191530,SPCX
2026-06-12 13:12:00,173.7899932861328,174.14999389648438,170.32000732421875,170.32000732421875,3948421,SPCX
2026-06-12 13:14:00,170.32000732421875,173.9199981689453,169.4600067138672,173.14999389648438,3950524,SPCX
2026-06-12 13:16:00,173.2899932861328,174.22000122070312,172.1300048828125,173.73500061035156,2159386,SPCX
2026-06-12 13:18:00,173.75999450683594,174.5,172.85000610351562,173.9499969482422,1926786,SPCX
2026-06-12 13:20:00,173.94000244140625,174.00999450683594,171.17959594726562,171.50999450683594,2155131,SPCX
2026-06-12 13:22:00,171.42999267578125,173.0,171.0500030517578,172.77000427246094,1588568,SPCX
2026-06-12 13:24:00,172.9199981689453,173.0500030517578,172.0500030517578,172.98899841308594,1855654,SPCX
2026-06-12 13:26:00,172.88999938964844,172.93499755859375,171.16000366210938,172.8300018310547,1736310,SPCX
2026-06-12 13:28:00,172.8300018310547,172.8800048828125,171.7100067138672,172.27999877929688,1456550,SPCX
2026-06-12 13:30:00,172.28500366210938,172.3404998779297,169.14999389648438,169.16000366210938,2670201,SPCX
2026-06-12 13:32:00,169.17999267578125,169.61000061035156,168.0,168.9600067138672,3145811,SPCX
2026-06-12 13:34:00,168.99000549316406,171.66000366210938,168.99000549316406,170.63999938964844,2088593,SPCX
2026-06-12 13:36:00,170.58999633789062,171.49000549316406,170.16000366210938,170.60000610351562,1566809,SPCX
2026-06-12 13:38:00,170.63999938964844,171.05499267578125,169.25999450683594,170.07000732421875,1925252,SPCX
2026-06-12 13:40:00,170.05999755859375,171.83999633789062,169.83999633789062,171.69000244140625,1901623,SPCX
2026-06-12 13:42:00,171.74000549316406,173.55999755859375,171.1999969482422,173.52999877929688,2227739,SPCX
2026-06-12 13:44:00,173.50999450683594,173.75,172.3800048828125,172.75999450683594,1497645,SPCX
2026-06-12 13:46:00,172.75,174.0,172.61500549316406,173.6009979248047,1652812,SPCX
2026-06-12 13:48:00,173.67999267578125,173.97000122070312,173.4600067138672,173.7100067138672,1210231,SPCX
2026-06-12 13:50:00,173.72799682617188,173.8000030517578,171.5399932861328,171.9499969482422,1717899,SPCX
2026-06-12 13:52:00,171.92999267578125,172.97999572753906,171.62010192871094,172.88999938964844,1063027,SPCX
2026-06-12 13:54:00,172.89999389648438,173.49000549316406,171.6300048828125,173.4199981689453,1364425,SPCX
2026-06-12 13:56:00,173.4499969482422,173.8699951171875,172.60000610351562,173.13999938964844,1354684,SPCX
2026-06-12 13:58:00,173.16000366210938,173.50999450683594,172.85000610351562,173.3300018310547,1052032,SPCX
2026-06-12 14:00:00,173.36000061035156,173.36000061035156,171.64999389648438,171.89999389648438,1578793,SPCX
2026-06-12 14:02:00,171.90499877929688,173.10000610351562,171.88999938964844,172.9499969482422,1273229,SPCX
2026-06-12 14:04:00,172.91000366210938,173.1199951171875,172.11000061035156,172.4949951171875,1227900,SPCX
2026-06-12 14:06:00,172.5399932861328,172.55999755859375,170.3300018310547,170.60499572753906,2273559,SPCX
2026-06-12 14:08:00,170.60000610351562,171.36000061035156,170.21429443359375,170.7899932861328,1722710,SPCX
2026-06-12 14:10:00,170.75,171.64999389648438,169.27999877929688,170.85000610351562,2684798,SPCX
2026-06-12 14:12:00,170.85499572753906,171.1699981689453,169.32000732421875,169.6699981689453,1745240,SPCX
2026-06-12 14:14:00,169.63999938964844,169.87950134277344,166.50999450683594,168.05999755859375,3568487,SPCX
2026-06-12 14:16:00,168.06500244140625,169.11000061035156,165.0500030517578,166.0,3233656,SPCX
2026-06-12 14:18:00,166.0399932861328,168.10000610351562,166.0,167.4149932861328,1988631,SPCX
2026-06-12 14:20:00,167.50999450683594,168.88999938964844,166.1999969482422,168.69000244140625,1891607,SPCX
2026-06-12 14:22:00,168.85000610351562,169.74000549316406,167.1199951171875,169.577392578125,1562125,SPCX
2026-06-12 14:24:00,169.5850067138672,170.10000610351562,168.4199981689453,169.1300048828125,1719992,SPCX
2026-06-12 14:26:00,169.12989807128906,170.0500030517578,169.02000427246094,169.7899932861328,1258508,SPCX
2026-06-12 14:28:00,169.77999877929688,169.91000366210938,168.27000427246094,169.1999969482422,1359982,SPCX
2026-06-12 14:30:00,169.2949981689453,169.60000610351562,167.65060424804688,169.3000030517578,1328336,SPCX
2026-06-12 14:32:00,169.26499938964844,169.36000061035156,167.36000061035156,168.2100067138672,1407097,SPCX
2026-06-12 14:34:00,168.2100067138672,168.5449981689453,166.3000030517578,168.42999267578125,1553307,SPCX
2026-06-12 14:36:00,168.38999938964844,169.22999572753906,167.88999938964844,169.19500732421875,1318383,SPCX
2026-06-12 14:38:00,169.19500732421875,170.0,168.75,169.69500732421875,1941748,SPCX
2026-06-12 14:40:00,169.689697265625,170.10000610351562,169.0500030517578,170.00999450683594,1592574,SPCX
2026-06-12 14:42:00,170.05999755859375,170.94000244140625,169.66000366210938,169.86070251464844,1951167,SPCX
2026-06-12 14:44:00,169.8000030517578,170.89999389648438,168.1300048828125,169.0500030517578,1754871,SPCX
2026-06-12 14:46:00,169.0399932861328,169.60000610351562,168.8000030517578,169.5800018310547,1169988,SPCX
2026-06-12 14:48:00,169.58999633789062,170.39999389648438,168.77000427246094,170.11000061035156,1668352,SPCX
2026-06-12 14:50:00,170.1699981689453,170.8000030517578,169.36000061035156,169.94500732421875,1211781,SPCX
2026-06-12 14:52:00,169.94500732421875,170.0,168.3000030517578,169.1999969482422,1237984,SPCX
2026-06-12 14:54:00,169.23849487304688,169.44000244140625,168.3000030517578,168.8300018310547,1300095,SPCX
2026-06-12 14:56:00,168.74000549316406,169.82969665527344,168.5,169.77000427246094,1061303,SPCX
2026-06-12 14:58:00,169.74000549316406,169.86000061035156,168.82000732421875,168.85000610351562,1158950,SPCX
2026-06-12 15:00:00,168.88999938964844,169.22999572753906,167.5,167.9199981689453,1827250,SPCX
2026-06-12 15:02:00,168.0,168.19000244140625,166.0500030517578,166.08920288085938,1818560,SPCX
2026-06-12 15:04:00,166.05999755859375,167.30999755859375,165.25999450683594,167.2100067138672,2009809,SPCX
2026-06-12 15:06:00,167.1750030517578,167.42999267578125,166.52000427246094,166.8699951171875,1217980,SPCX
2026-06-12 15:08:00,166.90499877929688,166.99000549316406,165.50999450683594,166.8000030517578,1586336,SPCX
2026-06-12 15:10:00,166.7010040283203,167.22000122070312,165.5500030517578,166.66000366210938,1605338,SPCX
2026-06-12 15:12:00,166.6999969482422,167.00999450683594,165.27999877929688,165.51199340820312,1574997,SPCX
2026-06-12 15:14:00,165.50999450683594,166.3000030517578,163.24009704589844,166.21499633789062,5151504,SPCX
2026-06-12 15:16:00,166.25999450683594,167.1999969482422,165.66000366210938,165.81500244140625,1838632,SPCX
2026-06-12 15:18:00,165.86000061035156,166.3000030517578,163.5,164.58999633789062,2401408,SPCX
2026-06-12 15:20:00,164.63499450683594,164.99000549316406,162.99000549316406,163.96009826660156,2467223,SPCX
2026-06-12 15:22:00,163.97999572753906,165.0,163.6199951171875,164.36000061035156,2032129,SPCX
2026-06-12 15:24:00,164.3739013671875,164.5,161.55999755859375,164.06500244140625,3451417,SPCX
2026-06-12 15:26:00,164.0,164.5,162.5500030517578,163.54029846191406,1858139,SPCX
2026-06-12 15:28:00,163.6699981689453,164.07000732421875,161.30999755859375,161.44000244140625,2093719,SPCX
2026-06-12 15:30:00,161.4600067138672,161.72999572753906,160.0500030517578,160.5800018310547,3762417,SPCX
2026-06-12 15:32:00,160.55279541015625,160.91000366210938,158.5800018310547,160.76870727539062,6409354,SPCX
2026-06-12 15:34:00,160.8000030517578,161.97000122070312,160.55999755859375,161.69500732421875,2001871,SPCX
2026-06-12 15:36:00,161.6999969482422,161.72999572753906,160.00999450683594,160.0720977783203,1790076,SPCX
2026-06-12 15:38:00,160.0814971923828,161.10000610351562,159.50999450683594,160.2550048828125,2118404,SPCX
2026-06-12 15:40:00,160.2667999267578,160.32000732421875,158.25,159.0500030517578,2502393,SPCX
2026-06-12 15:42:00,159.19000244140625,160.0,157.44000244140625,158.77000427246094,3877146,SPCX
2026-06-12 15:44:00,158.77999877929688,160.0,157.75,159.76629638671875,2421585,SPCX
2026-06-12 15:46:00,159.80999755859375,160.4199981689453,158.36000061035156,158.74989318847656,2213526,SPCX
2026-06-12 15:48:00,158.6699981689453,160.0,158.64999389648438,159.60000610351562,2162086,SPCX
2026-06-12 15:50:00,159.55999755859375,161.6300048828125,159.55999755859375,160.9499969482422,3170739,SPCX
2026-06-12 15:52:00,160.91000366210938,162.0,160.2899932861328,160.33999633789062,2794729,SPCX
2026-06-12 15:54:00,160.33999633789062,162.0,160.33999633789062,161.97000122070312,2575016,SPCX
2026-06-12 15:56:00,161.97000122070312,162.77000427246094,161.10000610351562,161.10000610351562,3325352,SPCX
2026-06-12 15:58:00,161.1199951171875,161.37820434570312,160.64999389648438,161.27000427246094,3469770,SPCX
2026-06-15 09:30:00,171.80999755859375,175.0,171.00999450683594,173.8881072998047,29176388,SPCX
2026-06-15 09:32:00,173.9499969482422,174.0,170.80999755859375,170.89999389648438,3174785,SPCX
2026-06-15 09:34:00,170.9199981689453,171.69500732421875,169.1300048828125,169.639892578125,4633113,SPCX
2026-06-15 09:36:00,169.5778045654297,169.97999572753906,168.36000061035156,169.82000732421875,2620493,SPCX
2026-06-15 09:38:00,169.8699951171875,171.0,169.10000610351562,170.10499572753906,2046755,SPCX
2026-06-15 09:40:00,170.10000610351562,170.5,169.39999389648438,169.8990020751953,1815172,SPCX
2026-06-15 09:42:00,169.81649780273438,171.0,169.61000061035156,170.5800018310547,1915782,SPCX
2026-06-15 09:44:00,170.60000610351562,173.0,170.33999633789062,172.97999572753906,2375385,SPCX
2026-06-15 09:46:00,172.99000549316406,173.25,172.1999969482422,172.6999969482422,1797264,SPCX
2026-06-15 09:48:00,172.72000122070312,174.08999633789062,172.3000030517578,173.8000030517578,2103302,SPCX
2026-06-15 09:50:00,173.8350067138672,174.5800018310547,173.32000732421875,173.7899932861328,1740005,SPCX
2026-06-15 09:52:00,173.8000030517578,174.39999389648438,172.6199951171875,174.17999267578125,1656711,SPCX
2026-06-15 09:54:00,174.1699981689453,174.85499572753906,173.24000549316406,174.70799255371094,1550135,SPCX
2026-06-15 09:56:00,174.77999877929688,174.99000549316406,174.25,174.39999389648438,2176410,SPCX
2026-06-15 09:58:00,174.39999389648438,174.50999450683594,173.44000244140625,173.6300048828125,1329113,SPCX
2026-06-15 10:00:00,173.6300048828125,173.647705078125,172.8000030517578,173.5399932861328,1411292,SPCX
2026-06-15 10:02:00,173.53250122070312,174.41000366210938,172.72149658203125,174.35000610351562,1276436,SPCX
2026-06-15 10:04:00,174.3498992919922,174.35000610351562,173.41000366210938,173.47000122070312,1187671,SPCX
2026-06-15 10:06:00,173.47000122070312,173.61000061035156,172.8000030517578,172.85499572753906,1067620,SPCX
2026-06-15 10:08:00,172.80999755859375,173.25,172.13999938964844,172.34500122070312,1178092,SPCX
2026-06-15 10:10:00,172.2899932861328,174.6999969482422,172.27000427246094,174.6699981689453,1698934,SPCX
2026-06-15 10:12:00,174.65679931640625,174.66000366210938,172.1999969482422,173.77000427246094,1669938,SPCX
2026-06-15 10:14:00,173.82989501953125,174.60000610351562,173.5,174.4600067138672,1365664,SPCX
2026-06-15 10:16:00,174.47999572753906,174.89999389648438,173.89100646972656,174.0850067138672,1481358,SPCX
2026-06-15 10:18:00,174.0850067138672,175.89999389648438,172.75999450683594,173.10989379882812,3924572,SPCX
2026-06-15 10:20:00,173.11000061035156,173.74989318847656,172.89999389648438,173.50999450683594,856895,SPCX
2026-06-15 10:22:00,173.50999450683594,173.5500030517578,171.3000030517578,171.76539611816406,1677258,SPCX
2026-06-15 10:24:00,171.69000244140625,171.88999938964844,170.6199951171875,171.02499389648438,1673387,SPCX
2026-06-15 10:26:00,171.02499389648438,171.99000549316406,170.60000610351562,171.60899353027344,1156682,SPCX
2026-06-15 10:28:00,171.60499572753906,171.7899932861328,170.66000366210938,170.85000610351562,958951,SPCX
2026-06-15 10:30:00,170.8800048828125,171.25,170.6699981689453,170.85910034179688,760515,SPCX
2026-06-15 10:32:00,170.80999755859375,171.11000061035156,169.39999389648438,169.9499969482422,2236183,SPCX
2026-06-15 10:34:00,169.960205078125,170.60000610351562,169.1999969482422,170.37130737304688,1164186,SPCX
2026-06-15 10:36:00,170.35000610351562,171.6999969482422,170.3300018310547,171.58999633789062,1046249,SPCX
2026-06-15 10:38:00,171.57000732421875,171.6999969482422,171.0,171.3800048828125,653945,SPCX
2026-06-15 10:40:00,171.42999267578125,172.5,171.30999755859375,172.1199951171875,862082,SPCX
2026-06-15 10:42:00,172.12249755859375,172.97999572753906,172.07000732421875,172.57000732421875,693306,SPCX
2026-06-15 10:44:00,172.5399932861328,173.0,172.50999450683594,172.54989624023438,721471,SPCX
2026-06-15 10:46:00,172.52999877929688,172.89999389648438,172.35000610351562,172.74000549316406,772119,SPCX
2026-06-15 10:48:00,172.78500366210938,172.82899475097656,172.0,172.5,746704,SPCX
2026-06-15 10:50:00,172.50999450683594,173.4199981689453,172.41000366210938,172.86000061035156,927313,SPCX
2026-06-15 10:52:00,172.85000610351562,173.1999969482422,172.52999877929688,172.72999572753906,619159,SPCX
2026-06-15 10:54:00,172.77000427246094,173.5,172.6114044189453,173.49989318847656,630738,SPCX
2026-06-15 10:56:00,173.422607421875,173.8000030517578,173.18499755859375,173.3300018310547,667948,SPCX
2026-06-15 10:58:00,173.39999389648438,173.8000030517578,173.1999969482422,173.60000610351562,461406,SPCX
2026-06-15 11:00:00,173.58999633789062,174.0,173.3699951171875,173.75,920083,SPCX
2026-06-15 11:02:00,173.8000030517578,174.0,173.5,173.90989685058594,587757,SPCX
2026-06-15 11:04:00,173.91000366210938,173.9600067138672,173.5,173.72500610351562,597656,SPCX
2026-06-15 11:06:00,173.72500610351562,173.7899932861328,173.0,173.03500366210938,780034,SPCX
2026-06-15 11:08:00,173.029296875,173.72999572753906,173.0,173.5500030517578,586648,SPCX
2026-06-15 11:10:00,173.5500030517578,173.97000122070312,173.25,173.26499938964844,506930,SPCX
2026-06-15 11:12:00,173.2664031982422,173.75,173.14999389648438,173.71499633789062,405001,SPCX
2026-06-15 11:14:00,173.72500610351562,173.8800048828125,173.5800018310547,173.65499877929688,463483,SPCX
2026-06-15 11:16:00,173.65499877929688,173.85000610351562,173.32000732421875,173.75,547525,SPCX
2026-06-15 11:18:00,173.75,173.89999389648438,173.00999450683594,173.25999450683594,701198,SPCX
2026-06-15 11:20:00,173.25,173.57000732421875,172.57000732421875,172.57000732421875,609480,SPCX
2026-06-15 11:22:00,172.60000610351562,173.38999938964844,172.52999877929688,173.24000549316406,503872,SPCX
2026-06-15 11:24:00,173.27999877929688,173.69000244140625,173.11000061035156,173.3094940185547,674673,SPCX
2026-06-15 11:26:00,173.3249969482422,173.67999267578125,173.10000610351562,173.6699981689453,414500,SPCX
2026-06-15 11:28:00,173.6009063720703,174.0800018310547,173.35000610351562,173.6616973876953,908282,SPCX
2026-06-15 11:30:00,173.64999389648438,174.0,173.27000427246094,173.8800048828125,550625,SPCX
2026-06-15 11:32:00,173.88999938964844,174.0,173.6300048828125,173.66000366210938,544219,SPCX
2026-06-15 11:34:00,173.66000366210938,174.0399932861328,173.6199951171875,173.7899932861328,521543,SPCX
2026-06-15 11:36:00,173.7899932861328,174.00999450683594,173.77000427246094,173.85499572753906,485865,SPCX
2026-06-15 11:38:00,173.85499572753906,174.0366973876953,173.5800018310547,173.92579650878906,684498,SPCX
2026-06-15 11:40:00,173.8800048828125,174.64999389648438,173.7100067138672,174.56500244140625,1357982,SPCX
2026-06-15 11:42:00,174.5800018310547,174.64990234375,174.10000610351562,174.60000610351562,631071,SPCX
2026-06-15 11:44:00,174.5800018310547,174.64999389648438,174.33999633789062,174.52999877929688,504980,SPCX
2026-06-15 11:46:00,174.52999877929688,174.85000610351562,174.27999877929688,174.7899932861328,699682,SPCX
2026-06-15 11:48:00,174.8000030517578,175.69000244140625,174.6699981689453,175.53939819335938,1946134,SPCX
2026-06-15 11:50:00,175.53939819335938,175.63999938964844,174.8000030517578,175.4810028076172,855185,SPCX
2026-06-15 11:52:00,175.5500030517578,177.75,175.47000122070312,177.2550048828125,2479256,SPCX
2026-06-15 11:54:00,177.27000427246094,178.47999572753906,177.1199951171875,177.88999938964844,1732934,SPCX
2026-06-15 11:56:00,177.88999938964844,177.9600067138672,175.6199951171875,175.81500244140625,1453110,SPCX
2026-06-15 11:58:00,175.8249969482422,176.25999450683594,175.2100067138672,175.8000030517578,967038,SPCX
2026-06-15 12:00:00,175.8300018310547,175.88999938964844,173.75,174.97500610351562,1474031,SPCX
2026-06-15 12:02:00,174.97500610351562,175.27999877929688,174.3000030517578,175.24000549316406,730545,SPCX
2026-06-15 12:04:00,175.1649932861328,175.64999389648438,174.86000061035156,174.89849853515625,789605,SPCX
2026-06-15 12:06:00,175.00999450683594,176.38999938964844,174.8000030517578,176.02000427246094,718743,SPCX
2026-06-15 12:08:00,176.01499938964844,176.55999755859375,175.5,176.5399932861328,653699,SPCX
2026-06-15 12:10:00,176.55999755859375,177.25,176.5399932861328,177.0399932861328,803473,SPCX
2026-06-15 12:12:00,177.0399932861328,177.1199951171875,175.55999755859375,176.9499969482422,1022791,SPCX
2026-06-15 12:14:00,176.9499969482422,177.8800048828125,176.64999389648438,177.6027069091797,726421,SPCX
2026-06-15 12:16:00,177.72000122070312,177.86000061035156,176.0,176.4149932861328,968071,SPCX
2026-06-15 12:18:00,176.3800048828125,177.6999969482422,176.33999633789062,177.58999633789062,779770,SPCX
2026-06-15 12:20:00,177.55999755859375,177.64999389648438,176.32000732421875,177.56539916992188,892372,SPCX
2026-06-15 12:22:00,177.58999633789062,177.6999969482422,177.2801055908203,177.6699981689453,539318,SPCX
2026-06-15 12:24:00,177.6999969482422,177.99000549316406,177.4499969482422,177.82000732421875,630247,SPCX
2026-06-15 12:26:00,177.8249969482422,178.9499969482422,177.5,178.5500030517578,1358592,SPCX
2026-06-15 12:28:00,178.53500366210938,178.91000366210938,178.39999389648438,178.8800048828125,712962,SPCX
2026-06-15 12:30:00,178.8354949951172,178.99000549316406,178.13009643554688,178.52000427246094,779755,SPCX
2026-06-15 12:32:00,178.60000610351562,179.0,178.47999572753906,178.69000244140625,877729,SPCX
2026-06-15 12:34:00,178.718994140625,179.17999267578125,178.3800048828125,178.8699951171875,888061,SPCX
2026-06-15 12:36:00,178.9709930419922,179.39999389648438,178.1999969482422,178.52999877929688,865209,SPCX
2026-06-15 12:38:00,178.52999877929688,178.6999969482422,178.00999450683594,178.5800018310547,546938,SPCX
2026-06-15 12:40:00,178.59500122070312,179.42999267578125,178.0,179.0,856078,SPCX
2026-06-15 12:42:00,179.0500030517578,179.1999969482422,178.57000732421875,178.74600219726562,653511,SPCX
2026-06-15 12:44:00,178.8000030517578,178.8000030517578,177.5399932861328,177.64999389648438,806447,SPCX
2026-06-15 12:46:00,177.6699981689453,177.75999450683594,177.0,177.60910034179688,715356,SPCX
2026-06-15 12:48:00,177.57000732421875,178.07000732421875,177.48880004882812,177.97500610351562,483219,SPCX
2026-06-15 12:50:00,178.0,178.87989807128906,177.72999572753906,178.77000427246094,788411,SPCX
2026-06-15 12:52:00,178.77000427246094,178.89999389648438,177.9499969482422,178.7803955078125,547272,SPCX
2026-06-15 12:54:00,178.75999450683594,179.33999633789062,178.52000427246094,179.30999755859375,770451,SPCX
2026-06-15 12:56:00,179.281005859375,179.5,179.11000061035156,179.22999572753906,783097,SPCX
2026-06-15 12:58:00,179.3000030517578,179.5,179.14999389648438,179.29989624023438,615111,SPCX
2026-06-15 13:00:00,179.27000427246094,179.8000030517578,179.0,179.69500732421875,752071,SPCX
2026-06-15 13:02:00,179.69000244140625,179.99000549316406,179.5,179.9600067138672,1103085,SPCX
2026-06-15 13:04:00,179.97000122070312,181.8300018310547,179.91000366210938,181.6100006103516,2787789,SPCX
2026-06-15 13:06:00,181.6199951171875,182.44000244140625,181.1999969482422,182.0500030517578,1375965,SPCX
2026-06-15 13:08:00,182.17999267578125,182.7100067138672,181.8500061035156,182.6219940185547,1223996,SPCX
2026-06-15 13:10:00,182.63999938964844,184.44000244140625,182.5,183.1199951171875,1935986,SPCX
2026-06-15 13:12:00,183.0599975585937,183.5800018310547,181.6699981689453,181.6699981689453,1501024,SPCX
2026-06-15 13:14:00,181.67999267578125,182.1499938964844,181.3000030517578,181.9949951171875,1024292,SPCX
2026-06-15 13:16:00,182.0200042724609,182.6100006103516,181.0,181.94500732421875,1103393,SPCX
2026-06-15 13:18:00,181.94500732421875,181.9492950439453,181.0,181.3099975585937,611033,SPCX
2026-06-15 13:20:00,181.35989379882807,181.57000732421875,180.57130432128903,181.2310028076172,762272,SPCX
2026-06-15 13:22:00,181.27999877929688,182.0,181.03970336914065,181.7100067138672,855619,SPCX
2026-06-15 13:24:00,181.77999877929688,182.6999969482422,181.5399932861328,182.33999633789065,1021726,SPCX
2026-06-15 13:26:00,182.3249969482422,182.8999938964844,182.08999633789065,182.11720275878903,772073,SPCX
2026-06-15 13:28:00,182.07000732421875,183.7700042724609,182.04150390625,183.3350067138672,1114760,SPCX
2026-06-15 13:30:00,183.32000732421875,183.9499969482422,183.22000122070312,183.6849975585937,857293,SPCX
2026-06-15 13:32:00,183.69000244140625,183.7400054931641,182.7899932861328,182.84500122070312,768028,SPCX
2026-06-15 13:34:00,182.88999938964844,183.97000122070312,182.8365020751953,183.7899932861328,595518,SPCX
2026-06-15 13:36:00,183.8000030517578,183.97000122070312,183.19000244140625,183.759994506836,644469,SPCX
2026-06-15 13:38:00,183.763900756836,184.69000244140625,183.509994506836,184.3999938964844,1059101,SPCX
2026-06-15 13:40:00,184.3999938964844,184.58999633789065,183.8300018310547,184.259994506836,741981,SPCX
2026-06-15 13:42:00,184.33999633789065,184.6699981689453,184.1000061035156,184.3000030517578,598597,SPCX
2026-06-15 13:44:00,184.30499267578125,184.82000732421875,184.0,184.7700042724609,676686,SPCX
2026-06-15 13:46:00,184.77999877929688,185.7899932861328,184.5500030517578,185.7570037841797,1567555,SPCX
2026-06-15 13:48:00,185.7899932861328,186.6600036621093,185.12489318847656,185.3000030517578,1415885,SPCX
2026-06-15 13:50:00,185.2700042724609,186.89990234375,185.0,186.25,893647,SPCX
2026-06-15 13:52:00,186.22000122070312,186.7400054931641,185.8999938964844,186.1000061035156,1093039,SPCX
2026-06-15 13:54:00,186.1000061035156,186.77999877929688,185.5,186.59500122070312,1345130,SPCX
2026-06-15 13:56:00,186.6649932861328,186.75,186.0,186.4199981689453,847830,SPCX
2026-06-15 13:58:00,186.44000244140625,188.4900054931641,186.13999938964844,188.409896850586,1526837,SPCX
2026-06-15 14:00:00,188.384994506836,188.8000030517578,187.8999938964844,188.2700042724609,1297898,SPCX
2026-06-15 14:02:00,188.33999633789065,188.6699981689453,186.2400054931641,186.91909790039065,1364183,SPCX
2026-06-15 14:04:00,186.8999938964844,187.0,184.6000061035156,184.6450042724609,1655568,SPCX
2026-06-15 14:06:00,184.6450042724609,184.78990173339844,182.3300018310547,182.4499969482422,1679690,SPCX
2026-06-15 14:08:00,182.36900329589844,183.9900054931641,182.3099975585937,183.875,1339092,SPCX
2026-06-15 14:10:00,183.8699951171875,184.47999572753903,183.32000732421875,183.83999633789065,1019741,SPCX
2026-06-15 14:12:00,183.92999267578125,184.3699951171875,183.3099975585937,183.889892578125,592821,SPCX
2026-06-15 14:14:00,183.8000030517578,184.83999633789065,182.88999938964844,184.83999633789065,851934,SPCX
2026-06-15 14:16:00,184.8300018310547,185.38999938964844,184.69000244140625,184.97000122070312,920631,SPCX
2026-06-15 14:18:00,184.97000122070312,185.1999969482422,184.3500061035156,184.75,545407,SPCX
2026-06-15 14:20:00,184.75,185.63999938964844,184.4100036621093,185.5,664956,SPCX
2026-06-15 14:22:00,185.5,185.5500030517578,184.75,185.0529937744141,701089,SPCX
2026-06-15 14:24:00,185.0599975585937,185.7700042724609,184.7400054931641,185.134994506836,589088,SPCX
2026-06-15 14:26:00,185.134994506836,185.69000244140625,184.7899932861328,185.39990234375,607523,SPCX
2026-06-15 14:28:00,185.38999938964844,186.42999267578125,185.125,186.10330200195312,735039,SPCX
2026-06-15 14:30:00,186.134994506836,186.5800018310547,185.97999572753903,186.3500061035156,648986,SPCX
2026-06-15 14:32:00,186.3800048828125,187.27999877929688,186.259994506836,187.2250061035156,849019,SPCX
2026-06-15 14:34:00,187.26919555664065,187.44000244140625,186.6999969482422,187.34410095214844,642171,SPCX
2026-06-15 14:36:00,187.3999938964844,187.6499938964844,185.6100006103516,185.94000244140625,993786,SPCX
2026-06-15 14:38:00,186.0180053710937,186.3800048828125,185.69000244140625,185.89700317382807,577110,SPCX
2026-06-15 14:40:00,185.875,187.0,185.6100006103516,186.6201019287109,789433,SPCX
2026-06-15 14:42:00,186.7899932861328,187.0,186.256103515625,186.5249938964844,466353,SPCX
2026-06-15 14:44:00,186.5249938964844,186.5269012451172,185.08999633789065,185.8000030517578,682936,SPCX
2026-06-15 14:46:00,185.7850036621093,187.3500061035156,185.2140045166016,187.3500061035156,779109,SPCX
2026-06-15 14:48:00,187.2949981689453,187.8699951171875,186.8000030517578,187.0500030517578,837372,SPCX
2026-06-15 14:50:00,187.10499572753903,187.509994506836,187.0200042724609,187.3099975585937,572911,SPCX
2026-06-15 14:52:00,187.3074951171875,187.4499969482422,186.1499938964844,186.98280334472656,590944,SPCX
2026-06-15 14:54:00,187.009994506836,187.1999969482422,186.2032012939453,186.8000030517578,456638,SPCX
2026-06-15 14:56:00,186.759994506836,187.0,186.3177947998047,186.94000244140625,401972,SPCX
2026-06-15 14:58:00,186.9499969482422,187.3999938964844,186.7593994140625,187.33999633789065,561524,SPCX
2026-06-15 15:00:00,187.3699951171875,187.5500030517578,186.8800048828125,187.5,601776,SPCX
2026-06-15 15:02:00,187.4727935791016,187.67999267578125,186.8999938964844,187.42999267578125,592208,SPCX
2026-06-15 15:04:00,187.4250030517578,187.8000030517578,186.8500061035156,187.7400054931641,623383,SPCX
2026-06-15 15:06:00,187.7400054931641,187.8600006103516,185.5500030517578,185.85769653320312,1030688,SPCX
2026-06-15 15:08:00,185.8300018310547,185.9600067138672,185.3000030517578,185.80349731445312,646911,SPCX
2026-06-15 15:10:00,185.7749938964844,185.8699951171875,184.6999969482422,185.1450042724609,852278,SPCX
2026-06-15 15:12:00,185.1699981689453,185.5,183.13999938964844,183.44500732421875,980002,SPCX
2026-06-15 15:14:00,183.5500030517578,184.1300048828125,183.33999633789065,183.5599975585937,930248,SPCX
2026-06-15 15:16:00,183.63999938964844,184.4199981689453,182.8000030517578,183.6600036621093,1061114,SPCX
2026-06-15 15:18:00,183.6649932861328,183.9499969482422,182.5,183.3300018310547,752712,SPCX
2026-06-15 15:20:00,183.3300018310547,183.6000061035156,182.509994506836,183.0,669033,SPCX
2026-06-15 15:22:00,182.97999572753903,183.47999572753903,181.57000732421875,181.656005859375,1197516,SPCX
2026-06-15 15:24:00,181.6300048828125,182.851303100586,181.5399932861328,182.25,817349,SPCX
2026-06-15 15:26:00,182.13999938964844,183.0,181.6499938964844,182.27999877929688,864693,SPCX
2026-06-15 15:28:00,182.3249969482422,183.5,182.27999877929688,183.3999938964844,837866,SPCX
2026-06-15 15:30:00,183.4349975585937,183.8999938964844,183.0500030517578,183.8498992919922,678505,SPCX
2026-06-15 15:32:00,183.8000030517578,184.44000244140625,183.259994506836,183.5200042724609,648737,SPCX
2026-06-15 15:34:00,183.5599975585937,184.9600067138672,183.27999877929688,183.80499267578125,995922,SPCX
2026-06-15 15:36:00,183.77999877929688,184.19000244140625,182.52999877929688,182.5599975585937,899699,SPCX
2026-06-15 15:38:00,182.5200042724609,184.5,182.3000030517578,184.259994506836,834049,SPCX
2026-06-15 15:40:00,184.3249969482422,185.5599975585937,183.8249969482422,185.5,1081363,SPCX
2026-06-15 15:42:00,185.5599975585937,187.5,185.2700042724609,187.42999267578125,1291204,SPCX
2026-06-15 15:44:00,187.42999267578125,188.67999267578125,187.1600036621093,188.6100006103516,1535141,SPCX
2026-06-15 15:46:00,188.60499572753903,189.2899932861328,188.3000030517578,188.94500732421875,1709179,SPCX
2026-06-15 15:48:00,188.9600067138672,189.13999938964844,187.75,189.1000061035156,1258136,SPCX
2026-06-15 15:50:00,189.0101013183593,189.69000244140625,188.0,189.69000244140625,1584378,SPCX
2026-06-15 15:52:00,189.6699981689453,190.97999572753903,188.6199951171875,189.00010681152344,3022641,SPCX
2026-06-15 15:54:00,189.13999938964844,191.0,188.9100952148437,190.97999572753903,2089048,SPCX
2026-06-15 15:56:00,190.97999572753903,192.6150054931641,190.22999572753903,192.5500030517578,2775473,SPCX
2026-06-15 15:58:00,192.6100006103516,192.9499969482422,191.84669494628903,192.4349975585937,3503157,SPCX
2026-06-16 09:30:00,200.42030334472656,212.009994506836,200.0,211.125,43886818,SPCX
2026-06-16 09:32:00,210.9499969482422,211.3000030517578,203.6199951171875,205.22000122070312,5008070,SPCX
2026-06-16 09:34:00,205.5399932861328,210.0500030517578,205.0599975585937,209.8800048828125,4226400,SPCX
2026-06-16 09:36:00,209.9199981689453,210.009994506836,206.47000122070312,207.47000122070312,3655247,SPCX
2026-06-16 09:38:00,207.72999572753903,208.7700042724609,207.0,207.9100036621093,2547324,SPCX
2026-06-16 09:40:00,207.5399932861328,211.83999633789065,207.3099975585937,211.6699981689453,3366485,SPCX
2026-06-16 09:42:00,211.6100006103516,214.3999938964844,210.5,212.009994506836,4398326,SPCX
2026-06-16 09:44:00,212.10499572753903,212.83999633789065,209.6600036621093,210.4199981689453,3389970,SPCX
2026-06-16 09:46:00,210.4199981689453,216.3000030517578,210.1100006103516,215.8099975585937,4011053,SPCX
2026-06-16 09:48:00,215.8699951171875,218.3500061035156,215.32000732421875,216.2250061035156,3753563,SPCX
2026-06-16 09:50:00,216.3099975585937,218.3300018310547,215.1499938964844,217.9900054931641,3075071,SPCX
2026-06-16 09:52:00,217.5290069580078,219.49989318847656,216.2200927734375,217.9750061035156,2846016,SPCX
2026-06-16 09:54:00,217.9149932861328,220.0200042724609,217.8999938964844,219.0,3903477,SPCX
2026-06-16 09:56:00,218.94000244140625,219.6999969482422,216.8000030517578,217.6600036621093,2759937,SPCX
2026-06-16 09:58:00,217.6600036621093,220.0,217.33360290527344,219.0,2923509,SPCX
2026-06-16 10:00:00,218.8099975585937,223.8500061035156,218.3099975585937,222.8999938964844,3892490,SPCX
2026-06-16 10:02:00,222.88999938964844,225.63999938964844,222.0800018310547,223.55499267578125,4276019,SPCX
2026-06-16 10:04:00,223.5500030517578,224.97000122070312,219.009994506836,219.009994506836,3717515,SPCX
2026-06-16 10:06:00,219.009994506836,219.9900054931641,216.009994506836,218.822494506836,4275325,SPCX
2026-06-16 10:08:00,218.9499969482422,221.4900054931641,218.5,219.60499572753903,2780027,SPCX
2026-06-16 10:10:00,219.57000732421875,220.13999938964844,216.10499572753903,216.1999969482422,2855168,SPCX
2026-06-16 10:12:00,216.2539978027344,216.5800018310547,214.0,215.8099975585937,3534505,SPCX
2026-06-16 10:14:00,215.6999969482422,218.0,215.5800018310547,217.8300018310547,1817166,SPCX
2026-06-16 10:16:00,217.82000732421875,217.97999572753903,213.0,213.2400054931641,2925892,SPCX
2026-06-16 10:18:00,213.27999877929688,214.6999969482422,212.5500030517578,214.1100006103516,2059293,SPCX
2026-06-16 10:20:00,214.1000061035156,215.0,212.1199951171875,212.384994506836,2414191,SPCX
2026-06-16 10:22:00,212.384994506836,212.384994506836,207.5,209.46780395507807,5136876,SPCX
2026-06-16 10:24:00,209.4199981689453,212.4900054931641,208.6600036621093,212.3699951171875,2392989,SPCX
2026-06-16 10:26:00,212.3099975585937,212.4600067138672,209.6300048828125,211.8300018310547,1792634,SPCX
2026-06-16 10:28:00,211.7700042724609,212.69000244140625,208.44009399414065,209.58999633789065,2061109,SPCX
2026-06-16 10:30:00,209.5599975585937,209.6999969482422,205.1100006103516,205.7899932861328,3016338,SPCX
2026-06-16 10:32:00,205.9199981689453,208.5998992919922,205.0,208.2899932861328,2182134,SPCX
2026-06-16 10:34:00,208.2700042724609,209.9499053955078,205.4593963623047,205.759994506836,2117377,SPCX
2026-06-16 10:36:00,205.759994506836,207.7400054931641,204.1000061035156,207.72999572753903,2927579,SPCX
2026-06-16 10:38:00,207.6999969482422,209.8999938964844,206.3950042724609,209.8800048828125,1544619,SPCX
2026-06-16 10:40:00,209.88999938964844,210.6300048828125,208.60009765625,208.72999572753903,1815430,SPCX
2026-06-16 10:42:00,208.72999572753903,209.4550018310547,206.4100036621093,207.44000244140625,1442385,SPCX
2026-06-16 10:44:00,207.22999572753903,207.9900054931641,205.38340759277344,207.0500030517578,1423576,SPCX
2026-06-16 10:46:00,207.04010009765625,209.22000122070312,207.04010009765625,208.75,1104026,SPCX
2026-06-16 10:48:00,208.759994506836,209.8500061035156,208.5500030517578,209.5850067138672,1243060,SPCX
2026-06-16 10:50:00,209.5850067138672,212.5,209.4199981689453,211.72000122070312,2021895,SPCX
2026-06-16 10:52:00,211.88999938964844,213.1199951171875,211.009994506836,211.4949951171875,1724586,SPCX
2026-06-16 10:54:00,211.5,211.6600036621093,207.7400054931641,208.8000946044922,1822272,SPCX
2026-06-16 10:56:00,208.8999938964844,210.47999572753903,208.42999267578125,210.07000732421875,1029814,SPCX
2026-06-16 10:58:00,210.19000244140625,210.82000732421875,207.0,207.7550048828125,1353329,SPCX
2026-06-16 11:00:00,207.8699951171875,208.9499969482422,206.6000061035156,207.5850067138672,1413817,SPCX
2026-06-16 11:02:00,207.5850067138672,207.9598999023437,206.0500030517578,207.4600067138672,1114932,SPCX
2026-06-16 11:04:00,207.5,208.27999877929688,206.3300018310547,208.0599975585937,1090663,SPCX
2026-06-16 11:06:00,208.0500030517578,208.7700042724609,207.33999633789065,208.21499633789065,856693,SPCX
2026-06-16 11:08:00,208.2100067138672,210.44000244140625,208.0,210.17999267578125,1227118,SPCX
2026-06-16 11:10:00,210.17999267578125,210.83999633789065,209.6300048828125,210.44500732421875,1135289,SPCX
2026-06-16 11:12:00,210.5099029541016,210.8099975585937,208.1000061035156,208.3999938964844,1213686,SPCX
2026-06-16 11:14:00,208.4418029785156,210.5189971923828,208.1000061035156,210.4750061035156,763214,SPCX
2026-06-16 11:16:00,210.4199981689453,211.32000732421875,210.2200927734375,210.3099975585937,1090114,SPCX
2026-06-16 11:18:00,210.33999633789065,210.52999877929688,208.4199981689453,209.6000061035156,979407,SPCX
2026-06-16 11:20:00,209.6000061035156,211.4900054931641,209.33999633789065,211.22000122070312,891747,SPCX
2026-06-16 11:22:00,211.26499938964844,211.6600036621093,210.1600036621093,210.8999938964844,873132,SPCX
2026-06-16 11:24:00,210.8999938964844,212.3000030517578,210.4100036621093,211.4907073974609,1193243,SPCX
2026-06-16 11:26:00,211.6600036621093,213.0,211.1999969482422,211.4199981689453,1291308,SPCX
2026-06-16 11:28:00,211.4125061035156,211.8498992919922,210.19000244140625,211.1199951171875,933340,SPCX
2026-06-16 11:30:00,211.15499877929688,212.8999938964844,210.83999633789065,212.7884063720703,997760,SPCX
2026-06-16 11:32:00,212.88999938964844,214.5,212.72000122070312,214.39930725097656,1545890,SPCX
2026-06-16 11:34:00,214.3999938964844,214.759994506836,213.6000061035156,214.3303985595703,1080826,SPCX
2026-06-16 11:36:00,214.2949981689453,214.3600006103516,212.6100006103516,213.0200042724609,1062574,SPCX
2026-06-16 11:38:00,213.2100067138672,213.9900054931641,210.6999969482422,210.90499877929688,1158063,SPCX
2026-06-16 11:40:00,210.8800048828125,211.1999969482422,209.139892578125,210.08059692382807,1368728,SPCX
2026-06-16 11:42:00,210.08990478515625,210.4900054931641,209.08999633789065,210.0283966064453,765625,SPCX
2026-06-16 11:44:00,210.1199951171875,210.7700042724609,208.75,209.1199951171875,983482,SPCX
2026-06-16 11:46:00,209.1300048828125,209.75,207.30099487304688,208.43960571289065,1211924,SPCX
2026-06-16 11:48:00,208.4199981689453,210.1999969482422,208.0,209.99989318847656,802302,SPCX
2026-06-16 11:50:00,209.9900054931641,210.6100006103516,209.5599975585937,210.4900054931641,665692,SPCX
2026-06-16 11:52:00,210.4149932861328,211.3500061035156,209.5800018310547,211.02999877929688,758362,SPCX
2026-06-16 11:54:00,210.8999938964844,211.97000122070312,210.8099975585937,211.20899963378903,683855,SPCX
2026-06-16 11:56:00,211.2400054931641,211.759994506836,211.13999938964844,211.6000061035156,532103,SPCX
2026-06-16 11:58:00,211.6499938964844,211.8000030517578,210.75,211.1100006103516,719577,SPCX
2026-06-16 12:00:00,211.1600036621093,212.5,210.63999938964844,211.875,882635,SPCX
2026-06-16 12:02:00,211.875,212.37989807128903,211.0599975585937,212.19000244140625,734673,SPCX
2026-06-16 12:04:00,212.259994506836,212.9499969482422,211.5,212.8000946044922,735518,SPCX
2026-06-16 12:06:00,212.92999267578125,213.9199981689453,212.6499938964844,213.5276031494141,919656,SPCX
2026-06-16 12:08:00,213.52999877929688,213.74989318847656,211.7400054931641,212.4900054931641,1009357,SPCX
2026-06-16 12:10:00,212.47000122070312,213.2550048828125,211.8999938964844,212.27999877929688,654105,SPCX
2026-06-16 12:12:00,212.27999877929688,214.57000732421875,212.1699981689453,213.5050048828125,1097388,SPCX
2026-06-16 12:14:00,213.4499969482422,214.38999938964844,212.4199981689453,214.0350036621093,875481,SPCX
2026-06-16 12:16:00,214.0350036621093,214.3800048828125,213.58999633789065,213.84500122070312,654269,SPCX
2026-06-16 12:18:00,213.8000030517578,214.99989318847656,213.6999969482422,214.8300018310547,820975,SPCX
2026-06-16 12:20:00,214.8675994873047,215.4320068359375,214.1199951171875,215.24429321289065,2005986,SPCX
2026-06-16 12:22:00,215.25210571289065,216.75,214.8999938964844,216.5,1423403,SPCX
2026-06-16 12:24:00,216.5,217.33999633789065,215.91200256347656,216.77999877929688,1352795,SPCX
2026-06-16 12:26:00,216.7700042724609,216.9398956298828,215.2700042724609,216.0500030517578,923895,SPCX
2026-06-16 12:28:00,216.17990112304688,217.3800048828125,214.67999267578125,216.55929565429688,1327669,SPCX
2026-06-16 12:30:00,216.5596923828125,216.5699005126953,213.6999969482422,215.2700042724609,1158996,SPCX
2026-06-16 12:32:00,215.1849975585937,215.75,214.1999969482422,215.2850036621093,725896,SPCX
2026-06-16 12:34:00,215.2850036621093,215.5500030517578,214.22999572753903,214.7198944091797,680573,SPCX
2026-06-16 12:36:00,214.6100006103516,214.8000030517578,214.13999938964844,214.58999633789065,546695,SPCX
2026-06-16 12:38:00,214.5,215.97999572753903,214.1000061035156,215.6699981689453,703646,SPCX
2026-06-16 12:40:00,215.6699981689453,216.8699951171875,215.3999938964844,216.3000030517578,826497,SPCX
2026-06-16 12:42:00,216.2700042724609,217.27999877929688,215.8999938964844,216.60499572753903,872814,SPCX
2026-06-16 12:44:00,216.52999877929688,216.8500061035156,215.6100006103516,216.4499969482422,745431,SPCX
2026-06-16 12:46:00,216.38999938964844,217.27999877929688,215.6199951171875,216.9750061035156,1282638,SPCX
2026-06-16 12:48:00,217.06919860839844,217.4600067138672,216.8500061035156,217.1000061035156,990796,SPCX
2026-06-16 12:50:00,217.14990234375,217.4600067138672,216.6000061035156,216.759994506836,771663,SPCX
2026-06-16 12:52:00,216.759994506836,217.3300018310547,216.1199951171875,216.2550048828125,886195,SPCX
2026-06-16 12:54:00,216.3390045166016,216.77999877929688,216.1600036621093,216.44000244140625,565489,SPCX
2026-06-16 12:56:00,216.3999938964844,216.97999572753903,216.2949981689453,216.58999633789065,495926,SPCX
2026-06-16 12:58:00,216.54010009765625,217.2400054931641,216.17999267578125,217.1999969482422,572432,SPCX
2026-06-16 13:00:00,217.22999572753903,217.4499969482422,216.6000061035156,216.9750061035156,713197,SPCX
2026-06-16 13:02:00,216.97000122070312,218.2100067138672,216.5,217.57000732421875,1249178,SPCX
2026-06-16 13:04:00,217.6100006103516,217.72999572753903,216.3000030517578,216.94000244140625,740408,SPCX
2026-06-16 13:06:00,216.9243011474609,217.47999572753903,215.6100006103516,216.21499633789065,718874,SPCX
2026-06-16 13:08:00,216.134994506836,216.259994506836,214.6412048339844,214.9850006103516,1164926,SPCX
2026-06-16 13:10:00,214.9600067138672,216.19000244140625,214.9199981689453,215.8099975585937,500572,SPCX
2026-06-16 13:12:00,215.70899963378903,216.6499938964844,215.6499938964844,215.7850036621093,521020,SPCX
2026-06-16 13:14:00,215.83990478515625,216.3498992919922,215.6999969482422,215.9199981689453,360374,SPCX
2026-06-16 13:16:00,215.9600067138672,216.759994506836,215.8074951171875,216.38999938964844,439316,SPCX
2026-06-16 13:18:00,216.38999938964844,216.8999938964844,216.1199951171875,216.6150054931641,436473,SPCX
2026-06-16 13:20:00,216.6000061035156,216.8699951171875,214.0800018310547,214.1999969482422,1049865,SPCX
2026-06-16 13:22:00,214.17300415039065,214.82000732421875,213.4199981689453,213.96499633789065,960666,SPCX
2026-06-16 13:24:00,214.0,215.5,212.7899932861328,213.4199981689453,839663,SPCX
2026-06-16 13:26:00,213.3036956787109,214.52999877929688,213.3036956787109,214.27999877929688,601273,SPCX
2026-06-16 13:28:00,214.27999877929688,214.87989807128903,213.88999938964844,214.6600036621093,528693,SPCX
2026-06-16 13:30:00,214.5200042724609,214.8300018310547,213.72000122070312,214.37510681152344,496748,SPCX
2026-06-16 13:32:00,214.6499938964844,214.7599029541016,212.6300048828125,212.88999938964844,566147,SPCX
2026-06-16 13:34:00,212.7899932861328,213.6999969482422,212.3699951171875,212.69000244140625,520133,SPCX
2026-06-16 13:36:00,212.6100006103516,212.9598999023437,211.3999938964844,212.1600036621093,825625,SPCX
2026-06-16 13:38:00,212.1699981689453,212.62989807128903,211.4199981689453,211.8784942626953,577459,SPCX
2026-06-16 13:40:00,211.7850036621093,211.98989868164065,210.6300048828125,211.4100036621093,668354,SPCX
2026-06-16 13:42:00,211.47000122070312,211.4900054931641,210.6600036621093,210.8699951171875,552842,SPCX
2026-06-16 13:44:00,210.8650054931641,211.9499969482422,210.64010620117188,211.8999938964844,531603,SPCX
2026-06-16 13:46:00,211.8300018310547,212.77999877929688,211.6199951171875,212.0399932861328,689197,SPCX
2026-06-16 13:48:00,212.0399932861328,213.38999938964844,212.0399932861328,212.84500122070312,546583,SPCX
2026-06-16 13:50:00,212.88800048828125,213.3999938964844,212.27999877929688,213.17999267578125,461887,SPCX
2026-06-16 13:52:00,213.1699981689453,213.4900054931641,211.6103057861328,212.6699981689453,579928,SPCX
2026-06-16 13:54:00,212.6699981689453,213.0,211.08999633789065,211.6499938964844,490591,SPCX
2026-06-16 13:56:00,211.6600036621093,212.3500061035156,211.47000122070312,212.0800018310547,448925,SPCX
2026-06-16 13:58:00,212.3000030517578,212.4058990478516,211.4900054931641,211.7899932861328,396231,SPCX
2026-06-16 14:00:00,211.6199951171875,211.8000030517578,210.6999969482422,211.6750030517578,641344,SPCX
2026-06-16 14:02:00,211.61819458007807,212.659896850586,210.75,211.9799041748047,722355,SPCX
2026-06-16 14:04:00,211.9640045166016,212.62989807128903,211.509994506836,212.4499969482422,630176,SPCX
2026-06-16 14:06:00,212.4499969482422,213.3500061035156,212.1999969482422,213.2350006103516,553674,SPCX
2026-06-16 14:08:00,213.1907958984375,213.5,212.9001007080078,213.1600036621093,433322,SPCX
2026-06-16 14:10:00,213.1499938964844,214.15969848632807,213.1199951171875,213.76499938964844,528141,SPCX
2026-06-16 14:12:00,213.6999969482422,214.6000061035156,213.5,214.44000244140625,752495,SPCX
2026-06-16 14:14:00,214.4900054931641,214.5800018310547,213.2100982666016,213.78700256347656,441676,SPCX
2026-06-16 14:16:00,213.7350006103516,214.52999877929688,213.3800048828125,214.4149932861328,432024,SPCX
2026-06-16 14:18:00,214.4149932861328,214.8000030517578,214.0,214.5200042724609,485921,SPCX
2026-06-16 14:20:00,214.5249938964844,214.6699981689453,212.67999267578125,212.82229614257807,738933,SPCX
2026-06-16 14:22:00,212.7700042724609,213.1999969482422,212.72000122070312,212.8000030517578,241606,SPCX
2026-06-16 14:24:00,212.8386993408203,213.0800018310547,212.3000030517578,213.0200042724609,420824,SPCX
2026-06-16 14:26:00,213.0200042724609,213.4600067138672,213.009994506836,213.33999633789065,329751,SPCX
2026-06-16 14:28:00,213.34500122070312,213.3999938964844,212.33009338378903,212.9149932861328,562967,SPCX
2026-06-16 14:30:00,212.8699951171875,212.9349975585937,212.0500030517578,212.2250061035156,426666,SPCX
2026-06-16 14:32:00,212.1999969482422,212.6600036621093,211.7301025390625,211.9550018310547,512494,SPCX
2026-06-16 14:34:00,212.0,212.14990234375,210.82000732421875,211.1199951171875,586621,SPCX
2026-06-16 14:36:00,211.0,211.3300018310547,209.009994506836,209.0292053222656,1675263,SPCX
2026-06-16 14:38:00,209.06350708007807,210.0,208.9499969482422,209.67999267578125,700314,SPCX
2026-06-16 14:40:00,209.6849975585937,209.7400054931641,209.1699981689453,209.69000244140625,437634,SPCX
2026-06-16 14:42:00,209.67999267578125,210.57000732421875,209.3099975585937,209.6000061035156,668934,SPCX
2026-06-16 14:44:00,209.6000061035156,210.0350036621093,209.509994506836,209.75,547233,SPCX
2026-06-16 14:46:00,209.75,210.0,209.5,209.6150054931641,417284,SPCX
2026-06-16 14:48:00,209.6150054931641,209.6999969482422,208.4300994873047,208.8000030517578,860262,SPCX
2026-06-16 14:50:00,208.8249969482422,209.08999633789065,208.3600006103516,208.6300048828125,525893,SPCX
2026-06-16 14:52:00,208.6450042724609,208.9600067138672,208.3300018310547,208.5749969482422,549626,SPCX
2026-06-16 14:54:00,208.6390075683593,208.9199981689453,208.3000030517578,208.46180725097656,394850,SPCX
2026-06-16 14:56:00,208.4676055908203,209.75,207.7100067138672,209.37440490722656,1475808,SPCX
2026-06-16 14:58:00,209.3600006103516,209.6499938964844,208.3099975585937,208.6100006103516,547738,SPCX
2026-06-16 15:00:00,208.60499572753903,209.38999938964844,208.13009643554688,208.2749938964844,571685,SPCX
2026-06-16 15:02:00,208.2749938964844,208.72000122070312,207.1100006103516,207.1999969482422,757649,SPCX
2026-06-16 15:04:00,207.22000122070312,207.69000244140625,206.6000061035156,206.9349975585937,899104,SPCX
2026-06-16 15:06:00,206.9199981689453,207.07000732421875,205.5599975585937,206.9199981689453,1362250,SPCX
2026-06-16 15:08:00,206.88999938964844,207.67999267578125,205.2899932861328,205.2899932861328,976965,SPCX
2026-06-16 15:10:00,205.2700042724609,205.63999938964844,201.5,201.8650054931641,2906119,SPCX
2026-06-16 15:12:00,201.9100036621093,203.58999633789065,201.1499938964844,203.1750030517578,1411234,SPCX
2026-06-16 15:14:00,203.22999572753903,204.6199951171875,202.17999267578125,202.2100067138672,998689,SPCX
2026-06-16 15:16:00,202.3099975585937,203.22000122070312,201.5500030517578,201.8800048828125,1209129,SPCX
2026-06-16 15:18:00,201.8800048828125,202.57899475097656,200.8699951171875,201.69000244140625,1246831,SPCX
2026-06-16 15:20:00,201.7100067138672,202.2400054931641,200.7100067138672,201.2400054931641,1123537,SPCX
2026-06-16 15:22:00,201.1199951171875,203.1699981689453,200.94000244140625,201.5,852186,SPCX
2026-06-16 15:24:00,201.5,203.7198944091797,201.1999969482422,203.7198944091797,875329,SPCX
2026-06-16 15:26:00,203.7100067138672,204.3600006103516,203.1600036621093,203.6450042724609,1028855,SPCX
2026-06-16 15:28:00,203.6450042724609,204.5,203.3000030517578,204.0500030517578,704631,SPCX
2026-06-16 15:30:00,204.0599975585937,204.5800018310547,203.57000732421875,203.90499877929688,740795,SPCX
2026-06-16 15:32:00,203.90499877929688,204.32000732421875,203.5399932861328,204.1750030517578,713608,SPCX
2026-06-16 15:34:00,204.08999633789065,204.13999938964844,200.75,200.97000122070312,1599594,SPCX
2026-06-16 15:36:00,200.97999572753903,201.5800018310547,200.6000061035156,200.97000122070312,1258663,SPCX
2026-06-16 15:38:00,200.96499633789065,201.25,199.47999572753903,200.38999938964844,4693398,SPCX
2026-06-16 15:40:00,200.3999938964844,201.25,199.5500030517578,199.5709991455078,1462903,SPCX
2026-06-16 15:42:00,199.6540069580078,200.13999938964844,196.759994506836,197.3498992919922,2529638,SPCX
2026-06-16 15:44:00,197.3500061035156,199.19000244140625,197.1000061035156,198.10499572753903,1391221,SPCX
2026-06-16 15:46:00,198.2100067138672,198.2100067138672,195.76220703125,196.6000061035156,1684088,SPCX
2026-06-16 15:48:00,196.6999969482422,197.8000030517578,196.02999877929688,196.87469482421875,1256104,SPCX
2026-06-16 15:50:00,196.9499969482422,196.9900054931641,195.1300048828125,195.77999877929688,1773942,SPCX
2026-06-16 15:52:00,195.759994506836,198.84469604492188,195.75,197.875,1958284,SPCX
2026-06-16 15:54:00,197.84500122070312,199.6300048828125,195.6199951171875,199.3800048828125,1923217,SPCX
2026-06-16 15:56:00,199.3800048828125,200.97999572753903,199.22999572753903,200.87109375,2066731,SPCX
2026-06-16 15:58:00,200.8300018310547,202.08999633789065,200.42999267578125,202.0,2891548,SPCX
2026-06-17 09:30:00,209.8249969482422,213.7998962402344,209.1300048828125,212.5,19213734,SPCX
2026-06-17 09:32:00,212.4544982910156,213.759994506836,207.6999969482422,210.3000030517578,3387958,SPCX
2026-06-17 09:34:00,210.2100067138672,210.7799072265625,206.6300048828125,208.08999633789065,2356370,SPCX
2026-06-17 09:36:00,208.125,209.0,206.47999572753903,207.6999969482422,1905195,SPCX
2026-06-17 09:38:00,207.759994506836,207.8000030517578,205.3000030517578,205.8249969482422,1971164,SPCX
2026-06-17 09:40:00,205.6000061035156,207.6600036621093,204.3500061035156,207.56900024414065,2201466,SPCX
2026-06-17 09:42:00,207.6499938964844,208.0,206.1999969482422,207.5,1198915,SPCX
2026-06-17 09:44:00,207.57000732421875,207.75,204.5,204.9499969482422,1655694,SPCX
2026-06-17 09:46:00,204.8665008544922,205.7899932861328,204.2496032714844,204.25,1158237,SPCX
2026-06-17 09:48:00,204.24850463867188,204.5599975585937,202.22000122070312,203.2050018310547,2002347,SPCX
2026-06-17 09:50:00,203.2579040527344,203.99989318847656,202.3300018310547,203.3800048828125,1381480,SPCX
2026-06-17 09:52:00,203.1309051513672,204.47999572753903,202.22000122070312,203.82000732421875,1213927,SPCX
2026-06-17 09:54:00,203.82000732421875,204.88999938964844,201.8099975585937,202.0749969482422,1920958,SPCX
2026-06-17 09:56:00,202.0500030517578,202.23989868164065,199.7899932861328,200.1199951171875,3995164,SPCX
2026-06-17 09:58:00,200.1600036621093,201.19000244140625,196.1999969482422,197.3000030517578,3680365,SPCX
2026-06-17 10:00:00,197.2400054931641,198.3300018310547,195.3300018310547,197.47000122070312,2853014,SPCX
2026-06-17 10:02:00,197.47000122070312,197.47000122070312,195.3500061035156,196.0991058349609,1969509,SPCX
2026-06-17 10:04:00,196.4600067138672,196.6300048828125,192.5,194.0998992919922,3549923,SPCX
2026-06-17 10:06:00,194.06260681152344,197.3800048828125,193.9528961181641,197.19000244140625,2224863,SPCX
2026-06-17 10:08:00,197.3800048828125,197.3800048828125,193.2899932861328,195.2098999023437,1977252,SPCX
2026-06-17 10:10:00,195.1000061035156,196.2400054931641,193.1999969482422,194.6100006103516,1534271,SPCX
2026-06-17 10:12:00,194.63999938964844,197.9900054931641,194.0,197.8000030517578,1677215,SPCX
2026-06-17 10:14:00,197.7449951171875,198.0,196.75,197.0800018310547,1734803,SPCX
2026-06-17 10:16:00,196.8600006103516,197.75,195.67999267578125,196.0,1156273,SPCX
2026-06-17 10:18:00,196.0,197.23989868164065,195.4499969482422,196.2749938964844,994082,SPCX
2026-06-17 10:20:00,196.3099975585937,199.6999969482422,196.3099975585937,199.3800048828125,1920065,SPCX
2026-06-17 10:22:00,199.4199981689453,199.42990112304688,196.5,198.09500122070312,1109450,SPCX
2026-06-17 10:24:00,198.18899536132807,199.8699951171875,198.009994506836,199.47999572753903,1112875,SPCX
2026-06-17 10:26:00,199.3401031494141,199.72999572753903,197.259994506836,198.1100006103516,1384706,SPCX
2026-06-17 10:28:00,198.1000061035156,198.36990356445312,195.83999633789065,196.82009887695312,1284354,SPCX
2026-06-17 10:30:00,196.7037048339844,197.8999938964844,196.0,196.5350036621093,979231,SPCX
2026-06-17 10:32:00,196.5350036621093,196.83999633789065,195.0200042724609,195.55499267578125,1018763,SPCX
2026-06-17 10:34:00,195.6600036621093,196.1300048828125,195.10009765625,195.6390075683593,869182,SPCX
2026-06-17 10:36:00,195.781005859375,195.92999267578125,193.75,195.35499572753903,1584426,SPCX
2026-06-17 10:38:00,195.3099975585937,196.17999267578125,194.6999969482422,195.3999938964844,898848,SPCX
2026-06-17 10:40:00,195.42999267578125,195.58999633789065,194.3448944091797,195.1199951171875,818786,SPCX
2026-06-17 10:42:00,195.2100067138672,196.52999877929688,194.75,195.47000122070312,936509,SPCX
2026-06-17 10:44:00,195.4781036376953,195.6499938964844,193.1999969482422,194.25,1421911,SPCX
2026-06-17 10:46:00,194.25,194.506103515625,190.7100067138672,190.8836975097656,2185205,SPCX
2026-06-17 10:48:00,190.884994506836,192.0,190.509994506836,191.8600006103516,1837507,SPCX
2026-06-17 10:50:00,191.79849243164065,193.32989501953125,191.79849243164065,193.19000244140625,1091823,SPCX
2026-06-17 10:52:00,193.10499572753903,193.9900054931641,192.4501037597656,193.3600006103516,1108398,SPCX
2026-06-17 10:54:00,193.22999572753903,193.8699951171875,192.5601043701172,192.7514038085937,804353,SPCX
2026-06-17 10:56:00,192.8099060058593,193.41360473632807,192.3000030517578,192.82009887695312,680769,SPCX
2026-06-17 10:58:00,192.97999572753903,193.69000244140625,192.57000732421875,193.59500122070312,650983,SPCX
2026-06-17 11:00:00,193.59500122070312,193.6999969482422,191.5800018310547,191.6699981689453,864589,SPCX
2026-06-17 11:02:00,191.72999572753903,192.33999633789065,191.22000122070312,191.6199951171875,785277,SPCX
2026-06-17 11:04:00,191.6150054931641,191.8000030517578,190.5,191.3999938964844,1160294,SPCX
2026-06-17 11:06:00,191.35499572753903,191.36099243164065,188.610107421875,189.4750061035156,2982357,SPCX
2026-06-17 11:08:00,189.4750061035156,190.3300018310547,188.88009643554688,189.88999938964844,1397788,SPCX
2026-06-17 11:10:00,189.89010620117188,190.17999267578125,188.1499938964844,188.1999969482422,1415893,SPCX
2026-06-17 11:12:00,188.2100067138672,188.97999572753903,187.009994506836,188.7899932861328,2306260,SPCX
2026-06-17 11:14:00,188.9499969482422,190.3099975585937,188.6499938964844,189.8800048828125,1337188,SPCX
2026-06-17 11:16:00,189.8800048828125,190.44000244140625,189.6000061035156,190.02999877929688,894177,SPCX
2026-06-17 11:18:00,190.10499572753903,191.4199981689453,189.97000122070312,190.5989990234375,1074963,SPCX
2026-06-17 11:20:00,190.6300048828125,191.5,190.3300018310547,190.6699981689453,867859,SPCX
2026-06-17 11:22:00,190.6999969482422,190.9499969482422,189.19000244140625,189.5599975585937,986825,SPCX
2026-06-17 11:24:00,189.5751037597656,191.24989318847656,189.509994506836,190.2949981689453,1202456,SPCX
2026-06-17 11:26:00,190.2100067138672,190.4394073486328,188.7449951171875,189.4750061035156,944323,SPCX
2026-06-17 11:28:00,189.5599975585937,191.32989501953125,189.0,190.42999267578125,879239,SPCX
2026-06-17 11:30:00,190.4100036621093,192.4199981689453,190.33999633789065,192.2100067138672,1033808,SPCX
2026-06-17 11:32:00,192.2250061035156,193.97999572753903,191.77999877929688,193.47999572753903,1443173,SPCX
2026-06-17 11:34:00,193.4886932373047,193.5,191.7700042724609,192.3500061035156,889896,SPCX
2026-06-17 11:36:00,192.31500244140625,193.9499969482422,192.25,193.8800048828125,593821,SPCX
2026-06-17 11:38:00,193.83999633789065,194.6100006103516,193.8101043701172,194.509994506836,983181,SPCX
2026-06-17 11:40:00,194.5,194.9900054931641,193.3000030517578,194.0800018310547,1735912,SPCX
2026-06-17 11:42:00,194.0599975585937,194.57000732421875,193.3600006103516,193.5,606435,SPCX
2026-06-17 11:44:00,193.6100006103516,194.3600006103516,192.6199951171875,192.9199981689453,730673,SPCX
2026-06-17 11:46:00,192.9199981689453,193.8300018310547,192.67999267578125,193.6600036621093,492351,SPCX
2026-06-17 11:48:00,193.69500732421875,194.3600006103516,193.54010009765625,194.1499938964844,598806,SPCX
2026-06-17 11:50:00,194.11099243164065,194.28700256347656,193.6699981689453,193.8894958496093,546330,SPCX
2026-06-17 11:52:00,193.8249969482422,194.6199951171875,193.6600036621093,194.0299072265625,608363,SPCX
2026-06-17 11:54:00,193.9900054931641,195.13999938964844,193.759994506836,194.88999938964844,960517,SPCX
2026-06-17 11:56:00,194.9398956298828,195.031005859375,193.7700042724609,194.5749969482422,790169,SPCX
2026-06-17 11:58:00,194.59979248046875,196.0,194.5489959716797,195.6600036621093,1039563,SPCX
2026-06-17 12:00:00,195.625,196.0,194.2001037597656,194.3099975585937,746361,SPCX
2026-06-17 12:02:00,194.3350067138672,195.7700042724609,194.2745056152344,195.6100006103516,535166,SPCX
2026-06-17 12:04:00,195.6100006103516,195.9499969482422,194.75010681152344,195.1699981689453,593203,SPCX
2026-06-17 12:06:00,195.1699981689453,196.44729614257807,195.02999877929688,196.1600952148437,583077,SPCX
2026-06-17 12:08:00,196.22000122070312,196.8000030517578,196.0,196.22000122070312,638377,SPCX
2026-06-17 12:10:00,196.22000122070312,196.39990234375,194.3000946044922,194.759994506836,810122,SPCX
2026-06-17 12:12:00,194.8300018310547,196.3800048828125,194.3699951171875,196.30499267578125,514631,SPCX
2026-06-17 12:14:00,196.35549926757807,196.8500061035156,196.1000061035156,196.4349975585937,603108,SPCX
2026-06-17 12:16:00,196.4929962158203,197.2899932861328,196.13999938964844,196.9850006103516,682076,SPCX
2026-06-17 12:18:00,196.9850006103516,197.74989318847656,196.759994506836,197.1649932861328,737554,SPCX
2026-06-17 12:20:00,197.2400054931641,197.69000244140625,197.0,197.4900054931641,496647,SPCX
2026-06-17 12:22:00,197.4850006103516,197.6000061035156,196.7400054931641,196.8999938964844,600972,SPCX
2026-06-17 12:24:00,196.8500061035156,197.6499938964844,196.5800018310547,197.4600067138672,500112,SPCX
2026-06-17 12:26:00,197.6510009765625,197.75,195.26690673828125,195.57000732421875,671185,SPCX
2026-06-17 12:28:00,195.6000061035156,196.8000030517578,195.4001007080078,196.6999969482422,437221,SPCX
2026-06-17 12:30:00,196.65499877929688,197.33999633789065,196.2700958251953,196.5,392511,SPCX
2026-06-17 12:32:00,196.4300994873047,196.5,193.5500030517578,193.6150054931641,967201,SPCX
2026-06-17 12:34:00,193.58999633789065,195.3999938964844,193.101806640625,195.2100067138672,743720,SPCX
2026-06-17 12:36:00,195.2899932861328,195.65969848632807,194.1199951171875,195.009994506836,425241,SPCX
2026-06-17 12:38:00,195.08120727539065,196.3500061035156,195.009994506836,195.8101043701172,400983,SPCX
2026-06-17 12:40:00,195.884994506836,196.8000030517578,195.2700042724609,196.54010009765625,1605791,SPCX
2026-06-17 12:42:00,196.65750122070312,197.1100006103516,196.13009643554688,196.92999267578125,481567,SPCX
2026-06-17 12:44:00,196.8600006103516,197.1199951171875,196.4100036621093,196.97999572753903,483519,SPCX
2026-06-17 12:46:00,196.8699951171875,197.1199951171875,196.44000244140625,196.5,356324,SPCX
2026-06-17 12:48:00,196.5500030517578,196.7400054931641,196.0399932861328,196.5500030517578,364525,SPCX
2026-06-17 12:50:00,196.5500030517578,196.8999938964844,195.6600036621093,195.92999267578125,424185,SPCX
2026-06-17 12:52:00,195.8860015869141,195.9786071777344,195.009994506836,195.1499938964844,297510,SPCX
2026-06-17 12:54:00,195.1038055419922,195.7799072265625,195.08999633789065,195.49989318847656,331451,SPCX
2026-06-17 12:56:00,195.5,195.6000061035156,194.3000030517578,195.1750030517578,408549,SPCX
2026-06-17 12:58:00,195.32989501953125,195.32989501953125,194.7700042724609,195.0749969482422,249947,SPCX
2026-06-17 13:00:00,194.92999267578125,195.87989807128903,194.67999267578125,194.90899658203125,457163,SPCX
2026-06-17 13:02:00,194.67999267578125,195.44000244140625,194.5800018310547,195.1000061035156,264952,SPCX
2026-06-17 13:04:00,195.1107940673828,195.8999938964844,195.02999877929688,195.5,261490,SPCX
2026-06-17 13:06:00,195.5,196.6000061035156,195.4900054931641,196.5,376284,SPCX
2026-06-17 13:08:00,196.5500030517578,196.97999572753903,196.1000061035156,196.69009399414065,392470,SPCX
2026-06-17 13:10:00,196.783203125,197.25,196.1600036621093,196.3701019287109,490158,SPCX
2026-06-17 13:12:00,196.4026031494141,196.75,195.83999633789065,196.17999267578125,277543,SPCX
2026-06-17 13:14:00,196.2250061035156,197.33990478515625,196.009994506836,197.07000732421875,355696,SPCX
2026-06-17 13:16:00,197.07000732421875,197.32000732421875,196.6699981689453,197.02340698242188,412533,SPCX
2026-06-17 13:18:00,197.0800018310547,198.7100067138672,197.0010986328125,198.54400634765625,840184,SPCX
2026-06-17 13:20:00,198.4550018310547,198.7400054931641,198.0,198.52999877929688,595071,SPCX
2026-06-17 13:22:00,198.69000244140625,198.9900054931641,197.75,197.77999877929688,583539,SPCX
2026-06-17 13:24:00,197.75,198.92999267578125,197.75,198.5,382028,SPCX
2026-06-17 13:26:00,198.5386962890625,198.57000732421875,197.88999938964844,198.009994506836,725276,SPCX
2026-06-17 13:28:00,198.0384979248047,198.6999969482422,198.00010681152344,198.4100036621093,341348,SPCX
2026-06-17 13:30:00,198.47000122070312,199.3500061035156,198.32000732421875,199.0601043701172,509414,SPCX
2026-06-17 13:32:00,199.1600036621093,199.5,198.8099975585937,199.00010681152344,505414,SPCX
2026-06-17 13:34:00,199.07000732421875,199.42999267578125,198.69000244140625,198.9949951171875,470937,SPCX
2026-06-17 13:36:00,198.9550018310547,199.3500061035156,198.509994506836,198.53140258789065,452720,SPCX
2026-06-17 13:38:00,198.59500122070312,199.6000061035156,198.1100006103516,199.31500244140625,443009,SPCX
2026-06-17 13:40:00,199.2700042724609,199.6999969482422,198.560302734375,198.8000030517578,489323,SPCX
2026-06-17 13:42:00,198.7050018310547,198.7050018310547,198.0800018310547,198.3099975585937,316648,SPCX
2026-06-17 13:44:00,198.389404296875,199.1999969482422,198.0,199.07159423828125,369963,SPCX
2026-06-17 13:46:00,199.0800018310547,199.38999938964844,198.88999938964844,198.9900054931641,326817,SPCX
2026-06-17 13:48:00,199.02999877929688,199.6000061035156,199.02999877929688,199.3249969482422,356510,SPCX
2026-06-17 13:50:00,199.3000030517578,199.5200042724609,198.6000061035156,199.2250061035156,437363,SPCX
2026-06-17 13:52:00,199.2100067138672,199.6000061035156,198.82000732421875,199.5599975585937,463661,SPCX
2026-06-17 13:54:00,199.4499969482422,199.6499938964844,198.009994506836,198.0200042724609,510981,SPCX
2026-06-17 13:56:00,198.07000732421875,198.1199951171875,196.5101013183593,196.82000732421875,662286,SPCX
2026-06-17 13:58:00,196.8000030517578,197.6999969482422,196.72999572753903,197.6100006103516,321317,SPCX
2026-06-17 14:00:00,197.5850067138672,197.82000732421875,196.0500030517578,196.5,694649,SPCX
2026-06-17 14:02:00,196.3999938964844,196.6000061035156,195.0500030517578,195.19500732421875,787459,SPCX
2026-06-17 14:04:00,195.1750030517578,195.1750030517578,193.7899932861328,194.82000732421875,998918,SPCX
2026-06-17 14:06:00,194.68569946289065,195.8800048828125,194.08999633789065,195.7949981689453,644186,SPCX
2026-06-17 14:08:00,195.7949981689453,197.3000030517578,195.7261962890625,196.9105987548828,693587,SPCX
2026-06-17 14:10:00,196.97999572753903,197.6499938964844,196.4199981689453,197.38999938964844,541454,SPCX
2026-06-17 14:12:00,197.46560668945312,197.5599975585937,196.6600036621093,196.72000122070312,528993,SPCX
2026-06-17 14:14:00,196.8350067138672,198.58999633789065,196.5500030517578,198.0800018310547,586252,SPCX
2026-06-17 14:16:00,198.06500244140625,198.47999572753903,197.6300048828125,198.1000061035156,398889,SPCX
2026-06-17 14:18:00,197.99989318847656,198.5200042724609,197.8099975585937,197.94500732421875,382602,SPCX
2026-06-17 14:20:00,197.97999572753903,197.98989868164065,196.3999938964844,196.9100036621093,569076,SPCX
2026-06-17 14:22:00,196.8112030029297,197.0,196.0500030517578,196.32000732421875,329880,SPCX
2026-06-17 14:24:00,196.201400756836,197.0599975585937,196.0399932861328,196.83999633789065,355160,SPCX
2026-06-17 14:26:00,196.8350067138672,197.3800048828125,196.509994506836,196.8500061035156,316128,SPCX
2026-06-17 14:28:00,196.884994506836,197.38999938964844,196.5200042724609,196.94000244140625,351919,SPCX
2026-06-17 14:30:00,196.94000244140625,198.19000244140625,196.72999572753903,197.8650054931641,437457,SPCX
2026-06-17 14:32:00,197.92999267578125,198.86279296875,197.4199981689453,197.5800018310547,465881,SPCX
2026-06-17 14:34:00,197.509994506836,198.5498962402344,197.509994506836,198.4900054931641,326583,SPCX
2026-06-17 14:36:00,198.5399932861328,199.1891021728516,198.3099975585937,198.8999938964844,480730,SPCX
2026-06-17 14:38:00,198.88999938964844,199.4499969482422,198.5599975585937,199.2350006103516,420107,SPCX
2026-06-17 14:40:00,199.33999633789065,200.0800018310547,199.0901031494141,199.69000244140625,1154720,SPCX
2026-06-17 14:42:00,199.67999267578125,199.8800048828125,198.77999877929688,199.7350006103516,586814,SPCX
2026-06-17 14:44:00,199.7400054931641,200.0399932861328,199.2400054931641,199.4499969482422,617109,SPCX
2026-06-17 14:46:00,199.4850006103516,199.9497985839844,199.3600006103516,199.8950042724609,450415,SPCX
2026-06-17 14:48:00,199.8708953857422,200.02999877929688,199.0,199.3999938964844,752448,SPCX
2026-06-17 14:50:00,199.3600006103516,199.3600006103516,198.5500030517578,198.69500732421875,362611,SPCX
2026-06-17 14:52:00,198.72999572753903,199.1999969482422,198.4100036621093,198.6199951171875,344312,SPCX
2026-06-17 14:54:00,198.67999267578125,199.1999969482422,197.67999267578125,197.781494140625,466132,SPCX
2026-06-17 14:56:00,197.77999877929688,198.17999267578125,197.3800048828125,197.3999938964844,434339,SPCX
2026-06-17 14:58:00,197.4100036621093,197.9199981689453,196.72000122070312,197.55499267578125,508678,SPCX
2026-06-17 15:00:00,197.5599975585937,198.2899932861328,197.4100036621093,198.1300048828125,379990,SPCX
2026-06-17 15:02:00,198.1300048828125,198.5800018310547,197.8300018310547,198.4199981689453,313762,SPCX
2026-06-17 15:04:00,198.33999633789065,198.5500030517578,198.0,198.26499938964844,261745,SPCX
2026-06-17 15:06:00,198.26499938964844,198.659896850586,198.0500030517578,198.2899932861328,249786,SPCX
2026-06-17 15:08:00,198.25,198.63999938964844,197.009994506836,197.21969604492188,410142,SPCX
2026-06-17 15:10:00,197.125,198.1999969482422,197.009994506836,197.1699981689453,380174,SPCX
2026-06-17 15:12:00,197.1699981689453,198.42999267578125,197.0,198.42999267578125,354838,SPCX
2026-06-17 15:14:00,198.44000244140625,198.4499969482422,197.47000122070312,197.8699951171875,243492,SPCX
2026-06-17 15:16:00,197.8999938964844,198.5,197.75,198.1999969482422,346990,SPCX
2026-06-17 15:18:00,198.32989501953125,198.3999938964844,197.0599975585937,197.3500061035156,347931,SPCX
2026-06-17 15:20:00,197.33999633789065,197.75,196.33999633789065,197.01510620117188,483529,SPCX
2026-06-17 15:22:00,197.02999877929688,197.8699951171875,196.3300018310547,196.8300018310547,402502,SPCX
2026-06-17 15:24:00,196.9499969482422,197.36349487304688,196.1999969482422,196.88999938964844,348432,SPCX
2026-06-17 15:26:00,196.9600067138672,197.6600036621093,196.52999877929688,196.63999938964844,383107,SPCX
2026-06-17 15:28:00,196.63999938964844,197.0,195.5,195.509994506836,606823,SPCX
2026-06-17 15:30:00,195.5,196.3000030517578,194.1100006103516,195.322494506836,891843,SPCX
2026-06-17 15:32:00,195.55780029296875,195.8999938964844,194.0500030517578,194.6649932861328,454350,SPCX
2026-06-17 15:34:00,194.58639526367188,195.259994506836,193.5399932861328,194.84230041503903,792147,SPCX
2026-06-17 15:36:00,194.75,195.22000122070312,194.1199951171875,194.4149932861328,2472139,SPCX
2026-06-17 15:38:00,194.40499877929688,194.5,192.3000030517578,192.6100006103516,832217,SPCX
2026-06-17 15:40:00,192.7082977294922,193.6000061035156,191.1199951171875,191.3000030517578,900301,SPCX
2026-06-17 15:42:00,191.259994506836,193.1999969482422,191.1300048828125,192.7100067138672,653770,SPCX
2026-06-17 15:44:00,192.6000061035156,192.75,191.1300048828125,191.4600982666016,608102,SPCX
2026-06-17 15:46:00,191.4615020751953,193.42999267578125,191.3300018310547,192.6649932861328,1076778,SPCX
2026-06-17 15:48:00,192.6649932861328,194.4394073486328,191.759994506836,193.6000061035156,737363,SPCX
2026-06-17 15:50:00,193.5399932861328,193.5500030517578,191.0399932861328,191.4750061035156,759025,SPCX
2026-06-17 15:52:00,191.4349975585937,192.80499267578125,191.259994506836,191.384994506836,1304567,SPCX
2026-06-17 15:54:00,191.40499877929688,192.6300048828125,190.6300048828125,191.4900054931641,1179211,SPCX
2026-06-17 15:56:00,191.3800048828125,191.6000061035156,190.1699981689453,190.9949951171875,1310554,SPCX
2026-06-17 15:58:00,190.9949951171875,192.1999969482422,190.0,192.1999969482422,1985178,SPCX
2026-06-18 09:30:00,188.40499877929688,188.40499877929688,184.3999938964844,184.69000244140625,17882311,SPCX
2026-06-18 09:32:00,184.7850036621093,185.75,183.63999938964844,184.0249938964844,2555177,SPCX
2026-06-18 09:34:00,184.07000732421875,184.1600036621093,180.6100006103516,181.02999877929688,4031048,SPCX
2026-06-18 09:36:00,181.0200042724609,182.009994506836,180.38999938964844,180.4199981689453,2550198,SPCX
2026-06-18 09:38:00,180.3800048828125,180.4900054931641,177.5399932861328,179.41000366210938,5530957,SPCX
2026-06-18 09:40:00,179.36590576171875,180.27200317382807,178.09710693359375,179.76759338378906,2704843,SPCX
2026-06-18 09:42:00,179.8000030517578,180.9900054931641,178.52000427246094,178.7899932861328,2511068,SPCX
2026-06-18 09:44:00,178.7899932861328,179.8000030517578,178.2899932861328,179.28500366210938,1417228,SPCX
2026-06-18 09:46:00,179.4499053955078,181.3099975585937,179.38999938964844,180.6150054931641,1648769,SPCX
2026-06-18 09:48:00,180.57000732421875,181.63999938964844,180.14010620117188,181.46499633789065,1096422,SPCX
2026-06-18 09:50:00,181.46499633789065,182.82000732421875,181.4199981689453,181.97869873046875,1466264,SPCX
2026-06-18 09:52:00,181.96499633789065,182.69000244140625,181.4100036621093,181.6100006103516,1119863,SPCX
2026-06-18 09:54:00,181.6100006103516,181.6300048828125,180.02999877929688,180.58990478515625,1181955,SPCX
2026-06-18 09:56:00,180.5200042724609,180.759994506836,177.77000427246094,178.14999389648438,2448168,SPCX
2026-06-18 09:58:00,178.13999938964844,178.5800018310547,176.60000610351562,177.74000549316406,1994089,SPCX
2026-06-18 10:00:00,177.75,179.67999267578125,177.22999572753906,179.39700317382812,1377311,SPCX
2026-06-18 10:02:00,179.4199981689453,180.2010040283203,178.8502960205078,179.58999633789062,1124777,SPCX
2026-06-18 10:04:00,179.58180236816406,179.7899932861328,178.60000610351562,179.45199584960938,789482,SPCX
2026-06-18 10:06:00,179.52000427246094,181.3000030517578,179.45010375976562,181.22000122070312,1048055,SPCX
2026-06-18 10:08:00,181.1999969482422,181.4199981689453,179.8000030517578,180.1300048828125,898798,SPCX
2026-06-18 10:10:00,180.10000610351562,181.7100067138672,180.0800018310547,181.4550018310547,875546,SPCX
2026-06-18 10:12:00,181.52520751953125,181.72999572753903,180.8500061035156,181.1150054931641,706984,SPCX
2026-06-18 10:14:00,181.1750030517578,182.19000244140625,180.8500061035156,181.2550048828125,922093,SPCX
2026-06-18 10:16:00,181.2100067138672,182.0,181.1199951171875,181.4600067138672,587218,SPCX
2026-06-18 10:18:00,181.5,183.5,181.40499877929688,183.44000244140625,1103279,SPCX
2026-06-18 10:20:00,183.47999572753903,183.4900054931641,181.6199951171875,182.0800018310547,863792,SPCX
2026-06-18 10:22:00,182.1100006103516,183.1999969482422,182.08009338378903,182.7449951171875,692251,SPCX
2026-06-18 10:24:00,182.7250061035156,183.1000061035156,181.6000061035156,181.6150054931641,711570,SPCX
2026-06-18 10:26:00,181.6150054931641,181.80499267578125,180.17999267578125,180.31759643554688,1082265,SPCX
2026-06-18 10:28:00,180.25,180.4149932861328,179.61000061035156,180.0850067138672,1012137,SPCX
2026-06-18 10:30:00,180.1600036621093,180.6199951171875,179.75,180.44000244140625,630696,SPCX
2026-06-18 10:32:00,180.4100036621093,180.83290100097656,179.83999633789062,180.66900634765625,818793,SPCX
2026-06-18 10:34:00,180.6849975585937,181.09500122070312,180.2749938964844,180.3350067138672,703410,SPCX
2026-06-18 10:36:00,180.40089416503903,180.88999938964844,179.8800048828125,180.3000030517578,792443,SPCX
2026-06-18 10:38:00,180.35499572753903,180.44000244140625,179.19000244140625,179.27830505371094,911073,SPCX
2026-06-18 10:40:00,179.2899932861328,179.55999755859375,178.22000122070312,178.52999877929688,1070524,SPCX
2026-06-18 10:42:00,178.55999755859375,179.17999267578125,178.17999267578125,179.13999938964844,835416,SPCX
2026-06-18 10:44:00,179.17999267578125,179.9499969482422,178.1999969482422,178.6300048828125,866614,SPCX
2026-06-18 10:46:00,178.65499877929688,179.59500122070312,178.07000732421875,178.91000366210938,851536,SPCX
2026-06-18 10:48:00,178.8824005126953,179.7886962890625,178.7100067138672,179.73989868164062,640902,SPCX
2026-06-18 10:50:00,179.74000549316406,180.27999877929688,179.1199951171875,179.30499267578125,828015,SPCX
2026-06-18 10:52:00,179.260498046875,180.3300018310547,179.2050018310547,179.989501953125,606819,SPCX
2026-06-18 10:54:00,179.92999267578125,180.3000030517578,179.69000244140625,180.0500030517578,506608,SPCX
2026-06-18 10:56:00,180.06680297851562,180.88999938964844,180.05999755859375,180.2700042724609,622849,SPCX
2026-06-18 10:58:00,180.27999877929688,180.3999938964844,179.1999969482422,179.55999755859375,485103,SPCX
2026-06-18 11:00:00,179.48500061035156,179.63999938964844,179.02000427246094,179.1649932861328,470097,SPCX
2026-06-18 11:02:00,179.22000122070312,179.61500549316406,179.02000427246094,179.58999633789062,488990,SPCX
2026-06-18 11:04:00,179.56500244140625,179.8090057373047,179.1999969482422,179.46499633789062,383979,SPCX
2026-06-18 11:06:00,179.5699005126953,180.3099975585937,179.46510314941406,179.66200256347656,455076,SPCX
2026-06-18 11:08:00,179.67999267578125,180.25,178.54200744628906,179.139892578125,867414,SPCX
2026-06-18 11:10:00,179.07000732421875,179.97999572753906,178.7722930908203,179.82000732421875,594641,SPCX
2026-06-18 11:12:00,179.83999633789062,180.0,179.63999938964844,179.63999938964844,381965,SPCX
2026-06-18 11:14:00,179.66000366210938,180.3000030517578,179.44000244140625,179.83999633789062,524541,SPCX
2026-06-18 11:16:00,179.83999633789062,180.6479949951172,179.83999633789062,180.25819396972656,516205,SPCX
2026-06-18 11:18:00,180.3199005126953,180.3199005126953,178.8000030517578,178.91250610351562,707731,SPCX
2026-06-18 11:20:00,178.93499755859375,179.11000061035156,178.72999572753906,178.89999389648438,492964,SPCX
2026-06-18 11:22:00,178.864501953125,178.89999389648438,177.77110290527344,177.8800048828125,1308553,SPCX
2026-06-18 11:24:00,177.88009643554688,177.9199981689453,177.5399932861328,177.67269897460938,777322,SPCX
2026-06-18 11:26:00,177.69500732421875,177.8800048828125,177.25,177.8699951171875,743525,SPCX
2026-06-18 11:28:00,177.82000732421875,177.97000122070312,176.61000061035156,176.64999389648438,1231278,SPCX
2026-06-18 11:30:00,176.64999389648438,176.75999450683594,175.35000610351562,175.60000610351562,1754513,SPCX
2026-06-18 11:32:00,175.5699005126953,176.0500030517578,175.49000549316406,175.8300018310547,954641,SPCX
2026-06-18 11:34:00,175.95989990234375,177.1199951171875,175.6699981689453,176.89999389648438,817949,SPCX
2026-06-18 11:36:00,176.9196014404297,177.00799560546875,176.05999755859375,176.27999877929688,647198,SPCX
2026-06-18 11:38:00,176.3000030517578,176.47000122070312,175.5399932861328,175.5998992919922,718799,SPCX
2026-06-18 11:40:00,175.57009887695312,176.9199981689453,175.5500030517578,176.82839965820312,802361,SPCX
2026-06-18 11:42:00,176.81610107421875,176.85000610351562,176.1300048828125,176.25999450683594,542428,SPCX
2026-06-18 11:44:00,176.21499633789062,176.3300018310547,175.75999450683594,175.99000549316406,573102,SPCX
2026-06-18 11:46:00,175.9600067138672,176.52999877929688,175.58999633789062,175.58999633789062,684316,SPCX
2026-06-18 11:48:00,175.63999938964844,176.0,175.25999450683594,175.92999267578125,939057,SPCX
2026-06-18 11:50:00,175.92999267578125,177.08999633789062,175.88009643554688,176.47999572753906,884245,SPCX
2026-06-18 11:52:00,176.47000122070312,177.0,176.33999633789062,176.7949981689453,2136286,SPCX
2026-06-18 11:54:00,176.77999877929688,177.6199951171875,176.5,177.14999389648438,845709,SPCX
2026-06-18 11:56:00,177.14999389648438,177.36000061035156,175.91000366210938,177.2449951171875,1046219,SPCX
2026-06-18 11:58:00,177.30999755859375,177.85000610351562,176.10000610351562,176.14999389648438,777328,SPCX
2026-06-18 12:00:00,176.1999053955078,176.8300018310547,176.10000610351562,176.16580200195312,854823,SPCX
2026-06-18 12:02:00,176.14999389648438,176.22999572753906,174.44000244140625,174.5,2503596,SPCX
2026-06-18 12:04:00,174.5,175.36000061035156,174.45689392089844,174.6999969482422,907628,SPCX
2026-06-18 12:06:00,174.6999969482422,175.05999755859375,173.60000610351562,173.6199951171875,1503609,SPCX
2026-06-18 12:08:00,173.60009765625,173.89999389648438,172.69009399414062,172.94000244140625,1899759,SPCX
2026-06-18 12:10:00,172.92999267578125,173.41000366210938,172.6300048828125,173.33999633789062,1207711,SPCX
2026-06-18 12:12:00,173.35000610351562,173.639892578125,172.9199981689453,173.34500122070312,1070408,SPCX
2026-06-18 12:14:00,173.33999633789062,174.47999572753906,173.3000030517578,174.4001007080078,922198,SPCX
2026-06-18 12:16:00,174.43600463867188,175.00999450683594,174.32000732421875,174.7899932861328,798439,SPCX
2026-06-18 12:18:00,174.8000030517578,175.38999938964844,174.75,175.33999633789062,711102,SPCX
2026-06-18 12:20:00,175.33999633789062,175.50999450683594,174.6300048828125,175.22000122070312,584671,SPCX
2026-06-18 12:22:00,175.2100067138672,175.32000732421875,174.50999450683594,174.61900329589844,569422,SPCX
2026-06-18 12:24:00,174.6009979248047,174.70989990234375,172.5,172.74000549316406,1201788,SPCX
2026-06-18 12:26:00,172.73500061035156,173.66000366210938,172.67010498046875,173.63999938964844,852821,SPCX
2026-06-18 12:28:00,173.63999938964844,174.14500427246094,172.27000427246094,173.10000610351562,1163459,SPCX
2026-06-18 12:30:00,173.13999938964844,173.99000549316406,172.30499267578125,172.7928009033203,823044,SPCX
2026-06-18 12:32:00,172.8000030517578,172.9250946044922,172.18499755859375,172.2050018310547,1039114,SPCX
2026-06-18 12:34:00,172.2050018310547,172.7100067138672,172.11000061035156,172.32240295410156,841318,SPCX
2026-06-18 12:36:00,172.3350067138672,173.53819274902344,172.3000030517578,173.22500610351562,836455,SPCX
2026-06-18 12:38:00,173.23129272460938,173.47999572753906,172.52000427246094,172.7364044189453,752515,SPCX
2026-06-18 12:40:00,172.74000549316406,173.36500549316406,172.7071075439453,172.8498992919922,738665,SPCX
2026-06-18 12:42:00,172.8498992919922,173.89999389648438,172.81199645996094,173.34500122070312,777768,SPCX
2026-06-18 12:44:00,173.32000732421875,174.27999877929688,173.1300048828125,174.0399932861328,805061,SPCX
2026-06-18 12:46:00,174.02000427246094,174.8800048828125,173.1300048828125,174.8800048828125,1062507,SPCX
2026-06-18 12:48:00,174.8800048828125,175.1999969482422,173.9539031982422,174.20989990234375,906694,SPCX
2026-06-18 12:50:00,174.14010620117188,175.0,174.11000061035156,174.6649932861328,496351,SPCX
2026-06-18 12:52:00,174.69000244140625,175.5,174.51010131835938,175.10000610351562,657484,SPCX
2026-06-18 12:54:00,175.11990356445312,175.1199951171875,174.12010192871094,174.30499267578125,550397,SPCX
2026-06-18 12:56:00,174.30499267578125,175.80999755859375,174.25999450683594,175.4691925048828,667750,SPCX
2026-06-18 12:58:00,175.42999267578125,175.89999389648438,174.9199981689453,175.56509399414062,637280,SPCX
2026-06-18 13:00:00,175.5924072265625,176.6999969482422,175.49929809570312,176.6699981689453,769938,SPCX
2026-06-18 13:02:00,176.6540985107422,177.389892578125,176.57000732421875,176.7100067138672,855437,SPCX
2026-06-18 13:04:00,176.77000427246094,177.80999755859375,176.67010498046875,177.0800018310547,680998,SPCX
2026-06-18 13:06:00,177.02000427246094,177.3000030517578,176.8000030517578,176.860107421875,536316,SPCX
2026-06-18 13:08:00,176.88999938964844,176.99989318847656,176.0850067138672,176.58999633789062,713054,SPCX
2026-06-18 13:10:00,176.6699981689453,177.1300048828125,176.2899932861328,176.56979370117188,505903,SPCX
2026-06-18 13:12:00,176.5699005126953,177.1199951171875,176.32000732421875,176.85000610351562,399621,SPCX
2026-06-18 13:14:00,176.875,177.88999938964844,176.75999450683594,177.77999877929688,1037989,SPCX
2026-06-18 13:16:00,177.78500366210938,178.6999969482422,177.50010681152344,178.6300048828125,803964,SPCX
2026-06-18 13:18:00,178.64990234375,179.0,178.5,178.90499877929688,732431,SPCX
2026-06-18 13:20:00,178.9199981689453,179.3000030517578,178.27000427246094,179.22999572753906,837019,SPCX
2026-06-18 13:22:00,179.20120239257812,179.22999572753906,178.5,178.52000427246094,701668,SPCX
2026-06-18 13:24:00,178.52000427246094,178.5500030517578,177.0,177.58340454101562,795502,SPCX
2026-06-18 13:26:00,177.5500030517578,178.13999938964844,177.39999389648438,178.1300048828125,414869,SPCX
2026-06-18 13:28:00,178.125,178.60000610351562,178.10000610351562,178.44590759277344,439339,SPCX
2026-06-18 13:30:00,178.47999572753906,179.0,178.1199951171875,178.97999572753906,418739,SPCX
2026-06-18 13:32:00,178.96499633789062,179.16000366210938,177.75,178.15089416503906,559409,SPCX
2026-06-18 13:34:00,178.1300048828125,178.27999877929688,177.51089477539062,177.53500366210938,465782,SPCX
2026-06-18 13:36:00,177.53500366210938,178.0,177.27999877929688,177.35000610351562,2392693,SPCX
2026-06-18 13:38:00,177.31109619140625,179.00999450683594,177.1999969482422,178.8699951171875,525276,SPCX
2026-06-18 13:40:00,178.86500549316406,179.5,178.80999755859375,179.4199981689453,569636,SPCX
2026-06-18 13:42:00,179.4199981689453,179.75999450683594,178.9199981689453,179.72999572753906,796964,SPCX
2026-06-18 13:44:00,179.72500610351562,179.73989868164062,179.32000732421875,179.5601043701172,2608480,SPCX
2026-06-18 13:46:00,179.58999633789062,179.7899932861328,179.40020751953125,179.46600341796875,367195,SPCX
2026-06-18 13:48:00,179.50999450683594,179.8699951171875,179.22000122070312,179.68499755859375,394881,SPCX
2026-06-18 13:50:00,179.64999389648438,179.99000549316406,179.1999969482422,179.89999389648438,651251,SPCX
2026-06-18 13:52:00,179.875,180.6999969482422,179.80999755859375,180.23390197753903,917000,SPCX
2026-06-18 13:54:00,180.2624969482422,180.3000030517578,179.5399932861328,179.98989868164062,488217,SPCX
2026-06-18 13:56:00,179.9250030517578,180.83999633789065,179.71009826660156,180.7400054931641,552630,SPCX
2026-06-18 13:58:00,180.73989868164065,180.79299926757807,179.8000030517578,179.85000610351562,667525,SPCX
2026-06-18 14:00:00,179.85499572753906,179.9499053955078,178.75,178.89999389648438,671996,SPCX
2026-06-18 14:02:00,178.8834991455078,179.3000030517578,178.5749053955078,179.3000030517578,449108,SPCX
2026-06-18 14:04:00,179.20010375976562,179.39999389648438,178.0850067138672,179.0449981689453,603827,SPCX
2026-06-18 14:06:00,179.03500366210938,180.5,178.9801025390625,180.4199981689453,697424,SPCX
2026-06-18 14:08:00,180.4250030517578,180.759994506836,180.13009643554688,180.60989379882807,596887,SPCX
2026-06-18 14:10:00,180.6100006103516,180.6100006103516,180.0225067138672,180.02499389648438,533225,SPCX
2026-06-18 14:12:00,180.02000427246094,180.1600036621093,179.3699951171875,180.0850067138672,513923,SPCX
2026-06-18 14:14:00,180.07000732421875,180.3919982910156,179.86000061035156,180.1199951171875,396656,SPCX
2026-06-18 14:16:00,180.1103973388672,180.3625030517578,179.8000030517578,179.90499877929688,539689,SPCX
2026-06-18 14:18:00,179.91250610351562,180.5998992919922,179.87010192871094,180.13999938964844,448953,SPCX
2026-06-18 14:20:00,180.1533050537109,180.259994506836,179.76499938964844,179.82000732421875,731030,SPCX
2026-06-18 14:22:00,179.79010009765625,180.5500030517578,179.7700958251953,179.98500061035156,555142,SPCX
2026-06-18 14:24:00,179.9801025390625,180.3350067138672,179.75010681152344,179.82000732421875,401323,SPCX
2026-06-18 14:26:00,179.81260681152344,180.0399932861328,179.45010375976562,179.98019409179688,414674,SPCX
2026-06-18 14:28:00,179.9949951171875,180.1529998779297,179.89999389648438,180.03500366210938,446161,SPCX
2026-06-18 14:30:00,180.05999755859375,180.22999572753903,179.5500030517578,179.68499755859375,562245,SPCX
2026-06-18 14:32:00,179.68499755859375,179.6999969482422,178.77999877929688,178.82000732421875,637840,SPCX
2026-06-18 14:34:00,178.80960083007812,179.39999389648438,178.71009826660156,178.8199005126953,558188,SPCX
2026-06-18 14:36:00,178.81500244140625,180.25,178.74009704589844,179.9149932861328,711893,SPCX
2026-06-18 14:38:00,179.97000122070312,180.08399963378906,179.38009643554688,180.02000427246094,382329,SPCX
2026-06-18 14:40:00,180.0200958251953,180.22999572753903,179.82000732421875,179.92999267578125,407681,SPCX
2026-06-18 14:42:00,179.92999267578125,180.11990356445312,179.85000610351562,179.9001007080078,338252,SPCX
2026-06-18 14:44:00,179.9600067138672,180.1499938964844,179.1999969482422,180.03250122070312,492144,SPCX
2026-06-18 14:46:00,180.0301055908203,180.4900054931641,179.8800048828125,179.97999572753906,566206,SPCX
2026-06-18 14:48:00,179.98500061035156,180.1199951171875,179.9499969482422,180.10000610351562,397584,SPCX
2026-06-18 14:50:00,180.10009765625,180.11000061035156,179.80999755859375,179.89500427246094,413140,SPCX
2026-06-18 14:52:00,179.8990020751953,180.3999938964844,179.8699951171875,179.89990234375,461398,SPCX
2026-06-18 14:54:00,179.88999938964844,180.4499969482422,179.41000366210938,180.07000732421875,648538,SPCX
2026-06-18 14:56:00,180.0800018310547,180.19000244140625,179.51010131835938,179.5399932861328,338884,SPCX
2026-06-18 14:58:00,179.5583953857422,179.7698974609375,178.36000061035156,178.75999450683594,522883,SPCX
2026-06-18 15:00:00,178.75999450683594,179.17999267578125,178.5399932861328,179.0800018310547,352931,SPCX
2026-06-18 15:02:00,179.1199951171875,179.3000030517578,178.86000061035156,179.2899932861328,279751,SPCX
2026-06-18 15:04:00,179.27000427246094,179.4600067138672,178.72000122070312,179.32000732421875,349882,SPCX
2026-06-18 15:06:00,179.32000732421875,179.41000366210938,178.86000061035156,179.27999877929688,274448,SPCX
2026-06-18 15:08:00,179.2998046875,180.17999267578125,179.27999877929688,180.0399932861328,482239,SPCX
2026-06-18 15:10:00,180.03500366210938,180.06500244140625,179.46009826660156,179.69500732421875,267395,SPCX
2026-06-18 15:12:00,179.66000366210938,179.66000366210938,179.30999755859375,179.4149932861328,246660,SPCX
2026-06-18 15:14:00,179.427001953125,179.82000732421875,179.41000366210938,179.43499755859375,291945,SPCX
2026-06-18 15:16:00,179.4499969482422,179.7550048828125,179.41000366210938,179.69000244140625,277394,SPCX
2026-06-18 15:18:00,179.67999267578125,179.94000244140625,179.610107421875,179.85110473632812,269317,SPCX
2026-06-18 15:20:00,179.86500549316406,179.9499969482422,179.65499877929688,179.85499572753906,257824,SPCX
2026-06-18 15:22:00,179.86880493164062,179.9199981689453,179.60009765625,179.6300048828125,249939,SPCX
2026-06-18 15:24:00,179.6300048828125,181.1000061035156,179.60000610351562,181.0500030517578,862183,SPCX
2026-06-18 15:26:00,181.1000061035156,182.42999267578125,181.07000732421875,182.2250061035156,1286342,SPCX
2026-06-18 15:28:00,182.3040008544922,182.5,181.9600067138672,182.3500061035156,923529,SPCX
2026-06-18 15:30:00,182.3500061035156,182.5,181.92999267578125,182.13999938964844,617513,SPCX
2026-06-18 15:32:00,182.1600036621093,183.2100067138672,182.126693725586,183.2100067138672,2529748,SPCX
2026-06-18 15:34:00,183.1849975585937,184.5500030517578,183.1000061035156,184.5500030517578,1414678,SPCX
2026-06-18 15:36:00,184.5500030517578,186.32000732421875,184.4333953857422,186.125,1636871,SPCX
2026-06-18 15:38:00,186.1461944580078,187.3099975585937,186.0500030517578,187.1199951171875,1480720,SPCX
2026-06-18 15:40:00,187.1199951171875,187.5,186.1999969482422,187.3000030517578,1713769,SPCX
2026-06-18 15:42:00,187.32000732421875,187.8650054931641,186.9801025390625,187.625,1712583,SPCX
2026-06-18 15:44:00,187.6300048828125,188.5,187.3600006103516,187.9199981689453,1714292,SPCX
2026-06-18 15:46:00,187.9550018310547,188.99989318847656,186.56900024414065,187.759994506836,2601184,SPCX
2026-06-18 15:48:00,187.7001037597656,187.8000030517578,185.1199951171875,187.05499267578125,1647000,SPCX
2026-06-18 15:50:00,187.02999877929688,189.8600006103516,186.9600982666016,189.58999633789065,2823597,SPCX
2026-06-18 15:52:00,189.5850067138672,190.0,189.1000061035156,189.32000732421875,1948686,SPCX
2026-06-18 15:54:00,189.31500244140625,189.8699951171875,184.5399932861328,185.2100067138672,2820419,SPCX
2026-06-18 15:56:00,185.2100067138672,185.5500030517578,184.009994506836,185.47000122070312,2552972,SPCX
2026-06-18 15:58:00,185.47000122070312,185.52999877929688,184.5399932861328,184.97000122070312,3188597,SPCX
2026-06-22 09:30:00,176.04200744628906,176.57000732421875,175.10009765625,175.32000732421875,9167874,SPCX
2026-06-22 09:31:00,175.31500244140625,176.50999450683594,175.0,175.5800018310547,1120719,SPCX
2026-06-22 09:32:00,175.5500030517578,176.6479949951172,175.0,175.5,681508,SPCX
2026-06-22 09:33:00,175.5050048828125,175.73989868164062,173.66000366210938,173.94000244140625,1072236,SPCX
2026-06-22 09:34:00,173.91009521484375,174.49000549316406,173.2100067138672,173.6199951171875,786508,SPCX
2026-06-22 09:35:00,173.64990234375,174.40499877929688,173.0,173.73500061035156,917007,SPCX
2026-06-22 09:36:00,173.72000122070312,174.35000610351562,173.0,173.00999450683594,580958,SPCX
2026-06-22 09:37:00,173.00999450683594,173.4600067138672,172.82000732421875,172.82000732421875,778448,SPCX
2026-06-22 09:38:00,172.80999755859375,173.2899932861328,172.35000610351562,172.5399932861328,736207,SPCX
2026-06-22 09:39:00,172.52000427246094,172.7799072265625,172.11000061035156,172.639892578125,653773,SPCX
2026-06-22 09:40:00,172.61000061035156,172.6999053955078,171.32000732421875,171.3300018310547,916716,SPCX
2026-06-22 09:41:00,171.3300018310547,171.5800018310547,171.0,171.11500549316406,860958,SPCX
2026-06-22 09:42:00,171.15109252929688,171.5,170.82000732421875,171.10009765625,822281,SPCX
2026-06-22 09:43:00,171.10009765625,171.9716033935547,171.02000427246094,171.27549743652344,731963,SPCX
2026-06-22 09:44:00,171.25999450683594,172.0,171.1999969482422,171.99000549316406,620464,SPCX
2026-06-22 09:45:00,171.99000549316406,172.10000610351562,171.33009338378906,171.74679565429688,558776,SPCX
2026-06-22 09:46:00,171.72999572753906,172.0,171.1999969482422,171.5,421935,SPCX
2026-06-22 09:47:00,171.47000122070312,171.5,170.52999877929688,170.60450744628906,812436,SPCX
2026-06-22 09:48:00,170.57000732421875,170.85000610351562,170.5,170.55169677734375,486094,SPCX
2026-06-22 09:49:00,170.56500244140625,170.67999267578125,170.25999450683594,170.47000122070312,792461,SPCX
2026-06-22 09:50:00,170.49020385742188,170.6699981689453,170.11500549316406,170.2050018310547,599042,SPCX
2026-06-22 09:51:00,170.2100067138672,170.2550048828125,170.0,170.02999877929688,1247053,SPCX
2026-06-22 09:52:00,170.03500366210938,170.3000030517578,170.0,170.0,836192,SPCX
2026-06-22 09:53:00,170.0072021484375,171.0,169.5800018310547,170.9250030517578,1132324,SPCX
2026-06-22 09:54:00,170.91000366210938,171.0,170.63999938964844,171.0,612721,SPCX
2026-06-22 09:55:00,170.9949951171875,171.0,170.3726043701172,170.7050018310547,470054,SPCX
2026-06-22 09:56:00,170.69000244140625,171.74000549316406,170.5399932861328,171.74000549316406,573020,SPCX
2026-06-22 09:57:00,171.72500610351562,171.75,170.73500061035156,171.50999450683594,454807,SPCX
2026-06-22 09:58:00,171.5258026123047,171.80999755859375,171.39999389648438,171.80999755859375,363323,SPCX
2026-06-22 09:59:00,171.80999755859375,172.0,171.5500030517578,171.9600067138672,521412,SPCX
2026-06-22 10:00:00,171.9600067138672,171.99000549316406,171.30999755859375,171.3800048828125,467462,SPCX
2026-06-22 10:01:00,171.38999938964844,171.5500030517578,171.110107421875,171.110107421875,249056,SPCX
2026-06-22 10:02:00,171.1199951171875,171.1199951171875,170.5,170.50010681152344,498124,SPCX
2026-06-22 10:03:00,170.5050048828125,171.42990112304688,170.39999389648438,171.03280639648438,488681,SPCX
2026-06-22 10:04:00,171.05999755859375,171.1199951171875,170.81309509277344,170.9499969482422,270424,SPCX
2026-06-22 10:05:00,170.96400451660156,171.11000061035156,170.14999389648438,170.40499877929688,542751,SPCX
2026-06-22 10:06:00,170.4001007080078,170.75990295410156,170.3000030517578,170.65870666503906,264777,SPCX
2026-06-22 10:07:00,170.64999389648438,170.93499755859375,170.5,170.87010192871094,239544,SPCX
2026-06-22 10:08:00,170.88780212402344,170.88999938964844,170.5,170.61500549316406,216880,SPCX
2026-06-22 10:09:00,170.61500549316406,170.97999572753906,170.52000427246094,170.91000366210938,221260,SPCX
2026-06-22 10:10:00,170.8800048828125,171.27000427246094,170.77999877929688,171.25,365609,SPCX
2026-06-22 10:11:00,171.24989318847656,171.25,170.92999267578125,171.13999938964844,250278,SPCX
2026-06-22 10:12:00,171.14999389648438,171.22000122070312,170.05999755859375,170.05999755859375,404497,SPCX
2026-06-22 10:13:00,170.05999755859375,170.30999755859375,170.0,170.0,811152,SPCX
2026-06-22 10:14:00,170.00010681152344,170.00999450683594,168.88999938964844,168.91000366210938,1311444,SPCX
2026-06-22 10:15:00,168.89500427246094,170.0,168.8000030517578,168.85499572753906,593319,SPCX
2026-06-22 10:16:00,168.85499572753906,169.25,168.85079956054688,169.10000610351562,461880,SPCX
2026-06-22 10:17:00,169.05999755859375,169.14999389648438,168.39999389648438,168.52000427246094,576714,SPCX
2026-06-22 10:18:00,168.50999450683594,168.69000244140625,168.3000030517578,168.36000061035156,498677,SPCX
2026-06-22 10:19:00,168.35000610351562,168.60000610351562,168.30999755859375,168.59779357910156,419173,SPCX
2026-06-22 10:20:00,168.60000610351562,168.6699981689453,168.35499572753906,168.3885040283203,382075,SPCX
2026-06-22 10:21:00,168.3699951171875,169.1699981689453,168.3000030517578,169.1092071533203,708718,SPCX
2026-06-22 10:22:00,169.10499572753906,169.19000244140625,168.52499389648438,168.5458984375,360623,SPCX
2026-06-22 10:23:00,168.5399932861328,168.54400634765625,168.0,168.0050048828125,725274,SPCX
2026-06-22 10:24:00,168.00010681152344,168.00999450683594,167.39999389648438,167.40499877929688,1094424,SPCX
2026-06-22 10:25:00,167.40989685058594,167.41000366210938,167.00999450683594,167.0883026123047,636256,SPCX
2026-06-22 10:26:00,167.0800018310547,167.2899932861328,166.8000030517578,166.9199981689453,763423,SPCX
2026-06-22 10:27:00,166.88499450683594,167.0399932861328,166.6199951171875,166.64300537109375,449495,SPCX
2026-06-22 10:28:00,166.64999389648438,166.77000427246094,166.27999877929688,166.5850067138672,645028,SPCX
2026-06-22 10:29:00,166.6199951171875,166.83999633789062,166.27999877929688,166.72500610351562,632905,SPCX
2026-06-22 10:30:00,166.72830200195312,166.97470092773438,166.0,166.1649932861328,698622,SPCX
2026-06-22 10:31:00,166.17999267578125,166.5399932861328,166.0500030517578,166.11000061035156,505075,SPCX
2026-06-22 10:32:00,166.11000061035156,166.14999389648438,165.64999389648438,165.75,743760,SPCX
2026-06-22 10:33:00,165.73599243164062,166.2100067138672,165.6800994873047,166.14999389648438,414736,SPCX
2026-06-22 10:34:00,166.16000366210938,166.5,166.13250732421875,166.2373046875,409918,SPCX
2026-06-22 10:35:00,166.1800994873047,166.85000610351562,166.1800994873047,166.7803955078125,512732,SPCX
2026-06-22 10:36:00,166.77000427246094,166.82000732421875,166.27000427246094,166.66600036621094,431037,SPCX
2026-06-22 10:37:00,166.67999267578125,167.41700744628906,166.41000366210938,167.3699951171875,523692,SPCX
2026-06-22 10:38:00,167.41879272460938,167.48899841308594,166.97999572753906,167.36849975585938,453317,SPCX
2026-06-22 10:39:00,167.35499572753906,167.4499969482422,167.1649932861328,167.4499969482422,320458,SPCX
2026-06-22 10:40:00,167.4499969482422,167.8800048828125,167.4499969482422,167.85079956054688,397218,SPCX
2026-06-22 10:41:00,167.85000610351562,168.2449951171875,167.85000610351562,167.86000061035156,464219,SPCX
2026-06-22 10:42:00,167.8697052001953,168.0,167.5,167.56509399414062,414927,SPCX
2026-06-22 10:43:00,167.55499267578125,167.55999755859375,166.66000366210938,166.6699981689453,462980,SPCX
2026-06-22 10:44:00,166.6697998046875,166.69000244140625,166.00999450683594,166.0500030517578,390125,SPCX
2026-06-22 10:45:00,166.05499267578125,166.11000061035156,166.0,166.0,451797,SPCX
2026-06-22 10:46:00,166.00010681152344,166.0019989013672,165.64999389648438,165.64999389648438,557113,SPCX
2026-06-22 10:47:00,165.64999389648438,165.7100067138672,165.5500030517578,165.67999267578125,500968,SPCX
2026-06-22 10:48:00,165.6750030517578,166.0399932861328,165.5,165.81500244140625,563922,SPCX
2026-06-22 10:49:00,165.83999633789062,165.889892578125,165.39999389648438,165.7899932861328,472636,SPCX
2026-06-22 10:50:00,165.7949981689453,166.0,165.67010498046875,165.77999877929688,270548,SPCX
2026-06-22 10:51:00,165.77000427246094,165.83999633789062,165.60000610351562,165.60009765625,264022,SPCX
2026-06-22 10:52:00,165.60499572753906,165.61000061035156,165.25,165.26499938964844,434981,SPCX
2026-06-22 10:53:00,165.2698974609375,165.42999267578125,165.16000366210938,165.22000122070312,313744,SPCX
2026-06-22 10:54:00,165.22999572753906,165.25999450683594,165.1199951171875,165.24459838867188,457183,SPCX
2026-06-22 10:55:00,165.23989868164062,165.9499969482422,165.1999969482422,165.9199981689453,458012,SPCX
2026-06-22 10:56:00,165.9250030517578,167.3000030517578,165.89500427246094,167.25999450683594,512827,SPCX
2026-06-22 10:57:00,167.16000366210938,167.64999389648438,167.1199951171875,167.3300018310547,497679,SPCX
2026-06-22 10:58:00,167.3300018310547,167.74000549316406,167.25999450683594,167.51040649414062,350530,SPCX
2026-06-22 10:59:00,167.5050048828125,167.74000549316406,167.42999267578125,167.6999053955078,315740,SPCX
2026-06-22 11:00:00,167.6999969482422,168.64999389648438,167.5500030517578,168.49009704589844,596200,SPCX
2026-06-22 11:01:00,168.4936065673828,168.60000610351562,168.1300048828125,168.39999389648438,393951,SPCX
2026-06-22 11:02:00,168.41000366210938,169.5,168.35000610351562,168.56500244140625,617854,SPCX
2026-06-22 11:03:00,168.5500030517578,168.60000610351562,167.5500030517578,168.56300354003906,538834,SPCX
2026-06-22 11:04:00,168.5399932861328,168.5399932861328,167.69000244140625,168.49000549316406,343384,SPCX
2026-06-22 11:05:00,168.47999572753906,168.5,167.8000030517578,168.08999633789062,308225,SPCX
2026-06-22 11:06:00,168.0500030517578,168.5,167.86000061035156,167.94000244140625,321573,SPCX
2026-06-22 11:07:00,167.94009399414062,167.99000549316406,167.5,167.91000366210938,263403,SPCX
2026-06-22 11:08:00,167.968994140625,168.07000732421875,167.77999877929688,168.0399932861328,254867,SPCX
2026-06-22 11:09:00,168.0399932861328,168.25,167.32009887695312,167.49009704589844,253275,SPCX
2026-06-22 11:10:00,167.4949951171875,167.8000030517578,167.3000030517578,167.57000732421875,203664,SPCX
2026-06-22 11:11:00,167.57000732421875,167.97999572753906,167.57000732421875,167.8350067138672,166871,SPCX
2026-06-22 11:12:00,167.83990478515625,167.96420288085938,167.6199951171875,167.87989807128906,202489,SPCX
2026-06-22 11:13:00,167.84649658203125,167.99000549316406,167.64999389648438,167.69000244140625,1011509,SPCX
2026-06-22 11:14:00,167.6649932861328,168.25,167.6649932861328,168.13999938964844,269075,SPCX
2026-06-22 11:15:00,168.1378936767578,168.24879455566406,167.5,167.50010681152344,270705,SPCX
2026-06-22 11:16:00,167.50010681152344,167.5592041015625,166.97000122070312,167.06500244140625,383210,SPCX
2026-06-22 11:17:00,167.10000610351562,168.351806640625,167.0,168.2801055908203,236762,SPCX
2026-06-22 11:18:00,168.2949981689453,168.75,168.1199951171875,168.74000549316406,245305,SPCX
2026-06-22 11:19:00,168.585693359375,168.72000122070312,168.35060119628906,168.57000732421875,174534,SPCX
2026-06-22 11:20:00,168.5570068359375,169.11000061035156,168.49000549316406,169.10989379882812,280871,SPCX
2026-06-22 11:21:00,169.07000732421875,169.49000549316406,168.83999633789062,169.43499755859375,301698,SPCX
2026-06-22 11:22:00,169.41000366210938,169.5128936767578,168.85000610351562,168.85000610351562,289535,SPCX
2026-06-22 11:23:00,168.82000732421875,168.8883056640625,168.66009521484375,168.71499633789062,163628,SPCX
2026-06-22 11:24:00,168.7100067138672,168.7100067138672,168.41000366210938,168.6945037841797,229071,SPCX
2026-06-22 11:25:00,168.64500427246094,168.97999572753906,168.5,168.83999633789062,172239,SPCX
2026-06-22 11:26:00,168.82000732421875,168.91000366210938,168.4550018310547,168.77999877929688,220155,SPCX
2026-06-22 11:27:00,168.82000732421875,169.2100067138672,168.77499389648438,169.17999267578125,164047,SPCX
2026-06-22 11:28:00,169.1999969482422,169.44000244140625,169.05999755859375,169.17999267578125,196521,SPCX
2026-06-22 11:29:00,169.18499755859375,169.42999267578125,169.0,169.13999938964844,204358,SPCX
2026-06-22 11:30:00,169.13999938964844,169.32000732421875,169.1300048828125,169.25999450683594,191904,SPCX
2026-06-22 11:31:00,169.3000030517578,169.49000549316406,169.14999389648438,169.33999633789062,211744,SPCX
2026-06-22 11:32:00,169.32009887695312,169.4600067138672,169.1199951171875,169.4093017578125,204695,SPCX
2026-06-22 11:33:00,169.40499877929688,169.4600067138672,168.6649932861328,168.6649932861328,423942,SPCX
2026-06-22 11:34:00,168.66099548339844,168.67999267578125,168.0,168.00999450683594,325577,SPCX
2026-06-22 11:35:00,168.00999450683594,168.10000610351562,167.5,167.8800048828125,260942,SPCX
2026-06-22 11:36:00,167.8699951171875,167.92999267578125,167.3000030517578,167.33999633789062,235215,SPCX
2026-06-22 11:37:00,167.3000946044922,167.33999633789062,167.02999877929688,167.13999938964844,241533,SPCX
2026-06-22 11:38:00,167.1750030517578,167.597900390625,167.1750030517578,167.3249969482422,153542,SPCX
2026-06-22 11:39:00,167.3249969482422,167.53500366210938,167.07000732421875,167.0850067138672,166603,SPCX
2026-06-22 11:40:00,167.0850067138672,167.38999938964844,167.0500030517578,167.35000610351562,147131,SPCX
2026-06-22 11:41:00,167.32000732421875,167.5,167.2899932861328,167.4600067138672,155640,SPCX
2026-06-22 11:42:00,167.4250030517578,167.44000244140625,167.1300048828125,167.14999389648438,209751,SPCX
2026-06-22 11:43:00,167.14999389648438,167.18899536132812,167.0,167.00010681152344,218320,SPCX
2026-06-22 11:44:00,167.00799560546875,167.02000427246094,166.5500946044922,166.6112060546875,341466,SPCX
2026-06-22 11:45:00,166.60499572753906,167.77000427246094,166.5500946044922,167.4949951171875,284288,SPCX
2026-06-22 11:46:00,167.4698944091797,167.8699951171875,167.38999938964844,167.85989379882812,158218,SPCX
2026-06-22 11:47:00,167.86480712890625,167.86480712890625,167.4199981689453,167.45140075683594,114486,SPCX
2026-06-22 11:48:00,167.489501953125,167.5500030517578,167.02999877929688,167.5500030517578,124387,SPCX
2026-06-22 11:49:00,167.5500030517578,167.5800018310547,166.91009521484375,167.389892578125,150318,SPCX
2026-06-22 11:50:00,167.4149932861328,167.42990112304688,167.0,167.1750030517578,266398,SPCX
2026-06-22 11:51:00,167.22999572753906,167.2899932861328,167.00999450683594,167.0800018310547,95262,SPCX
2026-06-22 11:52:00,167.08999633789062,167.58999633789062,167.04010009765625,167.5800018310547,120806,SPCX
2026-06-22 11:53:00,167.59300231933594,167.92999267578125,167.52999877929688,167.6199951171875,147155,SPCX
2026-06-22 11:54:00,167.66990661621094,167.94000244140625,167.6199951171875,167.85000610351562,133727,SPCX
2026-06-22 11:55:00,167.89999389648438,168.14999389648438,167.5,167.50559997558594,195236,SPCX
2026-06-22 11:56:00,167.50010681152344,167.73989868164062,167.11000061035156,167.24000549316406,168958,SPCX
2026-06-22 11:57:00,167.235595703125,167.30999755859375,167.1199951171875,167.16000366210938,118965,SPCX
2026-06-22 11:58:00,167.14999389648438,167.3000030517578,166.69000244140625,166.69000244140625,243359,SPCX
2026-06-22 11:59:00,166.69000244140625,167.02499389648438,166.66000366210938,166.7449951171875,198173,SPCX
2026-06-22 12:00:00,166.76499938964844,166.9600067138672,166.3000946044922,166.33999633789062,268225,SPCX
2026-06-22 12:01:00,166.39990234375,166.60000610351562,166.25999450683594,166.36000061035156,191262,SPCX
2026-06-22 12:02:00,166.35000610351562,166.39999389648438,166.08999633789062,166.16000366210938,231282,SPCX
2026-06-22 12:03:00,166.1699981689453,166.18499755859375,165.86000061035156,166.03500366210938,732528,SPCX
2026-06-22 12:04:00,166.0449981689453,166.0998992919922,165.8000030517578,165.8699951171875,206570,SPCX
2026-06-22 12:05:00,165.8699951171875,166.0399932861328,165.83999633789062,165.90499877929688,209735,SPCX
2026-06-22 12:06:00,165.90989685058594,166.07000732421875,165.8000030517578,165.9149932861328,212294,SPCX
2026-06-22 12:07:00,165.9199981689453,165.9398956298828,165.5800018310547,165.5850067138672,222750,SPCX
2026-06-22 12:08:00,165.58009338378906,165.65499877929688,165.5,165.5301055908203,341350,SPCX
2026-06-22 12:09:00,165.52999877929688,165.69000244140625,165.52029418945312,165.55990600585938,231583,SPCX
2026-06-22 12:10:00,165.55099487304688,165.75990295410156,165.4001007080078,165.73060607910156,290706,SPCX
2026-06-22 12:11:00,165.75799560546875,165.9499969482422,165.4600067138672,165.49000549316406,219806,SPCX
2026-06-22 12:12:00,165.4821014404297,165.6898956298828,165.44000244140625,165.57000732421875,160773,SPCX
2026-06-22 12:13:00,165.55999755859375,165.7299041748047,165.52999877929688,165.6300048828125,124241,SPCX
2026-06-22 12:14:00,165.6300048828125,165.89990234375,165.6300048828125,165.83999633789062,119385,SPCX
2026-06-22 12:15:00,165.8000030517578,165.91000366210938,165.71420288085938,165.80599975585938,214112,SPCX
2026-06-22 12:16:00,165.79100036621094,165.80999755859375,165.62010192871094,165.64779663085938,156346,SPCX
2026-06-22 12:17:00,165.63999938964844,165.77999877929688,165.5301971435547,165.6199951171875,135835,SPCX
2026-06-22 12:18:00,165.60000610351562,165.75,165.58999633789062,165.60989379882812,114113,SPCX
2026-06-22 12:19:00,165.60499572753906,165.63999938964844,165.5,165.59500122070312,242387,SPCX
2026-06-22 12:20:00,165.58999633789062,165.69000244140625,165.39999389648438,165.47999572753906,232038,SPCX
2026-06-22 12:21:00,165.4600067138672,165.60000610351562,165.39999389648438,165.5500030517578,212545,SPCX
2026-06-22 12:22:00,165.55999755859375,165.55999755859375,165.1999969482422,165.2082977294922,293755,SPCX
2026-06-22 12:23:00,165.2050018310547,165.49000549316406,165.1501007080078,165.4499969482422,216157,SPCX
2026-06-22 12:24:00,165.4499969482422,165.4698944091797,165.14999389648438,165.1925048828125,184617,SPCX
2026-06-22 12:25:00,165.18499755859375,165.18499755859375,165.02000427246094,165.05999755859375,353582,SPCX
2026-06-22 12:26:00,165.0500030517578,165.0500030517578,165.02000427246094,165.0449981689453,181072,SPCX
2026-06-22 12:27:00,165.0399932861328,165.08999633789062,165.0,165.0050048828125,699661,SPCX
2026-06-22 12:28:00,165.00999450683594,165.08999633789062,165.0,165.02000427246094,278857,SPCX
2026-06-22 12:29:00,165.02000427246094,165.1999969482422,165.0,165.00999450683594,299799,SPCX
2026-06-22 12:30:00,165.0050048828125,165.24989318847656,165.00010681152344,165.06500244140625,260776,SPCX
2026-06-22 12:31:00,165.0670928955078,165.06809997558594,165.00999450683594,165.01010131835938,140060,SPCX
2026-06-22 12:32:00,165.00999450683594,165.66000366210938,165.00999450683594,165.60499572753906,346956,SPCX
2026-06-22 12:33:00,165.60009765625,165.85000610351562,165.3699951171875,165.7382049560547,249954,SPCX
2026-06-22 12:34:00,165.74989318847656,166.0,165.70140075683594,165.86500549316406,213202,SPCX
2026-06-22 12:35:00,165.8699951171875,165.94000244140625,165.6199951171875,165.90899658203125,134254,SPCX
2026-06-22 12:36:00,165.91000366210938,165.9499969482422,165.60000610351562,165.61900329589844,173969,SPCX
2026-06-22 12:37:00,165.57000732421875,166.3000030517578,165.5200958251953,165.94000244140625,595534,SPCX
2026-06-22 12:38:00,165.94009399414062,165.94500732421875,165.6999969482422,165.7700958251953,167959,SPCX
2026-06-22 12:39:00,165.77000427246094,165.91000366210938,165.6199951171875,165.625,166055,SPCX
2026-06-22 12:40:00,165.625,165.6699981689453,165.42999267578125,165.5399932861328,142470,SPCX
2026-06-22 12:41:00,165.5500030517578,165.89999389648438,165.5500030517578,165.74400329589844,133507,SPCX
2026-06-22 12:42:00,165.75,165.9409942626953,165.60000610351562,165.6699981689453,107415,SPCX
2026-06-22 12:43:00,165.6699981689453,165.85000610351562,165.50999450683594,165.8300018310547,143641,SPCX
2026-06-22 12:44:00,165.82000732421875,165.8361053466797,165.7100067138672,165.77999877929688,98841,SPCX
2026-06-22 12:45:00,165.79299926757812,165.85000610351562,165.625,165.63999938964844,87745,SPCX
2026-06-22 12:46:00,165.62669372558594,165.62669372558594,165.33999633789062,165.51980590820312,570549,SPCX
2026-06-22 12:47:00,165.52499389648438,165.63999938964844,165.5,165.51499938964844,126316,SPCX
2026-06-22 12:48:00,165.51499938964844,165.8000030517578,165.47000122070312,165.6699981689453,149291,SPCX
2026-06-22 12:49:00,165.6501007080078,165.7100067138672,165.5449981689453,165.7100067138672,98803,SPCX
2026-06-22 12:50:00,165.75,166.4499053955078,165.67999267578125,165.8907928466797,201408,SPCX
2026-06-22 12:51:00,165.88999938964844,166.27000427246094,165.6999969482422,165.70010375976562,146287,SPCX
2026-06-22 12:52:00,165.69979858398438,165.69979858398438,165.42999267578125,165.47999572753906,198610,SPCX
2026-06-22 12:53:00,165.47999572753906,166.24000549316406,165.4499969482422,166.03030395507812,236173,SPCX
2026-06-22 12:54:00,166.0449981689453,166.1999969482422,166.02000427246094,166.11990356445312,131490,SPCX
2026-06-22 12:55:00,166.11500549316406,166.3000030517578,166.03500366210938,166.17999267578125,157171,SPCX
2026-06-22 12:56:00,166.18499755859375,166.22000122070312,166.1199951171875,166.14999389648438,111701,SPCX
2026-06-22 12:57:00,166.14999389648438,166.15499877929688,165.87010192871094,165.9199981689453,156161,SPCX
2026-06-22 12:58:00,165.9199981689453,165.94000244140625,165.6800994873047,165.73609924316406,109656,SPCX
2026-06-22 12:59:00,165.7200927734375,165.79200744628906,165.64999389648438,165.66000366210938,71815,SPCX
2026-06-22 13:00:00,165.67999267578125,165.91990661621094,165.64999389648438,165.91000366210938,91783,SPCX
2026-06-22 13:01:00,165.86570739746094,165.89999389648438,165.64999389648438,165.78500366210938,113839,SPCX
2026-06-22 13:02:00,165.78500366210938,165.80999755859375,165.58999633789062,165.61000061035156,95875,SPCX
2026-06-22 13:03:00,165.60499572753906,165.82000732421875,165.44000244140625,165.72999572753906,183123,SPCX
2026-06-22 13:04:00,165.74000549316406,165.75,165.52999877929688,165.53500366210938,94774,SPCX
2026-06-22 13:05:00,165.53829956054688,165.5399932861328,165.3000030517578,165.3090057373047,95082,SPCX
2026-06-22 13:06:00,165.30670166015625,165.61900329589844,165.3000030517578,165.30999755859375,156550,SPCX
2026-06-22 13:07:00,165.30999755859375,165.30999755859375,165.05999755859375,165.06500244140625,185216,SPCX
2026-06-22 13:08:00,165.05999755859375,165.1199951171875,165.02000427246094,165.09500122070312,206184,SPCX
2026-06-22 13:09:00,165.09249877929688,165.26499938964844,165.04010009765625,165.14999389648438,134418,SPCX
2026-06-22 13:10:00,165.16000366210938,165.27000427246094,165.14999389648438,165.2050018310547,96839,SPCX
2026-06-22 13:11:00,165.1999969482422,165.3800048828125,165.14999389648438,165.15499877929688,107934,SPCX
2026-06-22 13:12:00,165.15499877929688,165.1566925048828,165.0500030517578,165.0500946044922,131485,SPCX
2026-06-22 13:13:00,165.0601043701172,165.10000610351562,165.02999877929688,165.03500366210938,127754,SPCX
2026-06-22 13:14:00,165.03500366210938,165.04600524902344,165.00999450683594,165.01499938964844,150523,SPCX
2026-06-22 13:15:00,165.01499938964844,165.1593017578125,165.00999450683594,165.1593017578125,250132,SPCX
2026-06-22 13:16:00,165.17999267578125,165.35000610351562,165.14999389648438,165.15499877929688,120291,SPCX
2026-06-22 13:17:00,165.14999389648438,165.5,165.1199951171875,165.4499969482422,146860,SPCX
2026-06-22 13:18:00,165.4799041748047,165.60000610351562,165.32000732421875,165.52499389648438,163935,SPCX
2026-06-22 13:19:00,165.52499389648438,165.52499389648438,165.32000732421875,165.4499969482422,100174,SPCX
2026-06-22 13:20:00,165.4705047607422,165.58999633789062,165.10000610351562,165.11500549316406,248404,SPCX
2026-06-22 13:21:00,165.1199951171875,165.1300048828125,165.0,165.00880432128906,425201,SPCX
2026-06-22 13:22:00,165.00970458984375,165.00999450683594,165.0,165.00010681152344,139976,SPCX
2026-06-22 13:23:00,165.00010681152344,165.00999450683594,165.0,165.00010681152344,238606,SPCX
2026-06-22 13:24:00,165.0050048828125,165.19000244140625,165.0,165.10499572753906,347266,SPCX
2026-06-22 13:25:00,165.10960388183594,165.22000122070312,165.00999450683594,165.16000366210938,202405,SPCX
2026-06-22 13:26:00,165.16000366210938,165.22999572753906,165.1118927001953,165.13499450683594,114026,SPCX
2026-06-22 13:27:00,165.13499450683594,165.2899932861328,165.110107421875,165.11500549316406,138094,SPCX
2026-06-22 13:28:00,165.110107421875,165.16000366210938,165.0500030517578,165.08009338378906,138756,SPCX
2026-06-22 13:29:00,165.0850067138672,165.08999633789062,165.0500030517578,165.0688018798828,104461,SPCX
2026-06-22 13:30:00,165.06100463867188,165.14999389648438,165.0500030517578,165.06500244140625,115529,SPCX
2026-06-22 13:31:00,165.0625,165.1649932861328,165.05999755859375,165.13499450683594,101107,SPCX
2026-06-22 13:32:00,165.1300048828125,165.1300048828125,165.0,165.0050048828125,250399,SPCX
2026-06-22 13:33:00,165.0050048828125,165.38999938964844,165.0,165.32000732421875,363562,SPCX
2026-06-22 13:34:00,165.33970642089844,165.33999633789062,165.0500030517578,165.11500549316406,155280,SPCX
2026-06-22 13:35:00,165.1125030517578,165.25,165.110107421875,165.1300048828125,111510,SPCX
2026-06-22 13:36:00,165.14500427246094,165.24009704589844,165.00999450683594,165.01010131835938,229116,SPCX
2026-06-22 13:37:00,165.02000427246094,165.1199951171875,165.00999450683594,165.02969360351562,166176,SPCX
2026-06-22 13:38:00,165.0299072265625,165.13999938964844,165.02000427246094,165.11000061035156,100694,SPCX
2026-06-22 13:39:00,165.1199951171875,165.14999389648438,165.10000610351562,165.10499572753906,66214,SPCX
2026-06-22 13:40:00,165.10499572753906,165.1699981689453,165.05999755859375,165.16000366210938,98465,SPCX
2026-06-22 13:41:00,165.14500427246094,165.18960571289062,165.1300048828125,165.13499450683594,80783,SPCX
2026-06-22 13:42:00,165.139892578125,165.14999389648438,165.05999755859375,165.0697021484375,150445,SPCX
2026-06-22 13:43:00,165.06100463867188,165.5800018310547,165.05999755859375,165.30999755859375,194109,SPCX
2026-06-22 13:44:00,165.3000030517578,165.42999267578125,165.2100067138672,165.34100341796875,174130,SPCX
2026-06-22 13:45:00,165.4075927734375,165.4600067138672,165.35009765625,165.39990234375,105643,SPCX
2026-06-22 13:46:00,165.375,165.64999389648438,165.3000030517578,165.59649658203125,144946,SPCX
2026-06-22 13:47:00,165.59010314941406,165.63999938964844,165.27000427246094,165.27999877929688,148188,SPCX
2026-06-22 13:48:00,165.27499389648438,165.5800018310547,165.1009063720703,165.33999633789062,222351,SPCX
2026-06-22 13:49:00,165.32150268554688,165.4499969482422,165.2100067138672,165.21499633789062,94728,SPCX
2026-06-22 13:50:00,165.22000122070312,165.35079956054688,165.15249633789062,165.34219360351562,92609,SPCX
2026-06-22 13:51:00,165.35499572753906,166.22000122070312,165.30999755859375,166.1199951171875,355641,SPCX
2026-06-22 13:52:00,166.1199951171875,166.69000244140625,166.0050048828125,166.27999877929688,383369,SPCX
2026-06-22 13:53:00,166.3000030517578,166.47000122070312,166.19000244140625,166.4250030517578,139144,SPCX
2026-06-22 13:54:00,166.4398956298828,166.4600067138672,166.37060546875,166.4600067138672,132544,SPCX
2026-06-22 13:55:00,166.4499969482422,166.4600067138672,166.25999450683594,166.4499969482422,150241,SPCX
2026-06-22 13:56:00,166.4499969482422,166.6999969482422,166.41009521484375,166.64990234375,186820,SPCX
2026-06-22 13:57:00,166.625,166.64999389648438,166.42999267578125,166.63499450683594,152389,SPCX
2026-06-22 13:58:00,166.6300048828125,166.6999969482422,166.33999633789062,166.41000366210938,163558,SPCX
2026-06-22 13:59:00,166.39500427246094,166.4499969482422,166.25999450683594,166.33970642089844,115762,SPCX
2026-06-22 14:00:00,166.3350067138672,166.57400512695312,166.22999572753906,166.23060607910156,176593,SPCX
2026-06-22 14:01:00,166.2310028076172,166.2310028076172,165.77000427246094,165.89500427246094,222855,SPCX
2026-06-22 14:02:00,165.9199981689453,165.99000549316406,165.89999389648438,165.9199981689453,94877,SPCX
2026-06-22 14:03:00,165.9250030517578,166.0,165.8166046142578,165.8199005126953,113109,SPCX
2026-06-22 14:04:00,165.8000030517578,165.8000030517578,165.3000030517578,165.39010620117188,290241,SPCX
2026-06-22 14:05:00,165.38999938964844,165.4499053955078,165.25,165.3096923828125,206134,SPCX
2026-06-22 14:06:00,165.30169677734375,165.74000549316406,165.2550048828125,165.62989807128906,163571,SPCX
2026-06-22 14:07:00,165.6300048828125,165.6699981689453,165.47000122070312,165.50010681152344,109534,SPCX
2026-06-22 14:08:00,165.50999450683594,165.75,165.50010681152344,165.67999267578125,94145,SPCX
2026-06-22 14:09:00,165.69000244140625,165.8000030517578,165.58999633789062,165.7801055908203,93779,SPCX
2026-06-22 14:10:00,165.78500366210938,165.88999938964844,165.6199951171875,165.63999938964844,148116,SPCX
2026-06-22 14:11:00,165.62559509277344,165.62559509277344,165.0500030517578,165.0500030517578,343491,SPCX
2026-06-22 14:12:00,165.05999755859375,165.19000244140625,165.02000427246094,165.08790588378906,255780,SPCX
2026-06-22 14:13:00,165.0749969482422,165.14990234375,165.0601043701172,165.11500549316406,83673,SPCX
2026-06-22 14:14:00,165.11500549316406,165.14999389648438,165.06500244140625,165.10899353027344,100478,SPCX
2026-06-22 14:15:00,165.10499572753906,165.35000610351562,165.10000610351562,165.27999877929688,162486,SPCX
2026-06-22 14:16:00,165.2899932861328,165.38819885253906,165.22000122070312,165.3300018310547,119461,SPCX
2026-06-22 14:17:00,165.3699951171875,165.41000366210938,165.3000030517578,165.35499572753906,116086,SPCX
2026-06-22 14:18:00,165.33999633789062,165.49000549316406,165.27999877929688,165.46499633789062,152610,SPCX
2026-06-22 14:19:00,165.48849487304688,165.6300048828125,165.42100524902344,165.6096954345703,141079,SPCX
2026-06-22 14:20:00,165.60000610351562,166.11000061035156,165.58009338378906,165.89999389648438,210071,SPCX
2026-06-22 14:21:00,165.88999938964844,166.19500732421875,165.75,165.79209899902344,207409,SPCX
2026-06-22 14:22:00,165.8000030517578,166.07899475097656,165.73500061035156,166.0,141377,SPCX
2026-06-22 14:23:00,166.00909423828125,166.35989379882812,166.0,166.1699981689453,177933,SPCX
2026-06-22 14:24:00,166.1699981689453,166.36000061035156,166.1551971435547,166.20010375976562,129525,SPCX
2026-06-22 14:25:00,166.2050018310547,166.3800048828125,166.05999755859375,166.26499938964844,154302,SPCX
2026-06-22 14:26:00,166.24000549316406,166.27999877929688,166.0,166.0,136716,SPCX
2026-06-22 14:27:00,166.00999450683594,166.0500030517578,165.84019470214844,165.85000610351562,173100,SPCX
2026-06-22 14:28:00,165.86500549316406,165.99000549316406,165.82249450683594,165.82249450683594,118470,SPCX
2026-06-22 14:29:00,165.82839965820312,165.9499969482422,165.6125030517578,165.6699981689453,185303,SPCX
2026-06-22 14:30:00,165.6750030517578,165.77999877929688,165.60000610351562,165.60009765625,156885,SPCX
2026-06-22 14:31:00,165.60499572753906,165.8000030517578,165.52999877929688,165.64990234375,167018,SPCX
2026-06-22 14:32:00,165.6300048828125,165.72999572753906,165.61000061035156,165.7100067138672,77821,SPCX
2026-06-22 14:33:00,165.63009643554688,165.63499450683594,165.36500549316406,165.39999389648438,168673,SPCX
2026-06-22 14:34:00,165.40499877929688,165.49000549316406,165.35000610351562,165.49000549316406,101247,SPCX
2026-06-22 14:35:00,165.47999572753906,165.48939514160156,165.27000427246094,165.32000732421875,141611,SPCX
2026-06-22 14:36:00,165.32000732421875,165.34469604492188,165.27999877929688,165.30999755859375,79169,SPCX
2026-06-22 14:37:00,165.30999755859375,165.41000366210938,165.30999755859375,165.39500427246094,71718,SPCX
2026-06-22 14:38:00,165.39999389648438,165.43569946289062,165.35000610351562,165.38499450683594,110174,SPCX
2026-06-22 14:39:00,165.38499450683594,165.389892578125,165.10000610351562,165.1009979248047,145755,SPCX
2026-06-22 14:40:00,165.11000061035156,165.17990112304688,165.0800018310547,165.0800018310547,457269,SPCX
2026-06-22 14:41:00,165.0850067138672,165.1199951171875,165.0500030517578,165.05889892578125,144491,SPCX
2026-06-22 14:42:00,165.05499267578125,165.1699981689453,165.02999877929688,165.07009887695312,203336,SPCX
2026-06-22 14:43:00,165.0749969482422,165.24000549316406,165.02999877929688,165.0449981689453,148920,SPCX
2026-06-22 14:44:00,165.0449981689453,165.10000610351562,165.02999877929688,165.0749969482422,105828,SPCX
2026-06-22 14:45:00,165.0749969482422,165.19000244140625,165.07000732421875,165.1300048828125,103513,SPCX
2026-06-22 14:46:00,165.1302032470703,165.2790069580078,165.1300048828125,165.2003936767578,129151,SPCX
2026-06-22 14:47:00,165.2001953125,165.3000030517578,165.17100524902344,165.17799377441406,85536,SPCX
2026-06-22 14:48:00,165.17759704589844,165.17759704589844,165.02000427246094,165.0200958251953,212584,SPCX
2026-06-22 14:49:00,165.0200958251953,165.10000610351562,165.00999450683594,165.08999633789062,307812,SPCX
2026-06-22 14:50:00,165.08999633789062,165.1699981689453,165.07009887695312,165.110107421875,147982,SPCX
2026-06-22 14:51:00,165.11500549316406,165.1197967529297,164.0,164.0800018310547,1338035,SPCX
2026-06-22 14:52:00,164.0850067138672,164.16000366210938,162.75999450683594,162.76710510253906,1209166,SPCX
2026-06-22 14:53:00,162.76499938964844,162.8699951171875,162.3699951171875,162.44000244140625,694083,SPCX
2026-06-22 14:54:00,162.44500732421875,162.6300048828125,162.22000122070312,162.22500610351562,492797,SPCX
2026-06-22 14:55:00,162.22500610351562,162.4499969482422,162.14999389648438,162.32009887695312,543764,SPCX
2026-06-22 14:56:00,162.32989501953125,162.67999267578125,162.25,162.60009765625,402448,SPCX
2026-06-22 14:57:00,162.60989379882812,162.63900756835938,162.37989807128906,162.49989318847656,260966,SPCX
2026-06-22 14:58:00,162.49989318847656,162.52999877929688,161.86000061035156,162.0749969482422,872801,SPCX
2026-06-22 14:59:00,162.07000732421875,162.0800018310547,161.4499969482422,161.51939392089844,448258,SPCX
2026-06-22 15:00:00,161.52000427246094,161.9199981689453,161.4409942626953,161.7050018310547,480314,SPCX
2026-06-22 15:01:00,161.7100067138672,162.0,161.6999969482422,161.80389404296875,275667,SPCX
2026-06-22 15:02:00,161.80999755859375,161.81080627441406,161.39999389648438,161.42990112304688,320631,SPCX
2026-06-22 15:03:00,161.40060424804688,161.5240020751953,161.3000030517578,161.3083038330078,360338,SPCX
2026-06-22 15:04:00,161.3000030517578,161.3699951171875,161.110107421875,161.17010498046875,350098,SPCX
2026-06-22 15:05:00,161.16000366210938,161.17999267578125,160.6999969482422,160.7100067138672,775699,SPCX
2026-06-22 15:06:00,160.72000122070312,161.1300048828125,160.68020629882812,160.78970336914062,420839,SPCX
2026-06-22 15:07:00,160.77999877929688,160.88999938964844,160.57000732421875,160.7100067138672,405650,SPCX
2026-06-22 15:08:00,160.7100067138672,161.2198944091797,160.5749969482422,160.8300018310547,334932,SPCX
2026-06-22 15:09:00,160.83999633789062,160.8489990234375,160.39999389648438,160.40550231933594,329581,SPCX
2026-06-22 15:10:00,160.40499877929688,160.6300048828125,160.36000061035156,160.5,449218,SPCX
2026-06-22 15:11:00,160.47000122070312,160.57000732421875,160.22000122070312,160.26010131835938,432830,SPCX
2026-06-22 15:12:00,160.26499938964844,160.3699951171875,160.24000549316406,160.27000427246094,275350,SPCX
2026-06-22 15:13:00,160.25999450683594,160.55990600585938,160.16000366210938,160.4199981689453,563262,SPCX
2026-06-22 15:14:00,160.40150451660156,160.64999389648438,160.25,160.25779724121094,427295,SPCX
2026-06-22 15:15:00,160.25100708007812,160.25779724121094,160.05999755859375,160.07000732421875,552171,SPCX
2026-06-22 15:16:00,160.06170654296875,160.13999938964844,160.02999877929688,160.07000732421875,701648,SPCX
2026-06-22 15:17:00,160.06500244140625,160.25,160.02999877929688,160.17999267578125,425604,SPCX
2026-06-22 15:18:00,160.19009399414062,160.1999969482422,160.02000427246094,160.02999877929688,368897,SPCX
2026-06-22 15:19:00,160.0395050048828,160.0800018310547,160.0,160.01100158691406,1019281,SPCX
2026-06-22 15:20:00,160.01980590820312,160.08999633789062,160.0,160.00250244140625,1392593,SPCX
2026-06-22 15:21:00,160.00970458984375,160.00999450683594,159.0,159.2050018310547,1533275,SPCX
2026-06-22 15:22:00,159.2050018310547,159.23300170898438,158.52000427246094,158.6417999267578,824744,SPCX
2026-06-22 15:23:00,158.64999389648438,159.66000366210938,158.30999755859375,159.47999572753906,945822,SPCX
2026-06-22 15:24:00,159.47999572753906,159.5,158.7071075439453,158.75,572379,SPCX
2026-06-22 15:25:00,158.77499389648438,159.0800018310547,158.39999389648438,158.6199951171875,692723,SPCX
2026-06-22 15:26:00,158.7812042236328,158.7812042236328,158.0500030517578,158.64999389648438,709038,SPCX
2026-06-22 15:27:00,158.63999938964844,158.92999267578125,158.35000610351562,158.81500244140625,558699,SPCX
2026-06-22 15:28:00,158.8101043701172,159.32000732421875,158.5,158.6999969482422,819876,SPCX
2026-06-22 15:29:00,158.6699981689453,159.07000732421875,158.64999389648438,158.75999450683594,488807,SPCX
2026-06-22 15:30:00,158.76010131835938,159.22000122070312,158.6800994873047,159.0675048828125,442261,SPCX
2026-06-22 15:31:00,159.05499267578125,159.11990356445312,158.74000549316406,158.8800048828125,331765,SPCX
2026-06-22 15:32:00,158.8699951171875,158.89999389648438,158.1199951171875,158.13499450683594,715294,SPCX
2026-06-22 15:33:00,158.1300048828125,158.49000549316406,158.10000610351562,158.3000030517578,389101,SPCX
2026-06-22 15:34:00,158.3000030517578,158.5,157.42010498046875,157.44000244140625,1332807,SPCX
2026-06-22 15:35:00,157.42999267578125,157.47999572753906,156.3300018310547,156.35499572753906,1105784,SPCX
2026-06-22 15:36:00,156.35499572753906,156.47000122070312,155.77000427246094,155.9149932861328,1129605,SPCX
2026-06-22 15:37:00,155.9149932861328,156.1300048828125,155.64999389648438,155.91090393066406,769424,SPCX
2026-06-22 15:38:00,155.88999938964844,156.91000366210938,155.8000030517578,156.16000366210938,1100326,SPCX
2026-06-22 15:39:00,156.14999389648438,156.42999267578125,155.5,155.739501953125,813445,SPCX
2026-06-22 15:40:00,155.5,156.4499969482422,155.41000366210938,156.07000732421875,954708,SPCX
2026-06-22 15:41:00,156.07000732421875,156.86000061035156,155.83999633789062,156.14500427246094,1099633,SPCX
2026-06-22 15:42:00,156.19090270996094,156.55999755859375,155.97999572753906,156.47999572753906,625951,SPCX
2026-06-22 15:43:00,156.4550018310547,156.64999389648438,155.66000366210938,156.01499938964844,634243,SPCX
2026-06-22 15:44:00,155.98500061035156,156.1300048828125,155.3699951171875,155.80499267578125,666862,SPCX
2026-06-22 15:45:00,155.8000030517578,155.8623046875,155.25,155.4481964111328,677268,SPCX
2026-06-22 15:46:00,155.42999267578125,155.4600067138672,155.05999755859375,155.26010131835938,748031,SPCX
2026-06-22 15:47:00,155.26499938964844,155.6199951171875,154.60000610351562,155.2100067138672,2294545,SPCX
2026-06-22 15:48:00,155.2100067138672,155.57000732421875,154.3300018310547,154.4600067138672,1097064,SPCX
2026-06-22 15:49:00,154.42999267578125,155.86000061035156,154.39999389648438,155.85000610351562,1108678,SPCX
2026-06-22 15:50:00,155.83999633789062,155.85000610351562,154.0,154.23500061035156,1315183,SPCX
2026-06-22 15:51:00,154.22000122070312,155.4199981689453,154.17999267578125,155.41000366210938,961320,SPCX
2026-06-22 15:52:00,155.44000244140625,156.50999450683594,155.32000732421875,156.0,946351,SPCX
2026-06-22 15:53:00,155.97500610351562,156.4698944091797,155.77999877929688,156.13999938964844,765228,SPCX
2026-06-22 15:54:00,156.13999938964844,156.16000366210938,155.5,155.73300170898438,593634,SPCX
2026-06-22 15:55:00,155.74000549316406,155.8000030517578,154.8000946044922,154.90789794921875,985621,SPCX
2026-06-22 15:56:00,154.90499877929688,155.41000366210938,154.6501007080078,154.66009521484375,1073782,SPCX
2026-06-22 15:57:00,154.69500732421875,155.02000427246094,154.63499450683594,154.97500610351562,710599,SPCX
2026-06-22 15:58:00,154.97999572753906,155.22999572753906,154.85000610351562,155.0050048828125,959770,SPCX
2026-06-22 15:59:00,155.0050048828125,155.00999450683594,154.2100067138672,154.58999633789062,1418295,SPCX
2026-06-23 09:30:00,151.02999877929688,151.08999633789062,150.14999389648438,150.4499969482422,21494551,SPCX
2026-06-23 09:31:00,150.47000122070312,150.48989868164062,149.0,149.3000030517578,3506730,SPCX
2026-06-23 09:32:00,149.25,150.13999938964844,149.0,149.64999389648438,1691384,SPCX
2026-06-23 09:33:00,149.5800018310547,151.6999969482422,149.52000427246094,150.8699951171875,1382022,SPCX
2026-06-23 09:34:00,150.84500122070312,152.91990661621094,150.59959411621094,152.66510009765625,1272273,SPCX
2026-06-23 09:35:00,152.6699981689453,154.13999938964844,152.35009765625,153.91990661621094,1292010,SPCX
2026-06-23 09:36:00,153.9149932861328,154.11000061035156,152.5,152.591796875,1024195,SPCX
2026-06-23 09:37:00,152.62109375,152.7843017578125,150.69009399414062,151.10000610351562,869940,SPCX
2026-06-23 09:38:00,151.0749969482422,151.1300048828125,150.2899932861328,150.6750030517578,815806,SPCX
2026-06-23 09:39:00,150.6699981689453,150.94000244140625,149.2899932861328,149.33990478515625,1225811,SPCX
2026-06-23 09:40:00,149.2899932861328,149.51800537109375,147.60000610351562,147.6699981689453,1872710,SPCX
2026-06-23 09:41:00,147.67999267578125,149.25999450683594,147.11000061035156,149.17990112304688,1440606,SPCX
2026-06-23 09:42:00,149.15199279785156,149.24749755859375,147.77999877929688,148.6750946044922,1218157,SPCX
2026-06-23 09:43:00,148.66000366210938,148.7899932861328,148.0,148.1508026123047,691360,SPCX
2026-06-23 09:44:00,148.15499877929688,148.8800048828125,148.0449981689453,148.85400390625,549576,SPCX
2026-06-23 09:45:00,148.8800048828125,150.5,148.63999938964844,150.08999633789062,1156484,SPCX
2026-06-23 09:46:00,150.05499267578125,151.22000122070312,150.0500030517578,150.44000244140625,740060,SPCX
2026-06-23 09:47:00,150.41000366210938,152.39500427246094,150.39999389648438,152.26019287109375,857654,SPCX
2026-06-23 09:48:00,152.2689971923828,153.19000244140625,152.0399932861328,152.75999450683594,762598,SPCX
2026-06-23 09:49:00,152.7550048828125,152.889892578125,152.14500427246094,152.54010009765625,761032,SPCX
2026-06-23 09:50:00,152.58990478515625,153.88999938964844,152.5449981689453,153.4199981689453,784751,SPCX
2026-06-23 09:51:00,153.42999267578125,153.83999633789062,152.8000030517578,153.1999969482422,788558,SPCX
2026-06-23 09:52:00,153.1699981689453,153.5,152.35000610351562,152.5321044921875,534257,SPCX
2026-06-23 09:53:00,152.4499969482422,152.5299072265625,151.62130737304688,151.89999389648438,501337,SPCX
2026-06-23 09:54:00,151.9600067138672,153.3800048828125,151.8000030517578,153.35499572753906,604531,SPCX
2026-06-23 09:55:00,153.4199981689453,153.99000549316406,151.0,153.8699951171875,747763,SPCX
2026-06-23 09:56:00,153.83999633789062,155.9499969482422,153.75,155.9149932861328,1162542,SPCX
2026-06-23 09:57:00,155.906005859375,156.38999938964844,154.86300659179688,156.23019409179688,874823,SPCX
2026-06-23 09:58:00,156.25,156.32000732421875,155.7906036376953,156.0,608661,SPCX
2026-06-23 09:59:00,156.00999450683594,156.5,155.6300048828125,155.74000549316406,692505,SPCX
2026-06-23 10:00:00,155.74000549316406,156.85000610351562,155.44000244140625,156.8249969482422,720081,SPCX
2026-06-23 10:01:00,156.80499267578125,157.6999969482422,156.36000061035156,157.64010620117188,803145,SPCX
2026-06-23 10:02:00,157.64120483398438,158.14999389648438,157.0,157.22000122070312,916562,SPCX
2026-06-23 10:03:00,157.17999267578125,158.47999572753906,157.13999938964844,158.43099975585938,1034544,SPCX
2026-06-23 10:04:00,158.44000244140625,158.8699951171875,157.89999389648438,158.47500610351562,857835,SPCX
2026-06-23 10:05:00,158.5,158.5,157.5,157.5,647158,SPCX
2026-06-23 10:06:00,157.5050048828125,157.75990295410156,156.88999938964844,157.7100067138672,703615,SPCX
2026-06-23 10:07:00,157.67999267578125,157.87939453125,156.3800048828125,156.97000122070312,585018,SPCX
2026-06-23 10:08:00,156.9709014892578,157.58990478515625,156.27000427246094,156.27999877929688,534494,SPCX
2026-06-23 10:09:00,156.2949981689453,157.2100067138672,156.27000427246094,156.6999969482422,478877,SPCX
2026-06-23 10:10:00,156.74000549316406,156.9600067138672,156.11099243164062,156.11099243164062,472911,SPCX
2026-06-23 10:11:00,156.11000061035156,156.58999633789062,155.5,156.48500061035156,529415,SPCX
2026-06-23 10:12:00,156.4499969482422,156.49000549316406,155.64999389648438,156.18499755859375,376480,SPCX
2026-06-23 10:13:00,156.13999938964844,157.19000244140625,156.03500366210938,157.15640258789062,537064,SPCX
2026-06-23 10:14:00,157.19000244140625,157.8699951171875,156.9499969482422,157.4600067138672,378642,SPCX
2026-06-23 10:15:00,157.4510040283203,157.58999633789062,156.75439453125,157.18899536132812,548052,SPCX
2026-06-23 10:16:00,157.08680725097656,158.1199951171875,156.85769653320312,157.875,480046,SPCX
2026-06-23 10:17:00,157.875,157.94000244140625,157.0,157.11000061035156,396226,SPCX
2026-06-23 10:18:00,157.1999969482422,157.22000122070312,155.6800994873047,155.6800994873047,504602,SPCX
2026-06-23 10:19:00,155.68499755859375,155.8000030517578,155.1199951171875,155.4134979248047,496743,SPCX
2026-06-23 10:20:00,155.42050170898438,155.80999755859375,155.0,155.08999633789062,536827,SPCX
2026-06-23 10:21:00,155.08999633789062,155.08999633789062,154.60000610351562,154.85690307617188,537610,SPCX
2026-06-23 10:22:00,154.80999755859375,154.8300018310547,154.1199951171875,154.6300048828125,469733,SPCX
2026-06-23 10:23:00,154.63999938964844,155.27000427246094,154.63999938964844,155.14999389648438,401334,SPCX
2026-06-23 10:24:00,155.14999389648438,155.63999938964844,154.97999572753906,155.47999572753906,413930,SPCX
2026-06-23 10:25:00,155.5,156.3697052001953,155.08999633789062,156.11500549316406,365763,SPCX
2026-06-23 10:26:00,156.0800018310547,156.5,155.8000030517578,156.44000244140625,303535,SPCX
2026-06-23 10:27:00,156.47999572753906,156.69000244140625,155.5800018310547,155.7991943359375,322091,SPCX
2026-06-23 10:28:00,155.7550048828125,155.82000732421875,155.14999389648438,155.47000122070312,313466,SPCX
2026-06-23 10:29:00,155.4199981689453,155.90969848632812,155.14999389648438,155.80499267578125,342700,SPCX
2026-06-23 10:30:00,155.8778076171875,156.9499969482422,155.75,156.9499969482422,419444,SPCX
2026-06-23 10:31:00,156.9499969482422,157.4499969482422,156.72000122070312,157.28500366210938,391183,SPCX
2026-06-23 10:32:00,157.2200927734375,157.75,157.1300048828125,157.3800048828125,306488,SPCX
2026-06-23 10:33:00,157.31500244140625,158.22000122070312,157.25010681152344,158.0699005126953,374355,SPCX
2026-06-23 10:34:00,158.0500030517578,158.45989990234375,157.860107421875,158.2906036376953,377277,SPCX
2026-06-23 10:35:00,158.3000030517578,158.3199005126953,157.30999755859375,157.78939819335938,536385,SPCX
2026-06-23 10:36:00,157.7949981689453,159.3000030517578,157.6999969482422,158.83999633789062,827515,SPCX
2026-06-23 10:37:00,158.85989379882812,159.19000244140625,158.74000549316406,159.11500549316406,342547,SPCX
2026-06-23 10:38:00,159.125,159.25,158.6699981689453,158.8800048828125,439987,SPCX
2026-06-23 10:39:00,158.89999389648438,158.9600067138672,158.33999633789062,158.41000366210938,322645,SPCX
2026-06-23 10:40:00,158.4698944091797,158.6898956298828,157.00999450683594,157.3000030517578,482179,SPCX
2026-06-23 10:41:00,157.32000732421875,157.4199981689453,157.08999633789062,157.27999877929688,248693,SPCX
2026-06-23 10:42:00,157.27000427246094,158.4149932861328,157.02000427246094,157.88009643554688,300521,SPCX
2026-06-23 10:43:00,157.83999633789062,158.38999938964844,157.5200958251953,157.9149932861328,278589,SPCX
2026-06-23 10:44:00,157.92999267578125,157.99000549316406,156.66000366210938,156.77810668945312,385889,SPCX
2026-06-23 10:45:00,156.6800994873047,157.27879333496094,156.60000610351562,156.60000610351562,270662,SPCX
2026-06-23 10:46:00,156.58999633789062,157.0,156.5,156.50999450683594,323774,SPCX
2026-06-23 10:47:00,156.50999450683594,157.0,155.80999755859375,155.82000732421875,426922,SPCX
2026-06-23 10:48:00,155.85000610351562,156.35000610351562,155.63009643554688,155.83999633789062,329315,SPCX
2026-06-23 10:49:00,155.83999633789062,156.63999938964844,155.79100036621094,156.53500366210938,210479,SPCX
2026-06-23 10:50:00,156.53500366210938,157.4600067138672,156.41250610351562,157.27000427246094,284877,SPCX
2026-06-23 10:51:00,157.2550048828125,157.8699951171875,157.12010192871094,157.57000732421875,286945,SPCX
2026-06-23 10:52:00,157.52999877929688,157.62989807128906,157.17010498046875,157.3800048828125,201964,SPCX
2026-06-23 10:53:00,157.33009338378906,157.42999267578125,156.66000366210938,156.7449951171875,182053,SPCX
2026-06-23 10:54:00,156.72000122070312,157.0,156.6999969482422,156.92950439453125,121517,SPCX
2026-06-23 10:55:00,156.8699951171875,157.1999969482422,156.6999969482422,156.94000244140625,182095,SPCX
2026-06-23 10:56:00,156.94000244140625,157.39999389648438,156.85000610351562,156.90499877929688,913145,SPCX
2026-06-23 10:57:00,156.86000061035156,157.3800048828125,156.8000030517578,157.36500549316406,165538,SPCX
2026-06-23 10:58:00,157.3300018310547,157.39999389648438,156.86500549316406,157.1999969482422,860984,SPCX
2026-06-23 10:59:00,157.27000427246094,158.49989318847656,157.2550048828125,158.41000366210938,403946,SPCX
2026-06-23 11:00:00,158.3800048828125,158.57000732421875,158.08999633789062,158.3782958984375,257288,SPCX
2026-06-23 11:01:00,158.3800048828125,159.0,158.32000732421875,158.91009521484375,333034,SPCX
2026-06-23 11:02:00,158.94000244140625,159.39999389648438,158.75,159.33999633789062,464923,SPCX
2026-06-23 11:03:00,159.34500122070312,159.49000549316406,159.10009765625,159.2957000732422,465467,SPCX
2026-06-23 11:04:00,159.27999877929688,159.42999267578125,159.0500030517578,159.10499572753906,393215,SPCX
2026-06-23 11:05:00,159.10499572753906,159.32000732421875,158.4499969482422,158.51499938964844,367009,SPCX
2026-06-23 11:06:00,158.51499938964844,158.91000366210938,158.30999755859375,158.88499450683594,269056,SPCX
2026-06-23 11:07:00,158.8699951171875,159.39999389648438,158.63009643554688,159.1999969482422,329580,SPCX
2026-06-23 11:08:00,159.1909942626953,159.6999969482422,159.09010314941406,159.60000610351562,437283,SPCX
2026-06-23 11:09:00,159.58999633789062,159.83999633789062,159.3300018310547,159.7086944580078,328648,SPCX
2026-06-23 11:10:00,159.66000366210938,159.86000061035156,159.10000610351562,159.47000122070312,326227,SPCX
2026-06-23 11:11:00,159.3800048828125,159.66000366210938,159.22999572753906,159.23500061035156,225288,SPCX
2026-06-23 11:12:00,159.239501953125,159.3000030517578,158.80999755859375,159.22999572753906,350104,SPCX
2026-06-23 11:13:00,159.1649932861328,159.25,158.5500030517578,158.80999755859375,253870,SPCX
2026-06-23 11:14:00,158.78750610351562,159.16000366210938,158.78750610351562,159.0399932861328,157761,SPCX
2026-06-23 11:15:00,159.02999877929688,159.4499969482422,159.02499389648438,159.05499267578125,235343,SPCX
2026-06-23 11:16:00,159.0500030517578,159.0583953857422,158.3699951171875,158.5261993408203,364799,SPCX
2026-06-23 11:17:00,158.5,158.77499389648438,158.0,158.2050018310547,252082,SPCX
2026-06-23 11:18:00,158.1501007080078,158.5,158.0800018310547,158.1300048828125,0,SPCX
2026-06-23 11:19:00,158.1300048828125,158.52999877929688,157.8000030517578,157.8249969482422,301663,SPCX
2026-06-23 11:20:00,157.8249969482422,158.1699981689453,157.77999877929688,158.1300048828125,167126,SPCX
2026-06-23 11:21:00,158.09010314941406,158.5,158.0500030517578,158.37750244140625,145974,SPCX
2026-06-23 11:22:00,158.36500549316406,159.0,158.33999633789062,158.94000244140625,245046,SPCX
2026-06-23 11:23:00,158.9199981689453,159.47999572753906,158.80999755859375,159.35499572753906,639271,SPCX
2026-06-23 11:24:00,159.36000061035156,159.6699981689453,159.3000030517578,159.56500244140625,286823,SPCX
2026-06-23 11:25:00,159.5500030517578,159.66909790039062,159.22000122070312,159.46499633789062,228613,SPCX
2026-06-23 11:26:00,159.4600067138672,159.52999877929688,158.86300659179688,158.875,217303,SPCX
2026-06-23 11:27:00,158.86000061035156,159.0,158.65060424804688,158.8083038330078,203993,SPCX
2026-06-23 11:28:00,158.7899932861328,158.8249969482422,158.1511993408203,158.25,177383,SPCX
2026-06-23 11:29:00,158.22000122070312,158.79969787597656,158.21470642089844,158.35000610351562,295287,SPCX
2026-06-23 11:30:00,158.33999633789062,158.33999633789062,157.83009338378906,157.88499450683594,266069,SPCX
2026-06-23 11:31:00,157.8800048828125,158.0,157.5,157.52000427246094,457739,SPCX
2026-06-23 11:32:00,157.50999450683594,157.55999755859375,157.3000030517578,157.47999572753906,185342,SPCX
2026-06-23 11:33:00,157.4949951171875,157.77999877929688,157.41000366210938,157.7100067138672,143890,SPCX
2026-06-23 11:34:00,157.72999572753906,157.9499969482422,157.6300048828125,157.89500427246094,197898,SPCX
2026-06-23 11:35:00,157.89500427246094,157.9290008544922,157.55999755859375,157.8125,165051,SPCX
2026-06-23 11:36:00,157.76849365234375,158.0,157.6999969482422,157.80679321289062,135511,SPCX
2026-06-23 11:37:00,157.8000030517578,157.9644012451172,157.6501007080078,157.77499389648438,139512,SPCX
2026-06-23 11:38:00,157.77999877929688,157.7899932861328,157.1199951171875,157.5399932861328,213965,SPCX
2026-06-23 11:39:00,157.53500366210938,157.5500030517578,156.8000946044922,156.9499969482422,410241,SPCX
2026-06-23 11:40:00,156.9499969482422,157.8800048828125,156.89999389648438,157.83999633789062,213173,SPCX
2026-06-23 11:41:00,157.80999755859375,158.02000427246094,157.75,157.99000549316406,211546,SPCX
2026-06-23 11:42:00,157.99989318847656,158.0,157.80999755859375,157.9949951171875,2636376,SPCX
2026-06-23 11:43:00,157.99000549316406,158.33999633789062,157.97999572753906,158.24110412597656,245781,SPCX
2026-06-23 11:44:00,158.25,158.5,158.24009704589844,158.46249389648438,168062,SPCX
2026-06-23 11:45:00,158.4600067138672,158.4698944091797,157.99000549316406,158.0850067138672,200907,SPCX
2026-06-23 11:46:00,158.10000610351562,158.1999969482422,157.92999267578125,158.15919494628906,152053,SPCX
2026-06-23 11:47:00,158.1699981689453,158.97999572753906,158.1699981689453,158.78550720214844,267913,SPCX
2026-06-23 11:48:00,158.78500366210938,158.85000610351562,158.64999389648438,158.6885986328125,118091,SPCX
2026-06-23 11:49:00,158.64999389648438,158.73989868164062,158.27000427246094,158.3699951171875,162531,SPCX
2026-06-23 11:50:00,158.3791046142578,158.5500030517578,158.2949981689453,158.44500732421875,132450,SPCX
2026-06-23 11:51:00,158.44949340820312,159.0,158.35009765625,158.99000549316406,201506,SPCX
2026-06-23 11:52:00,158.97999572753906,159.3000030517578,158.9600067138672,159.19000244140625,255102,SPCX
2026-06-23 11:53:00,159.1800994873047,159.22520446777344,159.00999450683594,159.14500427246094,218958,SPCX
2026-06-23 11:54:00,159.14500427246094,159.8000030517578,159.10499572753906,159.77999877929688,368023,SPCX
2026-06-23 11:55:00,159.76499938964844,159.9499969482422,159.4001007080078,159.5749969482422,364880,SPCX
2026-06-23 11:56:00,159.55999755859375,159.8300018310547,159.5010986328125,159.80270385742188,206337,SPCX
2026-06-23 11:57:00,159.7949981689453,161.15989685058594,159.6199951171875,161.07029724121094,766658,SPCX
2026-06-23 11:58:00,161.0850067138672,161.39999389648438,161.02999877929688,161.18499755859375,559803,SPCX
2026-06-23 11:59:00,161.2100067138672,161.4600067138672,161.10000610351562,161.22000122070312,368612,SPCX
2026-06-23 12:00:00,161.22500610351562,161.86000061035156,161.01010131835938,161.6699981689453,507232,SPCX
2026-06-23 12:01:00,161.72999572753906,161.86000061035156,161.53469848632812,161.6199951171875,267938,SPCX
2026-06-23 12:02:00,161.67999267578125,161.69000244140625,161.14999389648438,161.27499389648438,346973,SPCX
2026-06-23 12:03:00,161.25,161.60000610351562,161.0500030517578,161.44000244140625,213881,SPCX
2026-06-23 12:04:00,161.44000244140625,162.3800048828125,161.41000366210938,162.36000061035156,396062,SPCX
2026-06-23 12:05:00,162.36819458007812,162.78900146484375,162.1699981689453,162.6300048828125,492391,SPCX
2026-06-23 12:06:00,162.6300048828125,163.4394073486328,162.33999633789062,163.3699951171875,665710,SPCX
2026-06-23 12:07:00,163.3000030517578,163.67999267578125,162.77000427246094,162.77000427246094,687784,SPCX
2026-06-23 12:08:00,162.77499389648438,162.9398956298828,162.39999389648438,162.8968048095703,398121,SPCX
2026-06-23 12:09:00,162.9199981689453,163.19000244140625,162.71009826660156,163.16990661621094,309645,SPCX
2026-06-23 12:10:00,163.1300048828125,163.61000061035156,162.9499969482422,163.54010009765625,335204,SPCX
2026-06-23 12:11:00,163.57000732421875,163.77000427246094,160.11000061035156,162.72500610351562,547338,SPCX
2026-06-23 12:12:00,162.67999267578125,162.689697265625,162.07009887695312,162.25,303913,SPCX
2026-06-23 12:13:00,162.22999572753906,162.89999389648438,161.92010498046875,162.8699951171875,292826,SPCX
2026-06-23 12:14:00,162.85000610351562,163.1999969482422,162.64010620117188,162.71009826660156,259558,SPCX
2026-06-23 12:15:00,162.73500061035156,163.0,162.42999267578125,162.91729736328125,264628,SPCX
2026-06-23 12:16:00,162.90499877929688,163.27999877929688,162.78750610351562,162.93499755859375,253024,SPCX
2026-06-23 12:17:00,162.92999267578125,163.17999267578125,162.82220458984375,162.86000061035156,224489,SPCX
2026-06-23 12:18:00,162.86000061035156,163.0,162.64010620117188,162.97000122070312,220491,SPCX
2026-06-23 12:19:00,162.9698944091797,163.32000732421875,162.70010375976562,162.7100067138672,857963,SPCX
2026-06-23 12:20:00,162.7100067138672,162.7899932861328,162.2100067138672,162.22500610351562,302743,SPCX
2026-06-23 12:21:00,162.22500610351562,162.47000122070312,162.10000610351562,162.25999450683594,278563,SPCX
2026-06-23 12:22:00,162.22000122070312,162.94000244140625,161.6999969482422,162.6699981689453,410286,SPCX
2026-06-23 12:23:00,162.66000366210938,163.5,162.41099548339844,163.41000366210938,275982,SPCX
2026-06-23 12:24:00,163.4149932861328,163.87989807128906,163.3300018310547,163.75,387894,SPCX
2026-06-23 12:25:00,163.74000549316406,163.89999389648438,163.4499969482422,163.7550048828125,299834,SPCX
2026-06-23 12:26:00,163.7550048828125,164.0,163.4300994873047,163.97999572753906,344159,SPCX
2026-06-23 12:27:00,163.97000122070312,164.13999938964844,163.6999969482422,163.9300994873047,456239,SPCX
2026-06-23 12:28:00,163.94000244140625,163.95249938964844,163.60000610351562,163.6199951171875,256212,SPCX
2026-06-23 12:29:00,163.62680053710938,163.9199981689453,163.5,163.60989379882812,238505,SPCX
2026-06-23 12:30:00,163.61000061035156,164.77999877929688,163.60009765625,164.7100067138672,571002,SPCX
2026-06-23 12:31:00,164.7100067138672,165.5,164.46009826660156,165.27999877929688,1215599,SPCX
2026-06-23 12:32:00,165.25,165.25,163.8000946044922,164.13999938964844,634779,SPCX
2026-06-23 12:33:00,164.11000061035156,164.22999572753906,162.8000030517578,162.82000732421875,587124,SPCX
2026-06-23 12:34:00,162.80999755859375,162.889892578125,162.3675994873047,162.74000549316406,457042,SPCX
2026-06-23 12:35:00,162.74000549316406,163.19000244140625,162.6199951171875,162.75999450683594,267371,SPCX
2026-06-23 12:36:00,162.7550048828125,162.9998016357422,162.65499877929688,162.70989990234375,180010,SPCX
2026-06-23 12:37:00,162.7050018310547,163.08999633789062,162.36000061035156,162.83999633789062,378020,SPCX
2026-06-23 12:38:00,162.83999633789062,162.8699951171875,161.85000610351562,162.16000366210938,326504,SPCX
2026-06-23 12:39:00,162.10000610351562,162.14990234375,161.50999450683594,162.0399932861328,257988,SPCX
2026-06-23 12:40:00,162.0399932861328,162.5,161.8524932861328,162.49000549316406,242981,SPCX
2026-06-23 12:41:00,162.5,162.61000061035156,162.25,162.58999633789062,133848,SPCX
2026-06-23 12:42:00,162.56500244140625,162.9600067138672,162.55250549316406,162.86000061035156,165889,SPCX
2026-06-23 12:43:00,162.8699951171875,163.10000610351562,162.7301025390625,162.73989868164062,186741,SPCX
2026-06-23 12:44:00,162.72999572753906,162.9600067138672,162.64999389648438,162.80499267578125,116026,SPCX
2026-06-23 12:45:00,162.8000030517578,162.97999572753906,162.3699951171875,162.38499450683594,162273,SPCX
2026-06-23 12:46:00,162.38499450683594,162.64999389648438,162.25,162.38999938964844,166475,SPCX
2026-06-23 12:47:00,162.35000610351562,162.36500549316406,161.74000549316406,161.8925018310547,244109,SPCX
2026-06-23 12:48:00,161.86279296875,162.24000549316406,161.8000030517578,162.14999389648438,126950,SPCX
2026-06-23 12:49:00,162.14999389648438,162.47000122070312,162.13999938964844,162.41000366210938,114363,SPCX
2026-06-23 12:50:00,162.35499572753906,162.4499969482422,162.0399932861328,162.22000122070312,94752,SPCX
2026-06-23 12:51:00,162.22000122070312,162.7899932861328,162.21249389648438,162.72500610351562,141920,SPCX
2026-06-23 12:52:00,162.75,163.05999755859375,162.7498016357422,162.8000030517578,199831,SPCX
2026-06-23 12:53:00,162.8000030517578,163.0,162.61000061035156,162.88499450683594,116738,SPCX
2026-06-23 12:54:00,162.88499450683594,163.16000366210938,162.62240600585938,162.8699951171875,169813,SPCX
2026-06-23 12:55:00,162.9199981689453,163.1300048828125,162.86000061035156,163.01669311523438,137772,SPCX
2026-06-23 12:56:00,163.01010131835938,163.43150329589844,163.00999450683594,163.02000427246094,370680,SPCX
2026-06-23 12:57:00,163.01499938964844,163.36000061035156,163.00999450683594,163.36000061035156,139906,SPCX
2026-06-23 12:58:00,163.3300018310547,163.389892578125,163.00999450683594,163.17999267578125,123603,SPCX
2026-06-23 12:59:00,163.14999389648438,163.39999389648438,163.10000610351562,163.2592010498047,108782,SPCX
2026-06-23 13:00:00,163.22999572753906,163.38999938964844,163.22999572753906,163.3350067138672,127803,SPCX
2026-06-23 13:01:00,163.35000610351562,163.88999938964844,163.33999633789062,163.85000610351562,243828,SPCX
2026-06-23 13:02:00,163.83999633789062,164.02000427246094,163.7801055908203,163.82009887695312,294437,SPCX
2026-06-23 13:03:00,163.8249969482422,163.99000549316406,163.76019287109375,163.89999389648438,135673,SPCX
2026-06-23 13:04:00,163.88499450683594,164.02000427246094,163.67999267578125,163.9250030517578,248853,SPCX
2026-06-23 13:05:00,163.92999267578125,164.1999969482422,163.8000030517578,164.13499450683594,233402,SPCX
2026-06-23 13:06:00,164.17999267578125,164.3188018798828,163.8800048828125,163.9499969482422,206583,SPCX
2026-06-23 13:07:00,163.9499969482422,163.9600067138672,163.64500427246094,163.68499755859375,213314,SPCX
2026-06-23 13:08:00,163.66009521484375,163.91000366210938,163.4499969482422,163.60499572753906,245317,SPCX
2026-06-23 13:09:00,163.60499572753906,164.38999938964844,163.57000732421875,164.3585968017578,169182,SPCX
2026-06-23 13:10:00,164.35000610351562,164.5,163.80999755859375,163.80999755859375,228483,SPCX
2026-06-23 13:11:00,163.8000030517578,164.4597930908203,163.7899932861328,164.3699951171875,177616,SPCX
2026-06-23 13:12:00,164.3699951171875,164.52999877929688,164.27999877929688,164.3699951171875,241921,SPCX
2026-06-23 13:13:00,164.3699951171875,164.47000122070312,164.22999572753906,164.24989318847656,129065,SPCX
2026-06-23 13:14:00,164.25,164.47000122070312,164.22000122070312,164.27999877929688,161168,SPCX
2026-06-23 13:15:00,164.3000030517578,164.67999267578125,164.19500732421875,164.63009643554688,196425,SPCX
2026-06-23 13:16:00,164.65499877929688,164.69960021972656,164.26010131835938,164.6300048828125,167987,SPCX
2026-06-23 13:17:00,164.59500122070312,164.60569763183594,164.0749969482422,164.14999389648438,224940,SPCX
2026-06-23 13:18:00,164.16000366210938,164.3896942138672,164.07000732421875,164.11000061035156,130523,SPCX
2026-06-23 13:19:00,164.11990356445312,164.38999938964844,164.08999633789062,164.30999755859375,92423,SPCX
2026-06-23 13:20:00,164.3300018310547,164.5,164.3300018310547,164.4499969482422,106910,SPCX
2026-06-23 13:21:00,164.44000244140625,164.67999267578125,164.36000061035156,164.58999633789062,136533,SPCX
2026-06-23 13:22:00,164.58999633789062,164.58999633789062,164.10000610351562,164.10000610351562,197503,SPCX
2026-06-23 13:23:00,164.10000610351562,164.3699951171875,163.52999877929688,163.90969848632812,279228,SPCX
2026-06-23 13:24:00,163.91000366210938,164.06500244140625,163.8000030517578,163.94000244140625,127567,SPCX
2026-06-23 13:25:00,163.92999267578125,164.3000030517578,163.89999389648438,164.1750030517578,117501,SPCX
2026-06-23 13:26:00,164.1699981689453,164.1999053955078,163.56300354003906,163.56500244140625,108009,SPCX
2026-06-23 13:27:00,163.55999755859375,163.8699951171875,163.3000030517578,163.60000610351562,233252,SPCX
2026-06-23 13:28:00,163.5800018310547,163.6699981689453,163.3101043701172,163.57000732421875,195926,SPCX
2026-06-23 13:29:00,163.55499267578125,163.97999572753906,163.55499267578125,163.81500244140625,163941,SPCX
2026-06-23 13:30:00,163.81500244140625,163.85000610351562,163.3350067138672,163.47019958496094,125202,SPCX
2026-06-23 13:31:00,163.47000122070312,163.59970092773438,163.0,163.1199951171875,204466,SPCX
2026-06-23 13:32:00,163.1248016357422,163.2100067138672,162.82980346679688,163.10659790039062,164636,SPCX
2026-06-23 13:33:00,163.11749267578125,163.30810546875,163.0449981689453,163.24000549316406,118705,SPCX
2026-06-23 13:34:00,163.24000549316406,163.3000030517578,163.1125030517578,163.22000122070312,104394,SPCX
2026-06-23 13:35:00,163.22000122070312,163.44000244140625,163.0800018310547,163.33999633789062,142240,SPCX
2026-06-23 13:36:00,163.33999633789062,163.4199981689453,163.1199951171875,163.3249969482422,121937,SPCX
2026-06-23 13:37:00,163.3249969482422,163.5399932861328,163.2949981689453,163.5,153120,SPCX
2026-06-23 13:38:00,163.4499969482422,163.75,163.39010620117188,163.39999389648438,156279,SPCX
2026-06-23 13:39:00,163.38999938964844,163.39500427246094,162.50999450683594,162.55499267578125,196302,SPCX
2026-06-23 13:40:00,162.52000427246094,162.852294921875,162.25999450683594,162.39999389648438,220853,SPCX
2026-06-23 13:41:00,162.39999389648438,162.98849487304688,162.35000610351562,162.8524932861328,160778,SPCX
2026-06-23 13:42:00,162.85499572753906,162.8592071533203,162.4824981689453,162.48500061035156,120413,SPCX
2026-06-23 13:43:00,162.47999572753906,162.55999755859375,162.00999450683594,162.02999877929688,169456,SPCX
2026-06-23 13:44:00,162.0325927734375,162.10000610351562,161.8000030517578,161.86990356445312,236339,SPCX
2026-06-23 13:45:00,161.84500122070312,162.4499969482422,161.6999969482422,162.41000366210938,212454,SPCX
2026-06-23 13:46:00,162.35000610351562,162.3699951171875,161.75010681152344,162.0500030517578,170262,SPCX
2026-06-23 13:47:00,162.07000732421875,162.10000610351562,161.60009765625,161.7100067138672,114762,SPCX
2026-06-23 13:48:00,161.72000122070312,161.75,161.08999633789062,161.10670471191406,233598,SPCX
2026-06-23 13:49:00,161.125,161.22000122070312,161.00999450683594,161.08999633789062,175602,SPCX
2026-06-23 13:50:00,161.07000732421875,161.43629455566406,161.0500030517578,161.2541961669922,128820,SPCX
2026-06-23 13:51:00,161.25999450683594,161.85000610351562,161.22000122070312,161.47999572753906,173185,SPCX
2026-06-23 13:52:00,161.47000122070312,161.52000427246094,161.29010009765625,161.30499267578125,100310,SPCX
2026-06-23 13:53:00,161.3000946044922,161.30499267578125,160.7899932861328,160.83999633789062,272977,SPCX
2026-06-23 13:54:00,160.8000030517578,160.89999389648438,160.51010131835938,160.52499389648438,236931,SPCX
2026-06-23 13:55:00,160.57000732421875,160.89999389648438,160.44000244140625,160.85299682617188,230345,SPCX
2026-06-23 13:56:00,160.8000030517578,161.1300048828125,160.69000244140625,160.72000122070312,189205,SPCX
2026-06-23 13:57:00,160.72500610351562,161.02999877929688,160.64999389648438,160.96499633789062,98752,SPCX
2026-06-23 13:58:00,160.9499969482422,161.35000610351562,160.9499969482422,161.24000549316406,167339,SPCX
2026-06-23 13:59:00,161.2100067138672,161.31849670410156,161.0601043701172,161.11500549316406,133957,SPCX
2026-06-23 14:00:00,161.11000061035156,161.66000366210938,161.05999755859375,161.60499572753906,180598,SPCX
2026-06-23 14:01:00,161.60499572753906,161.72000122070312,161.39999389648438,161.67999267578125,151991,SPCX
2026-06-23 14:02:00,161.67999267578125,161.7100067138672,161.50250244140625,161.6199951171875,129893,SPCX
2026-06-23 14:03:00,161.5850067138672,161.72999572753906,161.4801025390625,161.6199951171875,127895,SPCX
2026-06-23 14:04:00,161.6199951171875,161.64999389648438,161.3300018310547,161.53590393066406,123540,SPCX
2026-06-23 14:05:00,161.55499267578125,161.91990661621094,161.50010681152344,161.80999755859375,239632,SPCX
2026-06-23 14:06:00,161.851806640625,162.3800048828125,161.8000030517578,162.25999450683594,243534,SPCX
2026-06-23 14:07:00,162.25,162.25840759277344,161.83999633789062,161.99000549316406,137801,SPCX
2026-06-23 14:08:00,161.97000122070312,162.36000061035156,161.9199981689453,162.0500030517578,125521,SPCX
2026-06-23 14:09:00,162.02999877929688,162.19000244140625,161.8563995361328,161.89999389648438,112839,SPCX
2026-06-23 14:10:00,161.89999389648438,162.0,161.5,161.65499877929688,142171,SPCX
2026-06-23 14:11:00,161.64999389648438,161.67999267578125,161.5,161.55999755859375,81257,SPCX
2026-06-23 14:12:00,161.5500030517578,161.57000732421875,161.27000427246094,161.27000427246094,127016,SPCX
2026-06-23 14:13:00,161.25,161.32679748535156,160.5399932861328,160.5500030517578,194805,SPCX
2026-06-23 14:14:00,160.50999450683594,160.51980590820312,160.0,160.00010681152344,284945,SPCX
2026-06-23 14:15:00,160.0,160.1300048828125,159.860107421875,159.9149932861328,466931,SPCX
2026-06-23 14:16:00,159.94500732421875,160.13999938964844,159.42520141601562,159.61700439453125,273159,SPCX
2026-06-23 14:17:00,159.63499450683594,160.31500244140625,159.61410522460938,159.9550018310547,207960,SPCX
2026-06-23 14:18:00,159.9550018310547,160.19000244140625,159.72000122070312,159.9949951171875,182995,SPCX
2026-06-23 14:19:00,159.99009704589844,160.1999053955078,159.85000610351562,160.0800018310547,135107,SPCX
2026-06-23 14:20:00,160.0749969482422,160.11000061035156,159.69000244140625,159.7550048828125,140422,SPCX
2026-06-23 14:21:00,159.72999572753906,160.11000061035156,159.72999572753906,159.9600067138672,145383,SPCX
2026-06-23 14:22:00,159.94500732421875,160.64999389648438,159.92999267578125,160.28500366210938,239738,SPCX
2026-06-23 14:23:00,160.2801055908203,160.52000427246094,160.2100067138672,160.4550018310547,126508,SPCX
2026-06-23 14:24:00,160.52499389648438,160.52999877929688,160.1699981689453,160.30079650878906,103064,SPCX
2026-06-23 14:25:00,160.26499938964844,160.63999938964844,160.24249267578125,160.5850067138672,117837,SPCX
2026-06-23 14:26:00,160.55999755859375,160.55999755859375,160.16009521484375,160.27999877929688,85346,SPCX
2026-06-23 14:27:00,160.2100067138672,160.6699981689453,160.2050018310547,160.2949981689453,125594,SPCX
2026-06-23 14:28:00,160.25,160.5500030517578,160.22999572753906,160.36500549316406,85750,SPCX
2026-06-23 14:29:00,160.32009887695312,160.49989318847656,160.3000030517578,160.32009887695312,65361,SPCX
2026-06-23 14:30:00,160.3000030517578,160.5399932861328,160.02999877929688,160.03140258789062,121885,SPCX
2026-06-23 14:31:00,160.031005859375,160.36000061035156,160.00999450683594,160.22999572753906,121070,SPCX
2026-06-23 14:32:00,160.22000122070312,160.39999389648438,160.0749969482422,160.2449951171875,124046,SPCX
2026-06-23 14:33:00,160.26100158691406,160.26100158691406,159.8699951171875,160.0800018310547,151078,SPCX
2026-06-23 14:34:00,160.0850067138672,160.2899932861328,159.99000549316406,160.1300048828125,85599,SPCX
2026-06-23 14:35:00,160.11000061035156,160.32000732421875,160.0449981689453,160.12069702148438,92197,SPCX
2026-06-23 14:36:00,160.1199951171875,160.30999755859375,160.0500030517578,160.23500061035156,80193,SPCX
2026-06-23 14:37:00,160.23500061035156,160.27000427246094,160.0,160.1024932861328,101622,SPCX
2026-06-23 14:38:00,160.08999633789062,160.4799041748047,159.89999389648438,160.44000244140625,150498,SPCX
2026-06-23 14:39:00,160.38999938964844,160.74000549316406,160.38999938964844,160.4949951171875,150070,SPCX
2026-06-23 14:40:00,160.4989013671875,160.5,159.77000427246094,159.77499389648438,145902,SPCX
2026-06-23 14:41:00,159.77000427246094,160.44000244140625,159.71249389648438,160.32000732421875,159946,SPCX
2026-06-23 14:42:00,160.34500122070312,160.52999877929688,159.80039978027344,159.9001007080078,149433,SPCX
2026-06-23 14:43:00,159.89999389648438,160.10000610351562,159.7924041748047,159.7924041748047,111618,SPCX
2026-06-23 14:44:00,159.7899932861328,159.86000061035156,159.5800018310547,159.6125030517578,164288,SPCX
2026-06-23 14:45:00,159.61500549316406,159.61500549316406,159.14999389648438,159.1999969482422,224383,SPCX
2026-06-23 14:46:00,159.16000366210938,159.4095001220703,158.6699981689453,158.6699981689453,246025,SPCX
2026-06-23 14:47:00,158.64999389648438,159.0,158.33999633789062,158.5,300304,SPCX
2026-06-23 14:48:00,158.48500061035156,159.1999969482422,158.48500061035156,159.0449981689453,215423,SPCX
2026-06-23 14:49:00,159.0399932861328,159.35000610351562,159.0399932861328,159.25,133270,SPCX
2026-06-23 14:50:00,159.25999450683594,159.57000732421875,159.20010375976562,159.47500610351562,151872,SPCX
2026-06-23 14:51:00,159.5,159.5500030517578,159.35000610351562,159.35009765625,102442,SPCX
2026-06-23 14:52:00,159.35000610351562,159.35009765625,159.02000427246094,159.1300048828125,167367,SPCX
2026-06-23 14:53:00,159.1199951171875,159.1199951171875,158.52000427246094,158.61000061035156,181753,SPCX
2026-06-23 14:54:00,158.65249633789062,158.8699951171875,158.3000946044922,158.7899932861328,164263,SPCX
2026-06-23 14:55:00,158.82000732421875,158.82000732421875,158.30499267578125,158.3699951171875,139860,SPCX
2026-06-23 14:56:00,158.3699951171875,158.389892578125,158.16119384765625,158.20010375976562,180869,SPCX
2026-06-23 14:57:00,158.1999969482422,158.4290008544922,158.18499755859375,158.3350067138672,161942,SPCX
2026-06-23 14:58:00,158.33999633789062,158.86000061035156,158.3000030517578,158.80499267578125,180357,SPCX
2026-06-23 14:59:00,158.77000427246094,158.9698944091797,158.63900756835938,158.74249267578125,163236,SPCX
2026-06-23 15:00:00,158.7449951171875,158.82000732421875,158.42250061035156,158.74000549316406,160719,SPCX
2026-06-23 15:01:00,158.80999755859375,158.96400451660156,158.67999267578125,158.88160705566406,155234,SPCX
2026-06-23 15:02:00,158.8699951171875,158.968994140625,158.3000946044922,158.31570434570312,146542,SPCX
2026-06-23 15:03:00,158.33999633789062,158.49000549316406,158.25999450683594,158.4499969482422,110840,SPCX
2026-06-23 15:04:00,158.4499969482422,158.60989379882812,158.35000610351562,158.3699951171875,134972,SPCX
2026-06-23 15:05:00,158.36000061035156,158.8000030517578,158.35000610351562,158.6199951171875,147371,SPCX
2026-06-23 15:06:00,158.63999938964844,158.7299041748047,158.0644989013672,158.1300048828125,102362,SPCX
2026-06-23 15:07:00,158.10000610351562,158.16000366210938,157.57000732421875,157.94000244140625,330454,SPCX
2026-06-23 15:08:00,157.92999267578125,158.05999755859375,157.75999450683594,158.0,198185,SPCX
2026-06-23 15:09:00,157.99000549316406,158.27000427246094,157.66009521484375,157.6699981689453,179243,SPCX
2026-06-23 15:10:00,157.6699981689453,157.75999450683594,157.42999267578125,157.4801025390625,208396,SPCX
2026-06-23 15:11:00,157.47999572753906,157.89990234375,157.47999572753906,157.85000610351562,137515,SPCX
2026-06-23 15:12:00,157.84010314941406,157.92999267578125,157.51060485839844,157.8094940185547,175408,SPCX
2026-06-23 15:13:00,157.7899932861328,158.16000366210938,157.6699981689453,158.06500244140625,121823,SPCX
2026-06-23 15:14:00,158.0944061279297,158.33999633789062,157.92999267578125,158.17999267578125,148593,SPCX
2026-06-23 15:15:00,158.16729736328125,158.3300018310547,157.94000244140625,157.97999572753906,109342,SPCX
2026-06-23 15:16:00,157.9499969482422,158.1486053466797,157.82009887695312,157.82009887695312,120132,SPCX
2026-06-23 15:17:00,157.85000610351562,158.0,157.45010375976562,157.47000122070312,190677,SPCX
2026-06-23 15:18:00,157.4499969482422,157.6199951171875,157.3000030517578,157.57769775390625,205635,SPCX
2026-06-23 15:19:00,157.58999633789062,157.92999267578125,157.53250122070312,157.90499877929688,144144,SPCX
2026-06-23 15:20:00,157.89999389648438,158.1199951171875,157.8300018310547,157.8300018310547,157533,SPCX
2026-06-23 15:21:00,157.8300018310547,158.389892578125,157.62060546875,158.25,199758,SPCX
2026-06-23 15:22:00,158.2449951171875,158.2449951171875,157.91000366210938,158.01499938964844,155885,SPCX
2026-06-23 15:23:00,158.01499938964844,158.8699951171875,158.0,158.7100067138672,232740,SPCX
2026-06-23 15:24:00,158.6699981689453,158.6750030517578,158.05389404296875,158.33999633789062,158246,SPCX
2026-06-23 15:25:00,158.32000732421875,158.89999389648438,158.3000030517578,158.80459594726562,158711,SPCX
2026-06-23 15:26:00,158.77000427246094,159.33999633789062,158.77000427246094,159.0749969482422,292984,SPCX
2026-06-23 15:27:00,159.07000732421875,159.13999938964844,158.7899932861328,159.0050048828125,180942,SPCX
2026-06-23 15:28:00,159.0,159.05999755859375,158.77999877929688,158.9499969482422,141861,SPCX
2026-06-23 15:29:00,158.94239807128906,159.1199951171875,158.92010498046875,159.0850067138672,128388,SPCX
2026-06-23 15:30:00,159.10000610351562,159.3000030517578,158.8300018310547,158.9250030517578,239922,SPCX
2026-06-23 15:31:00,158.91000366210938,159.02999877929688,158.80999755859375,158.91000366210938,120196,SPCX
2026-06-23 15:32:00,158.91000366210938,158.9149932861328,158.4709930419922,158.47500610351562,179694,SPCX
2026-06-23 15:33:00,158.47000122070312,158.71499633789062,158.14999389648438,158.6750030517578,218279,SPCX
2026-06-23 15:34:00,158.69000244140625,159.0,158.61019897460938,158.97999572753906,153546,SPCX
2026-06-23 15:35:00,158.9550018310547,159.5500030517578,158.75120544433594,159.5,246914,SPCX
2026-06-23 15:36:00,159.5449981689453,159.64999389648438,159.2801055908203,159.4949951171875,179344,SPCX
2026-06-23 15:37:00,159.49000549316406,159.55990600585938,159.32000732421875,159.53500366210938,156149,SPCX
2026-06-23 15:38:00,159.50999450683594,159.55999755859375,159.1425018310547,159.22000122070312,167907,SPCX
2026-06-23 15:39:00,159.22000122070312,159.60000610351562,159.13499450683594,159.52999877929688,151542,SPCX
2026-06-23 15:40:00,159.56930541992188,160.05999755859375,159.07000732421875,159.07000732421875,305861,SPCX
2026-06-23 15:41:00,159.05999755859375,159.41990661621094,158.86000061035156,159.35000610351562,221407,SPCX
2026-06-23 15:42:00,159.33999633789062,159.3699951171875,159.05999755859375,159.22999572753906,146650,SPCX
2026-06-23 15:43:00,159.21009826660156,159.24000549316406,158.89999389648438,158.90789794921875,136565,SPCX
2026-06-23 15:44:00,158.89999389648438,158.89999389648438,158.22999572753906,158.22999572753906,239796,SPCX
2026-06-23 15:45:00,158.22500610351562,158.7449951171875,158.22000122070312,158.6898956298828,222143,SPCX
2026-06-23 15:46:00,158.63999938964844,158.82139587402344,158.58999633789062,158.6750030517578,137628,SPCX
2026-06-23 15:47:00,158.6750030517578,158.72439575195312,158.25999450683594,158.41000366210938,174571,SPCX
2026-06-23 15:48:00,158.36500549316406,158.55999755859375,158.33999633789062,158.44000244140625,137459,SPCX
2026-06-23 15:49:00,158.43499755859375,158.99000549316406,158.42999267578125,158.99000549316406,191497,SPCX
2026-06-23 15:50:00,158.9149932861328,159.1199951171875,158.45010375976562,158.88999938964844,244729,SPCX
2026-06-23 15:51:00,158.8699951171875,159.11000061035156,158.6501007080078,158.97999572753906,297552,SPCX
2026-06-23 15:52:00,158.98500061035156,159.10000610351562,158.9801025390625,159.05999755859375,171145,SPCX
2026-06-23 15:53:00,159.06500244140625,159.1300048828125,158.75,158.96499633789062,241797,SPCX
2026-06-23 15:54:00,158.94000244140625,159.08999633789062,158.6510009765625,158.90499877929688,303215,SPCX
2026-06-23 15:55:00,158.90499877929688,159.0800018310547,157.92999267578125,158.39999389648438,616268,SPCX
2026-06-23 15:56:00,158.39500427246094,158.75999450683594,158.39500427246094,158.58999633789062,345977,SPCX
2026-06-23 15:57:00,158.58999633789062,158.6999969482422,157.54269409179688,157.55999755859375,436651,SPCX
2026-06-23 15:58:00,157.61000061035156,157.65570068359375,156.75,157.10499572753906,794307,SPCX
2026-06-23 15:59:00,157.10499572753906,157.19000244140625,156.02499389648438,156.05999755859375,1082740,SPCX
2026-06-24 09:30:00,154.19540405273438,154.8000030517578,153.5800018310547,154.22999572753906,6192748,SPCX
2026-06-24 09:31:00,154.27999877929688,155.30999755859375,154.25999450683594,155.17250061035156,509700,SPCX
2026-06-24 09:32:00,155.2100067138672,156.0,154.61000061035156,155.70989990234375,450365,SPCX
2026-06-24 09:33:00,155.72000122070312,156.17999267578125,153.95840454101562,154.39500427246094,597756,SPCX
2026-06-24 09:34:00,154.28750610351562,154.7899932861328,153.75,154.74000549316406,304377,SPCX
2026-06-24 09:35:00,154.74029541015625,155.35000610351562,154.3300018310547,154.84840393066406,277011,SPCX
2026-06-24 09:36:00,154.87249755859375,154.92999267578125,153.37579345703125,153.4429931640625,387581,SPCX
2026-06-24 09:37:00,153.3699951171875,153.72999572753906,152.74200439453125,153.3300018310547,477612,SPCX
2026-06-24 09:38:00,153.3249969482422,153.47999572753906,152.6199951171875,153.06500244140625,452256,SPCX
2026-06-24 09:39:00,153.10000610351562,153.2100067138672,152.13999938964844,152.381103515625,348986,SPCX
2026-06-24 09:40:00,152.3800048828125,152.88999938964844,151.74000549316406,152.0050048828125,526354,SPCX
2026-06-24 09:41:00,152.0399932861328,152.3000030517578,150.8000030517578,150.89500427246094,642294,SPCX
2026-06-24 09:42:00,150.88999938964844,151.7100067138672,150.72000122070312,151.38999938964844,534933,SPCX
2026-06-24 09:43:00,151.39999389648438,151.99000549316406,151.0,151.77749633789062,354142,SPCX
2026-06-24 09:44:00,151.7747039794922,152.0,151.30029296875,151.47000122070312,296014,SPCX
2026-06-24 09:45:00,151.48500061035156,153.6999053955078,151.3000030517578,153.38999938964844,515539,SPCX
2026-06-24 09:46:00,153.38999938964844,153.6199951171875,152.6999969482422,153.2899932861328,285590,SPCX
2026-06-24 09:47:00,153.30999755859375,153.42999267578125,152.02999877929688,152.5399932861328,254693,SPCX
2026-06-24 09:48:00,152.58999633789062,152.60000610351562,151.77999877929688,152.60000610351562,253352,SPCX
2026-06-24 09:49:00,152.52499389648438,153.4600067138672,152.17010498046875,153.3800048828125,285473,SPCX
2026-06-24 09:50:00,153.3800048828125,154.42999267578125,153.3000030517578,154.07000732421875,412059,SPCX
2026-06-24 09:51:00,154.0800018310547,154.91000366210938,154.00999450683594,154.74270629882812,333145,SPCX
2026-06-24 09:52:00,154.7637939453125,155.0,154.0500030517578,154.41000366210938,279247,SPCX
2026-06-24 09:53:00,154.2899932861328,154.41000366210938,153.22999572753906,153.97999572753906,232908,SPCX
2026-06-24 09:54:00,154.0050048828125,154.97999572753906,153.94309997558594,154.75990295410156,254689,SPCX
2026-06-24 09:55:00,154.77999877929688,154.8300018310547,153.47999572753906,153.91000366210938,261661,SPCX
2026-06-24 09:56:00,153.97999572753906,154.11000061035156,153.02000427246094,153.1999969482422,308789,SPCX
2026-06-24 09:57:00,153.21499633789062,153.7100067138672,152.8101043701172,152.9499969482422,193165,SPCX
2026-06-24 09:58:00,152.97000122070312,153.5500030517578,152.61000061035156,153.5,198378,SPCX
2026-06-24 09:59:00,153.4600067138672,154.3000030517578,153.3300018310547,154.14810180664062,196202,SPCX
2026-06-24 10:00:00,154.125,154.49000549316406,153.4499969482422,153.7100067138672,202948,SPCX
2026-06-24 10:01:00,153.83999633789062,154.60000610351562,153.66000366210938,154.14999389648438,209179,SPCX
2026-06-24 10:02:00,154.11000061035156,155.1898956298828,153.77000427246094,154.9199981689453,421745,SPCX
2026-06-24 10:03:00,154.88499450683594,155.75,154.47000122070312,155.6300048828125,453832,SPCX
2026-06-24 10:04:00,155.69000244140625,157.22000122070312,155.50999450683594,156.8800048828125,806126,SPCX
2026-06-24 10:05:00,156.8000030517578,157.08999633789062,155.75999450683594,156.63999938964844,375945,SPCX
2026-06-24 10:06:00,156.64939880371094,156.97999572753906,156.01010131835938,156.53990173339844,233644,SPCX
2026-06-24 10:07:00,156.5399932861328,156.98399353027344,156.30999755859375,156.4199981689453,221588,SPCX
2026-06-24 10:08:00,156.3699951171875,156.86940002441406,155.72999572753906,155.85499572753906,278859,SPCX
2026-06-24 10:09:00,155.85499572753906,157.58999633789062,155.8300018310547,157.47000122070312,307265,SPCX
2026-06-24 10:10:00,157.47500610351562,157.5500030517578,156.10000610351562,156.2050018310547,306271,SPCX
2026-06-24 10:11:00,156.20989990234375,156.20989990234375,155.4149932861328,155.89500427246094,226594,SPCX
2026-06-24 10:12:00,155.89500427246094,155.89500427246094,155.1199951171875,155.3000030517578,217106,SPCX
2026-06-24 10:13:00,155.2928924560547,155.32989501953125,154.77999877929688,155.27699279785156,256843,SPCX
2026-06-24 10:14:00,155.2725067138672,156.11000061035156,154.94000244140625,155.94500732421875,255597,SPCX
2026-06-24 10:15:00,155.89999389648438,156.1999969482422,155.00010681152344,155.28500366210938,216950,SPCX
2026-06-24 10:16:00,155.28500366210938,155.3498992919922,154.94000244140625,155.11500549316406,189347,SPCX
2026-06-24 10:17:00,155.05999755859375,155.6999969482422,155.05999755859375,155.16000366210938,151618,SPCX
2026-06-24 10:18:00,155.22999572753906,155.6999969482422,155.1938018798828,155.50999450683594,128065,SPCX
2026-06-24 10:19:00,155.5500030517578,156.08999633789062,155.30999755859375,155.9600067138672,159467,SPCX
2026-06-24 10:20:00,155.97000122070312,155.97000122070312,155.22999572753906,155.8000030517578,169017,SPCX
2026-06-24 10:21:00,155.75999450683594,156.8000030517578,155.3300018310547,156.6699981689453,210528,SPCX
2026-06-24 10:22:00,156.7100067138672,157.0998992919922,156.5399932861328,157.0,222872,SPCX
2026-06-24 10:23:00,156.94500732421875,157.74000549316406,156.7899932861328,157.6898956298828,376399,SPCX
2026-06-24 10:24:00,157.67999267578125,157.89999389648438,157.2100067138672,157.7100067138672,322470,SPCX
2026-06-24 10:25:00,157.73989868164062,158.24000549316406,157.44000244140625,157.7100067138672,362328,SPCX
2026-06-24 10:26:00,157.7100067138672,157.77999877929688,157.0,157.202392578125,215374,SPCX
2026-06-24 10:27:00,157.1649932861328,158.25,157.02000427246094,157.86000061035156,188883,SPCX
2026-06-24 10:28:00,157.8916015625,158.47000122070312,157.82000732421875,158.0399932861328,269618,SPCX
2026-06-24 10:29:00,157.97000122070312,158.28500366210938,157.55320739746094,158.25,156792,SPCX
2026-06-24 10:30:00,158.1999969482422,158.5500030517578,157.92999267578125,158.1999969482422,244700,SPCX
2026-06-24 10:31:00,158.1300048828125,158.19500732421875,157.58999633789062,157.72999572753906,167587,SPCX
2026-06-24 10:32:00,157.75,158.2469940185547,157.60009765625,157.72000122070312,217984,SPCX
2026-06-24 10:33:00,157.6699981689453,158.38999938964844,157.36000061035156,158.30999755859375,264149,SPCX
2026-06-24 10:34:00,158.2801055908203,158.99000549316406,158.2801055908203,158.78500366210938,293095,SPCX
2026-06-24 10:35:00,158.7725067138672,158.99000549316406,158.42999267578125,158.52999877929688,266330,SPCX
2026-06-24 10:36:00,158.64999389648438,158.72000122070312,158.10000610351562,158.27999877929688,190848,SPCX
2026-06-24 10:37:00,158.22000122070312,158.55999755859375,157.42849731445312,157.7899932861328,238904,SPCX
2026-06-24 10:38:00,157.7899932861328,157.94000244140625,157.36000061035156,157.42999267578125,130898,SPCX
2026-06-24 10:39:00,157.47000122070312,157.47000122070312,156.74000549316406,156.85000610351562,221307,SPCX
2026-06-24 10:40:00,156.8990020751953,157.57000732421875,156.77000427246094,157.27000427246094,158018,SPCX
2026-06-24 10:41:00,157.1999969482422,157.2729034423828,156.8000030517578,156.91000366210938,110886,SPCX
2026-06-24 10:42:00,156.88780212402344,156.97999572753906,156.66000366210938,156.85000610351562,110056,SPCX
2026-06-24 10:43:00,156.8800048828125,156.97999572753906,156.35000610351562,156.63999938964844,208587,SPCX
2026-06-24 10:44:00,156.69000244140625,157.72999572753906,156.69000244140625,157.55999755859375,152791,SPCX
2026-06-24 10:45:00,157.4499969482422,157.89999389648438,156.95159912109375,157.0299072265625,147819,SPCX
2026-06-24 10:46:00,156.97500610351562,157.6199951171875,156.8300018310547,157.5399932861328,129715,SPCX
2026-06-24 10:47:00,157.60000610351562,157.69000244140625,157.19000244140625,157.3699951171875,138404,SPCX
2026-06-24 10:48:00,157.36000061035156,157.3699951171875,156.57009887695312,156.57009887695312,150424,SPCX
2026-06-24 10:49:00,156.57000732421875,156.7050018310547,156.2100067138672,156.3800048828125,160030,SPCX
2026-06-24 10:50:00,156.34500122070312,157.0989990234375,156.3101043701172,156.7799072265625,157892,SPCX
2026-06-24 10:51:00,156.7550048828125,157.22000122070312,156.50999450683594,156.875,101313,SPCX
2026-06-24 10:52:00,156.875,157.16000366210938,156.875,157.1300048828125,78000,SPCX
2026-06-24 10:53:00,157.14990234375,157.19000244140625,156.75999450683594,157.09500122070312,81787,SPCX
2026-06-24 10:54:00,157.0749969482422,157.35000610351562,156.4199981689453,156.58999633789062,143324,SPCX
2026-06-24 10:55:00,156.5399932861328,156.5749969482422,156.13999938964844,156.29710388183594,124893,SPCX
2026-06-24 10:56:00,156.31500244140625,156.94940185546875,156.31500244140625,156.88999938964844,123327,SPCX
2026-06-24 10:57:00,156.8800048828125,157.2100067138672,156.6999969482422,157.15499877929688,147280,SPCX
2026-06-24 10:58:00,157.125,157.48500061035156,157.10000610351562,157.37030029296875,122591,SPCX
2026-06-24 10:59:00,157.3800048828125,157.5,157.00999450683594,157.16639709472656,152645,SPCX
2026-06-24 11:00:00,157.1999969482422,157.2100067138672,156.94000244140625,157.1300048828125,88213,SPCX
2026-06-24 11:01:00,157.1199951171875,157.25,156.91000366210938,157.02499389648438,100266,SPCX
2026-06-24 11:02:00,157.00999450683594,157.38999938964844,156.91000366210938,157.3000030517578,109991,SPCX
2026-06-24 11:03:00,157.30499267578125,158.27999877929688,157.25,158.07000732421875,305578,SPCX
2026-06-24 11:04:00,158.11990356445312,158.21560668945312,157.91009521484375,158.03250122070312,153449,SPCX
2026-06-24 11:05:00,158.1999969482422,158.25,158.0,158.11000061035156,85661,SPCX
2026-06-24 11:06:00,158.1300048828125,158.22999572753906,157.6199951171875,157.7949981689453,115398,SPCX
2026-06-24 11:07:00,157.8699951171875,158.22999572753906,157.53500366210938,158.03199768066406,121963,SPCX
2026-06-24 11:08:00,158.07000732421875,158.2799072265625,158.02000427246094,158.19000244140625,108510,SPCX
2026-06-24 11:09:00,158.17999267578125,158.24949645996094,157.80999755859375,158.0,101524,SPCX
2026-06-24 11:10:00,157.98500061035156,158.5673065185547,157.9499969482422,158.45989990234375,162628,SPCX
2026-06-24 11:11:00,158.38999938964844,158.5500030517578,158.17999267578125,158.30999755859375,100576,SPCX
2026-06-24 11:12:00,158.32000732421875,158.4600067138672,157.7100067138672,157.84500122070312,135362,SPCX
2026-06-24 11:13:00,157.84500122070312,158.33999633789062,157.84500122070312,158.14999389648438,110473,SPCX
2026-06-24 11:14:00,158.1300048828125,158.5,158.00999450683594,158.28500366210938,108198,SPCX
2026-06-24 11:15:00,158.31500244140625,158.4799041748047,158.13999938964844,158.24000549316406,90521,SPCX
2026-06-24 11:16:00,158.3000030517578,158.6199951171875,158.17999267578125,158.61000061035156,119315,SPCX
2026-06-24 11:17:00,158.63999938964844,158.8699951171875,158.00999450683594,158.60000610351562,291221,SPCX
2026-06-24 11:18:00,158.66000366210938,159.57000732421875,158.4600067138672,159.2100067138672,290550,SPCX
2026-06-24 11:19:00,159.1759033203125,159.31089782714844,158.25999450683594,158.86000061035156,217341,SPCX
2026-06-24 11:20:00,158.80999755859375,159.41000366210938,158.6999969482422,159.28500366210938,225038,SPCX
2026-06-24 11:21:00,159.32000732421875,159.32000732421875,158.79600524902344,158.94000244140625,161810,SPCX
2026-06-24 11:22:00,158.91000366210938,158.91000366210938,158.10000610351562,158.3000030517578,156359,SPCX
2026-06-24 11:23:00,158.22999572753906,158.63999938964844,158.14999389648438,158.4250030517578,123165,SPCX
2026-06-24 11:24:00,158.39999389648438,158.4499969482422,157.88999938964844,157.94749450683594,266410,SPCX
2026-06-24 11:25:00,157.9199981689453,158.39999389648438,157.9199981689453,158.0,100374,SPCX
2026-06-24 11:26:00,157.97999572753906,158.36000061035156,157.97999572753906,158.19000244140625,102348,SPCX
2026-06-24 11:27:00,158.13999938964844,158.25,157.6999969482422,157.74560546875,179547,SPCX
2026-06-24 11:28:00,157.71499633789062,158.0,157.66000366210938,157.75,196063,SPCX
2026-06-24 11:29:00,157.80279541015625,158.15879821777344,157.75,158.15879821777344,87203,SPCX
2026-06-24 11:30:00,158.16000366210938,158.48500061035156,158.0,158.22000122070312,125329,SPCX
2026-06-24 11:31:00,158.3000030517578,158.3000030517578,158.00999450683594,158.2476043701172,60399,SPCX
2026-06-24 11:32:00,158.21490478515625,158.4199981689453,158.0500030517578,158.3800048828125,81773,SPCX
2026-06-24 11:33:00,158.2899932861328,158.33990478515625,158.14999389648438,158.1999969482422,69083,SPCX
2026-06-24 11:34:00,158.2100067138672,158.3000030517578,158.00999450683594,158.1699981689453,81308,SPCX
2026-06-24 11:35:00,158.18499755859375,158.8800048828125,158.08810424804688,158.82000732421875,99876,SPCX
2026-06-24 11:36:00,158.8699951171875,159.38999938964844,158.82000732421875,159.38999938964844,192280,SPCX
2026-06-24 11:37:00,159.39999389648438,159.39999389648438,158.9499969482422,159.125,139052,SPCX
2026-06-24 11:38:00,159.07009887695312,159.2899932861328,158.55999755859375,158.55999755859375,134462,SPCX
2026-06-24 11:39:00,158.5449981689453,159.139892578125,158.3300018310547,159.139892578125,137746,SPCX
2026-06-24 11:40:00,159.10000610351562,159.35000610351562,159.0,159.26499938964844,125489,SPCX
2026-06-24 11:41:00,159.26499938964844,159.38999938964844,159.1199951171875,159.19500732421875,93581,SPCX
2026-06-24 11:42:00,159.22000122070312,159.22000122070312,158.8699951171875,158.97000122070312,98193,SPCX
2026-06-24 11:43:00,158.9550018310547,159.16000366210938,158.91009521484375,159.1300048828125,87527,SPCX
2026-06-24 11:44:00,159.13999938964844,159.3000030517578,158.89999389648438,159.25,123522,SPCX
2026-06-24 11:45:00,159.3000030517578,159.5,159.07009887695312,159.1649932861328,163786,SPCX
2026-06-24 11:46:00,159.1649932861328,159.3000030517578,158.86000061035156,158.89500427246094,101952,SPCX
2026-06-24 11:47:00,158.86219787597656,159.19000244140625,158.86000061035156,159.16000366210938,68685,SPCX
2026-06-24 11:48:00,159.16000366210938,159.36000061035156,158.91009521484375,158.94500732421875,99937,SPCX
2026-06-24 11:49:00,158.94920349121094,159.38999938964844,158.69000244140625,159.35000610351562,131513,SPCX
2026-06-24 11:50:00,159.38999938964844,159.64999389648438,159.3300018310547,159.44000244140625,199215,SPCX
2026-06-24 11:51:00,159.43499755859375,159.8000030517578,159.12010192871094,159.6699981689453,147313,SPCX
2026-06-24 11:52:00,159.66000366210938,159.85989379882812,159.35000610351562,159.72999572753906,135298,SPCX
2026-06-24 11:53:00,159.77999877929688,159.8000030517578,158.8800048828125,159.1999969482422,241709,SPCX
2026-06-24 11:54:00,159.13999938964844,159.22999572753906,158.9499969482422,159.1199951171875,128126,SPCX
2026-06-24 11:55:00,159.06500244140625,159.3699951171875,159.06500244140625,159.3249969482422,77572,SPCX
2026-06-24 11:56:00,159.33999633789062,159.49989318847656,159.10000610351562,159.35499572753906,114410,SPCX
2026-06-24 11:57:00,159.4499969482422,159.58999633789062,159.27999877929688,159.5,116478,SPCX
2026-06-24 11:58:00,159.5,159.60000610351562,158.92999267578125,159.02999877929688,137734,SPCX
2026-06-24 11:59:00,159.00070190429688,159.16000366210938,158.60000610351562,158.63999938964844,131933,SPCX
2026-06-24 12:00:00,158.65390014648438,158.97000122070312,158.45010375976562,158.92999267578125,169071,SPCX
2026-06-24 12:01:00,158.89999389648438,159.0800018310547,158.64999389648438,158.77000427246094,122563,SPCX
2026-06-24 12:02:00,158.82000732421875,158.82000732421875,158.08999633789062,158.23500061035156,178467,SPCX
2026-06-24 12:03:00,158.23500061035156,158.3300018310547,157.9499969482422,158.1699981689453,178085,SPCX
2026-06-24 12:04:00,158.19000244140625,158.25999450683594,157.5,157.55999755859375,219033,SPCX
2026-06-24 12:05:00,157.60000610351562,157.97000122070312,157.51699829101562,157.92999267578125,100473,SPCX
2026-06-24 12:06:00,157.9250030517578,158.0500030517578,157.14999389648438,157.27999877929688,167807,SPCX
2026-06-24 12:07:00,157.27999877929688,157.92999267578125,157.1999969482422,157.8800048828125,108650,SPCX
2026-06-24 12:08:00,157.8800048828125,158.16000366210938,157.77000427246094,157.8249969482422,107714,SPCX
2026-06-24 12:09:00,157.80979919433594,157.9600067138672,157.64999389648438,157.88250732421875,77071,SPCX
2026-06-24 12:10:00,157.94000244140625,158.17990112304688,157.69000244140625,158.17990112304688,128265,SPCX
2026-06-24 12:11:00,158.14500427246094,158.3000030517578,157.9499969482422,158.02999877929688,123172,SPCX
2026-06-24 12:12:00,158.02499389648438,158.38999938964844,157.99000549316406,158.14999389648438,163943,SPCX
2026-06-24 12:13:00,158.14999389648438,158.52999877929688,157.94000244140625,158.45010375976562,111856,SPCX
2026-06-24 12:14:00,158.52999877929688,158.65989685058594,158.32000732421875,158.49000549316406,138112,SPCX
2026-06-24 12:15:00,158.52000427246094,158.6999969482422,158.18519592285156,158.22000122070312,108220,SPCX
2026-06-24 12:16:00,158.22000122070312,158.27999877929688,158.0800018310547,158.2100067138672,89945,SPCX
2026-06-24 12:17:00,158.1300048828125,158.57000732421875,158.05999755859375,158.3800048828125,90377,SPCX
2026-06-24 12:18:00,158.42999267578125,158.55990600585938,158.1999969482422,158.47500610351562,80114,SPCX
2026-06-24 12:19:00,158.47500610351562,158.5500030517578,158.27999877929688,158.33999633789062,64853,SPCX
2026-06-24 12:20:00,158.36790466308594,158.41990661621094,158.13999938964844,158.375,77042,SPCX
2026-06-24 12:21:00,158.3800048828125,158.63470458984375,158.27999877929688,158.39999389648438,100024,SPCX
2026-06-24 12:22:00,158.3350067138672,158.72000122070312,158.13330078125,158.63499450683594,73995,SPCX
2026-06-24 12:23:00,158.64999389648438,158.8800048828125,158.5601043701172,158.63999938964844,107650,SPCX
2026-06-24 12:24:00,158.72000122070312,158.77000427246094,158.44000244140625,158.52999877929688,60476,SPCX
2026-06-24 12:25:00,158.61000061035156,158.64999389648438,158.1300048828125,158.22500610351562,98751,SPCX
2026-06-24 12:26:00,158.24000549316406,158.4499969482422,158.14410400390625,158.30999755859375,50814,SPCX
2026-06-24 12:27:00,158.30999755859375,158.4499969482422,158.22000122070312,158.38999938964844,37332,SPCX
2026-06-24 12:28:00,158.42999267578125,158.86000061035156,158.4199981689453,158.77000427246094,81264,SPCX
2026-06-24 12:29:00,158.8000030517578,159.0,158.69000244140625,158.74119567871094,107958,SPCX
2026-06-24 12:30:00,158.83999633789062,158.83999633789062,158.02000427246094,158.11000061035156,135275,SPCX
2026-06-24 12:31:00,158.05850219726562,158.2823944091797,157.74000549316406,157.74000549316406,125270,SPCX
2026-06-24 12:32:00,157.82000732421875,158.07000732421875,157.74000549316406,157.91000366210938,89167,SPCX
2026-06-24 12:33:00,157.9499969482422,158.0,157.72000122070312,157.89500427246094,86254,SPCX
2026-06-24 12:34:00,157.88499450683594,157.89500427246094,157.55999755859375,157.66000366210938,98144,SPCX
2026-06-24 12:35:00,157.67999267578125,157.89999389648438,157.58999633789062,157.6699981689453,75887,SPCX
2026-06-24 12:36:00,157.69000244140625,157.75,156.50999450683594,156.58999633789062,277810,SPCX
2026-06-24 12:37:00,156.63999938964844,156.8000030517578,156.4199981689453,156.66000366210938,156972,SPCX
2026-06-24 12:38:00,156.60000610351562,156.72999572753906,156.33999633789062,156.41000366210938,179227,SPCX
2026-06-24 12:39:00,156.4008026123047,156.58999633789062,156.25,156.48379516601562,161884,SPCX
2026-06-24 12:40:00,156.49000549316406,156.6999053955078,156.22000122070312,156.67999267578125,143516,SPCX
2026-06-24 12:41:00,156.6999969482422,156.85000610351562,156.36000061035156,156.7050018310547,163182,SPCX
2026-06-24 12:42:00,156.6699981689453,156.67999267578125,156.17999267578125,156.2100067138672,105032,SPCX
2026-06-24 12:43:00,156.22230529785156,156.22230529785156,155.5,155.6999969482422,375401,SPCX
2026-06-24 12:44:00,155.72999572753906,156.3000030517578,155.6699981689453,156.08999633789062,145922,SPCX
2026-06-24 12:45:00,156.0749969482422,156.1999969482422,155.8800048828125,155.9499969482422,126229,SPCX
2026-06-24 12:46:00,155.92999267578125,156.16000366210938,155.33009338378906,155.4149932861328,151987,SPCX
2026-06-24 12:47:00,155.3699951171875,156.10000610351562,155.33999633789062,156.0500030517578,631320,SPCX
2026-06-24 12:48:00,156.0800018310547,156.4499969482422,155.84739685058594,156.27000427246094,196736,SPCX
2026-06-24 12:49:00,156.27000427246094,156.2996063232422,155.7100067138672,155.77999877929688,123490,SPCX
2026-06-24 12:50:00,155.8260040283203,156.1154022216797,155.61500549316406,156.0399932861328,113118,SPCX
2026-06-24 12:51:00,156.0399932861328,156.27049255371094,155.75999450683594,156.1750030517578,98930,SPCX
2026-06-24 12:52:00,156.1300048828125,156.38999938964844,155.83999633789062,155.83999633789062,117573,SPCX
2026-06-24 12:53:00,155.89999389648438,156.32989501953125,155.8000030517578,156.02000427246094,86375,SPCX
2026-06-24 12:54:00,155.94000244140625,156.139892578125,155.83999633789062,155.93499755859375,91156,SPCX
2026-06-24 12:55:00,155.93499755859375,156.23500061035156,155.75999450683594,156.0449981689453,124772,SPCX
2026-06-24 12:56:00,156.0449981689453,156.1999969482422,155.69000244140625,155.72000122070312,84488,SPCX
2026-06-24 12:57:00,155.71499633789062,155.72000122070312,155.3448944091797,155.5850067138672,144877,SPCX
2026-06-24 12:58:00,155.64990234375,156.25,155.625,156.05999755859375,115155,SPCX
2026-06-24 12:59:00,156.07000732421875,156.16000366210938,156.0,156.05999755859375,71181,SPCX
2026-06-24 13:00:00,156.08999633789062,156.16000366210938,155.83999633789062,155.83999633789062,90810,SPCX
2026-06-24 13:01:00,155.9499969482422,156.35000610351562,155.83999633789062,156.25999450683594,68008,SPCX
2026-06-24 13:02:00,156.27999877929688,156.41000366210938,156.0500030517578,156.0800018310547,88872,SPCX
2026-06-24 13:03:00,156.17999267578125,156.3699951171875,156.08250427246094,156.1038055419922,63969,SPCX
2026-06-24 13:04:00,156.0832061767578,156.41000366210938,156.0500946044922,156.35499572753906,54457,SPCX
2026-06-24 13:05:00,156.35499572753906,156.4199981689453,156.1699981689453,156.31500244140625,83536,SPCX
2026-06-24 13:06:00,156.2899932861328,156.2899932861328,155.5800018310547,155.58999633789062,128948,SPCX
2026-06-24 13:07:00,155.68499755859375,155.73989868164062,155.10000610351562,155.23500061035156,181772,SPCX
2026-06-24 13:08:00,155.18099975585938,155.74000549316406,155.17999267578125,155.6300048828125,165414,SPCX
2026-06-24 13:09:00,155.63499450683594,155.86000061035156,155.47000122070312,155.73989868164062,112728,SPCX
2026-06-24 13:10:00,155.6999969482422,156.24000549316406,155.4501953125,156.14999389648438,93745,SPCX
2026-06-24 13:11:00,156.10499572753906,156.1649932861328,155.6199951171875,155.69000244140625,69143,SPCX
2026-06-24 13:12:00,155.69000244140625,155.95599365234375,155.5,155.66000366210938,79388,SPCX
2026-06-24 13:13:00,155.625,155.69000244140625,155.44000244140625,155.625,72290,SPCX
2026-06-24 13:14:00,155.58999633789062,155.72000122070312,155.35000610351562,155.4499969482422,81376,SPCX
2026-06-24 13:15:00,155.38999938964844,155.8498992919922,155.27999877929688,155.4499969482422,99314,SPCX
2026-06-24 13:16:00,155.47000122070312,155.71339416503906,155.03050231933594,155.27000427246094,92772,SPCX
2026-06-24 13:17:00,155.36000061035156,155.4698944091797,155.13999938964844,155.30999755859375,82961,SPCX
2026-06-24 13:18:00,155.30999755859375,155.50999450683594,155.0500030517578,155.25999450683594,112569,SPCX
2026-06-24 13:19:00,155.10000610351562,155.41990661621094,155.10000610351562,155.24000549316406,85225,SPCX
2026-06-24 13:20:00,155.3000030517578,155.39990234375,155.00999450683594,155.00999450683594,148346,SPCX
2026-06-24 13:21:00,155.05999755859375,155.5800018310547,155.01100158691406,155.3800048828125,110884,SPCX
2026-06-24 13:22:00,155.47000122070312,155.77999877929688,155.36000061035156,155.4600067138672,139484,SPCX
2026-06-24 13:23:00,155.52499389648438,155.52499389648438,155.1280059814453,155.21279907226562,58476,SPCX
2026-06-24 13:24:00,155.2100067138672,155.64999389648438,155.11000061035156,155.50999450683594,88992,SPCX
2026-06-24 13:25:00,155.5,155.77999877929688,155.1999969482422,155.5399932861328,81016,SPCX
2026-06-24 13:26:00,155.55990600585938,155.75,155.4499969482422,155.4499969482422,60883,SPCX
2026-06-24 13:27:00,155.42999267578125,155.5959930419922,155.25,155.25,67138,SPCX
2026-06-24 13:28:00,155.25,155.39999389648438,155.10000610351562,155.11000061035156,90026,SPCX
2026-06-24 13:29:00,155.1999969482422,155.4499969482422,155.13999938964844,155.3300018310547,92257,SPCX
2026-06-24 13:30:00,155.2899932861328,155.64999389648438,155.2899932861328,155.4499969482422,68651,SPCX
2026-06-24 13:31:00,155.39999389648438,155.43150329589844,154.6999969482422,154.85580444335938,332077,SPCX
2026-06-24 13:32:00,154.82000732421875,154.94000244140625,154.41000366210938,154.72000122070312,150691,SPCX
2026-06-24 13:33:00,154.72999572753906,155.1699981689453,154.47000122070312,154.99000549316406,153164,SPCX
2026-06-24 13:34:00,154.99000549316406,155.25,154.85000610351562,154.97000122070312,141022,SPCX
2026-06-24 13:35:00,155.02999877929688,155.5500030517578,154.8300018310547,155.30999755859375,131167,SPCX
2026-06-24 13:36:00,155.3300018310547,155.4799041748047,155.1699981689453,155.3000030517578,87603,SPCX
2026-06-24 13:37:00,155.2949981689453,155.4499969482422,155.13999938964844,155.39500427246094,52821,SPCX
2026-06-24 13:38:00,155.4199981689453,155.61000061035156,155.1699981689453,155.4075927734375,74229,SPCX
2026-06-24 13:39:00,155.39010620117188,155.8000030517578,155.36000061035156,155.69000244140625,140176,SPCX
2026-06-24 13:40:00,155.6708984375,155.89999389648438,155.38999938964844,155.68499755859375,180917,SPCX
2026-06-24 13:41:00,155.68499755859375,155.89999389648438,155.5,155.8350067138672,132231,SPCX
2026-06-24 13:42:00,155.8000030517578,155.94000244140625,155.55999755859375,155.6999969482422,139272,SPCX
2026-06-24 13:43:00,155.60000610351562,155.60000610351562,155.1300048828125,155.1999969482422,79160,SPCX
2026-06-24 13:44:00,155.1699981689453,155.3699951171875,154.86000061035156,155.1999053955078,177724,SPCX
2026-06-24 13:45:00,155.1999969482422,155.24000549316406,154.77999877929688,154.9409942626953,87416,SPCX
2026-06-24 13:46:00,154.88999938964844,155.60000610351562,154.75999450683594,155.47000122070312,105048,SPCX
2026-06-24 13:47:00,155.50999450683594,155.8000030517578,155.42999267578125,155.5749969482422,132641,SPCX
2026-06-24 13:48:00,155.50999450683594,155.52999877929688,155.00999450683594,155.2949981689453,82272,SPCX
2026-06-24 13:49:00,155.25,155.4199981689453,155.16000366210938,155.22250366210938,96196,SPCX
2026-06-24 13:50:00,155.22999572753906,155.4199981689453,155.10000610351562,155.17999267578125,78853,SPCX
2026-06-24 13:51:00,155.19000244140625,155.3000030517578,155.0399932861328,155.1649932861328,58806,SPCX
2026-06-24 13:52:00,155.25,155.27999877929688,155.0,155.19000244140625,61282,SPCX
2026-06-24 13:53:00,155.10560607910156,155.4600067138672,154.94000244140625,155.4600067138672,86154,SPCX
2026-06-24 13:54:00,155.5,155.74000549316406,155.3699951171875,155.58999633789062,98153,SPCX
2026-06-24 13:55:00,155.5399932861328,155.82000732421875,155.3699951171875,155.39999389648438,82732,SPCX
2026-06-24 13:56:00,155.4199981689453,155.4499969482422,155.08999633789062,155.35000610351562,73321,SPCX
2026-06-24 13:57:00,155.24000549316406,155.36000061035156,154.6699981689453,154.72999572753906,117622,SPCX
2026-06-24 13:58:00,154.72999572753906,154.72999572753906,154.22999572753906,154.27499389648438,127716,SPCX
2026-06-24 13:59:00,154.24000549316406,154.6999969482422,154.24000549316406,154.6300048828125,75248,SPCX
2026-06-24 14:00:00,154.63999938964844,154.9199981689453,154.60000610351562,154.65499877929688,86724,SPCX
2026-06-24 14:01:00,154.7100067138672,155.58670043945312,154.6999969482422,155.36000061035156,120686,SPCX
2026-06-24 14:02:00,155.39999389648438,155.39999389648438,154.91000366210938,155.0050048828125,96839,SPCX
2026-06-24 14:03:00,155.0500030517578,155.2899932861328,154.8800048828125,155.11500549316406,90757,SPCX
2026-06-24 14:04:00,155.1199951171875,155.24000549316406,154.99929809570312,155.1999969482422,39659,SPCX
2026-06-24 14:05:00,155.19000244140625,155.42999267578125,155.00999450683594,155.05999755859375,58095,SPCX
2026-06-24 14:06:00,155.09500122070312,155.22000122070312,154.85000610351562,154.94239807128906,83290,SPCX
2026-06-24 14:07:00,154.9600067138672,155.11000061035156,154.80999755859375,154.90499877929688,78619,SPCX
2026-06-24 14:08:00,154.90499877929688,155.14999389648438,154.8800048828125,155.0,61229,SPCX
2026-06-24 14:09:00,154.9199981689453,155.13999938964844,154.85000610351562,155.12989807128906,41560,SPCX
2026-06-24 14:10:00,155.09500122070312,155.3000030517578,154.94000244140625,155.2050018310547,59449,SPCX
2026-06-24 14:11:00,155.0800018310547,155.25,155.0399932861328,155.1199951171875,52522,SPCX
2026-06-24 14:12:00,155.00999450683594,155.29989624023438,154.90089416503906,155.16000366210938,99180,SPCX
2026-06-24 14:13:00,155.14999389648438,155.1999969482422,154.97999572753906,155.1300048828125,71433,SPCX
2026-06-24 14:14:00,155.09500122070312,155.77000427246094,155.0,155.5955047607422,86637,SPCX
2026-06-24 14:15:00,155.60609436035156,156.87989807128906,155.60609436035156,156.6699981689453,293595,SPCX
2026-06-24 14:16:00,156.6199951171875,156.72999572753906,156.14999389648438,156.1999969482422,161813,SPCX
2026-06-24 14:17:00,156.11000061035156,156.52999877929688,155.88999938964844,156.32000732421875,109277,SPCX
2026-06-24 14:18:00,156.24000549316406,156.60000610351562,155.83999633789062,156.53500366210938,89524,SPCX
2026-06-24 14:19:00,156.53500366210938,157.19000244140625,156.39999389648438,157.08999633789062,161784,SPCX
2026-06-24 14:20:00,157.05999755859375,157.11990356445312,156.7209930419922,156.9199981689453,97191,SPCX
2026-06-24 14:21:00,156.92999267578125,157.23989868164062,156.83999633789062,157.02499389648438,96693,SPCX
2026-06-24 14:22:00,157.0050048828125,157.11749267578125,156.6999969482422,156.8311004638672,97829,SPCX
2026-06-24 14:23:00,156.8699951171875,156.97999572753906,156.72000122070312,156.8350067138672,49095,SPCX
2026-06-24 14:24:00,156.81500244140625,157.10000610351562,156.77999877929688,157.10000610351562,66989,SPCX
2026-06-24 14:25:00,157.0399932861328,157.4398956298828,156.9199981689453,157.0590057373047,117908,SPCX
2026-06-24 14:26:00,157.07000732421875,157.23989868164062,156.91000366210938,157.1199951171875,218915,SPCX
2026-06-24 14:27:00,157.13499450683594,157.3800048828125,157.0399932861328,157.20669555664062,62939,SPCX
2026-06-24 14:28:00,157.2489013671875,157.39999389648438,157.10009765625,157.32000732421875,91149,SPCX
2026-06-24 14:29:00,157.3800048828125,157.389892578125,157.1199951171875,157.2100067138672,54089,SPCX
2026-06-24 14:30:00,157.25,157.8699951171875,157.08009338378906,157.63999938964844,127476,SPCX
2026-06-24 14:31:00,157.6300048828125,158.0399932861328,157.4010009765625,157.9199981689453,137241,SPCX
2026-06-24 14:32:00,157.89999389648438,157.89999389648438,157.58999633789062,157.6800994873047,99337,SPCX
2026-06-24 14:33:00,157.74000549316406,157.7729949951172,156.9600067138672,157.13999938964844,147873,SPCX
2026-06-24 14:34:00,157.14999389648438,157.35000610351562,156.8300018310547,156.86990356445312,93965,SPCX
2026-06-24 14:35:00,156.8699951171875,156.9499969482422,156.6300048828125,156.7100067138672,78473,SPCX
2026-06-24 14:36:00,156.88999938964844,156.94000244140625,156.6999969482422,156.88999938964844,71492,SPCX
2026-06-24 14:37:00,156.88999938964844,157.0,156.60000610351562,156.6199951171875,96471,SPCX
2026-06-24 14:38:00,156.6199951171875,156.69000244140625,156.3300018310547,156.44000244140625,98237,SPCX
2026-06-24 14:39:00,156.35740661621094,156.4550018310547,156.16000366210938,156.4550018310547,88928,SPCX
2026-06-24 14:40:00,156.4882049560547,156.69000244140625,156.1199951171875,156.3000030517578,99888,SPCX
2026-06-24 14:41:00,156.3000030517578,156.6699981689453,156.27999877929688,156.57000732421875,66799,SPCX
2026-06-24 14:42:00,156.59500122070312,156.89500427246094,156.52000427246094,156.83999633789062,78426,SPCX
2026-06-24 14:43:00,156.85989379882812,157.0399932861328,156.77999877929688,156.92999267578125,70068,SPCX
2026-06-24 14:44:00,156.92999267578125,157.139892578125,156.86000061035156,157.1300048828125,67827,SPCX
2026-06-24 14:45:00,157.07000732421875,157.47999572753906,156.98500061035156,157.4698944091797,78298,SPCX
2026-06-24 14:46:00,157.47000122070312,157.5,156.64999389648438,156.66029357910156,85350,SPCX
2026-06-24 14:47:00,156.69000244140625,156.77999877929688,156.02999877929688,156.02999877929688,144016,SPCX
2026-06-24 14:48:00,156.13999938964844,156.38999938964844,156.0760040283203,156.14999389648438,64581,SPCX
2026-06-24 14:49:00,156.19000244140625,156.19000244140625,155.27999877929688,155.4600067138672,141724,SPCX
2026-06-24 14:50:00,155.47999572753906,155.55999755859375,155.19000244140625,155.3000030517578,89743,SPCX
2026-06-24 14:51:00,155.39999389648438,156.08999633789062,155.38999938964844,155.9600067138672,245993,SPCX
2026-06-24 14:52:00,155.96499633789062,156.02999877929688,155.57000732421875,155.7449951171875,145804,SPCX
2026-06-24 14:53:00,155.77000427246094,156.05999755859375,155.55999755859375,155.75,77620,SPCX
2026-06-24 14:54:00,155.7899932861328,156.08999633789062,155.4550018310547,155.47000122070312,111552,SPCX
2026-06-24 14:55:00,155.50999450683594,155.64999389648438,155.25999450683594,155.25999450683594,94899,SPCX
2026-06-24 14:56:00,155.3000030517578,155.5500030517578,155.19000244140625,155.5,102318,SPCX
2026-06-24 14:57:00,155.50999450683594,155.8699951171875,155.44000244140625,155.50999450683594,69935,SPCX
2026-06-24 14:58:00,155.6199951171875,155.6199951171875,155.13999938964844,155.44000244140625,63746,SPCX
2026-06-24 14:59:00,155.44000244140625,155.77999877929688,155.22999572753906,155.47000122070312,221829,SPCX
2026-06-24 15:00:00,155.6300048828125,155.8300018310547,155.49000549316406,155.75,78094,SPCX
2026-06-24 15:01:00,155.75,155.88999938964844,155.25,155.35000610351562,81474,SPCX
2026-06-24 15:02:00,155.25,155.5,155.14999389648438,155.3000030517578,91591,SPCX
2026-06-24 15:03:00,155.25,156.19000244140625,155.1699981689453,156.1790008544922,138657,SPCX
2026-06-24 15:04:00,156.10499572753906,156.22999572753906,155.74200439453125,156.02999877929688,110561,SPCX
2026-06-24 15:05:00,156.12210083007812,156.689697265625,155.60000610351562,156.689697265625,120995,SPCX
2026-06-24 15:06:00,156.6300048828125,156.689697265625,155.9499969482422,156.02999877929688,122996,SPCX
2026-06-24 15:07:00,156.02499389648438,156.52000427246094,155.80999755859375,156.44500732421875,100187,SPCX
2026-06-24 15:08:00,156.52000427246094,156.52000427246094,156.08999633789062,156.4499969482422,87203,SPCX
2026-06-24 15:09:00,156.4499969482422,157.04969787597656,156.4300994873047,156.74000549316406,138604,SPCX
2026-06-24 15:10:00,156.72000122070312,156.94000244140625,156.3699951171875,156.63999938964844,310933,SPCX
2026-06-24 15:11:00,156.69619750976562,156.88999938964844,156.35000610351562,156.875,144416,SPCX
2026-06-24 15:12:00,156.8800048828125,156.9149932861328,156.52999877929688,156.84500122070312,191004,SPCX
2026-06-24 15:13:00,156.83489990234375,157.2100067138672,156.57000732421875,157.0449981689453,247896,SPCX
2026-06-24 15:14:00,157.07000732421875,157.64999389648438,157.0,157.52000427246094,155317,SPCX
2026-06-24 15:15:00,157.52000427246094,157.77999877929688,157.3350067138672,157.52000427246094,162595,SPCX
2026-06-24 15:16:00,157.55999755859375,157.92999267578125,157.52099609375,157.85499572753906,184015,SPCX
2026-06-24 15:17:00,157.89999389648438,158.4199981689453,157.6699981689453,158.3695068359375,334146,SPCX
2026-06-24 15:18:00,158.31500244140625,158.31500244140625,157.3300018310547,158.2449951171875,295782,SPCX
2026-06-24 15:19:00,158.27000427246094,158.32000732421875,158.02999877929688,158.3000030517578,132833,SPCX
2026-06-24 15:20:00,158.25999450683594,158.5,158.17999267578125,158.39300537109375,101033,SPCX
2026-06-24 15:21:00,158.36000061035156,158.47999572753906,158.00079345703125,158.05999755859375,116713,SPCX
2026-06-24 15:22:00,158.02149963378906,158.05999755859375,156.87010192871094,157.5500030517578,331419,SPCX
2026-06-24 15:23:00,157.5500030517578,157.94000244140625,157.4250030517578,157.5850067138672,287264,SPCX
2026-06-24 15:24:00,157.5500030517578,157.97500610351562,157.47999572753906,157.88999938964844,139821,SPCX
2026-06-24 15:25:00,157.9600067138672,158.07859802246094,156.4499969482422,156.46499633789062,211871,SPCX
2026-06-24 15:26:00,156.49000549316406,157.2949981689453,156.25,156.52000427246094,185395,SPCX
2026-06-24 15:27:00,156.45860290527344,156.8300018310547,156.42999267578125,156.61000061035156,139723,SPCX
2026-06-24 15:28:00,156.5399932861328,156.67999267578125,156.01010131835938,156.16600036621094,96418,SPCX
2026-06-24 15:29:00,156.19400024414062,156.75,156.02000427246094,156.69000244140625,147950,SPCX
2026-06-24 15:30:00,156.69000244140625,157.58999633789062,156.5500946044922,157.17999267578125,150228,SPCX
2026-06-24 15:31:00,157.060302734375,157.22000122070312,156.3105010986328,156.38999938964844,100160,SPCX
2026-06-24 15:32:00,156.41000366210938,156.6999969482422,156.3000030517578,156.4600067138672,93295,SPCX
2026-06-24 15:33:00,156.47999572753906,156.58999633789062,156.0,156.0,122425,SPCX
2026-06-24 15:34:00,156.08990478515625,156.4600067138672,156.02000427246094,156.4600067138672,75454,SPCX
2026-06-24 15:35:00,156.33999633789062,156.85000610351562,156.10000610351562,156.35499572753906,110486,SPCX
2026-06-24 15:36:00,156.47000122070312,156.60000610351562,156.22000122070312,156.41000366210938,72017,SPCX
2026-06-24 15:37:00,156.41000366210938,156.4687957763672,156.17999267578125,156.30499267578125,79862,SPCX
2026-06-24 15:38:00,156.3468017578125,156.41000366210938,156.17999267578125,156.2949981689453,84843,SPCX
2026-06-24 15:39:00,156.2949981689453,156.50999450683594,156.22999572753906,156.36500549316406,97499,SPCX
2026-06-24 15:40:00,156.39999389648438,156.468994140625,155.8800048828125,155.98939514160156,140739,SPCX
2026-06-24 15:41:00,156.02000427246094,156.17999267578125,155.84950256347656,155.91000366210938,143040,SPCX
2026-06-24 15:42:00,155.875,155.9600067138672,155.5500030517578,155.71499633789062,136442,SPCX
2026-06-24 15:43:00,155.77999877929688,155.82000732421875,155.5,155.50999450683594,100833,SPCX
2026-06-24 15:44:00,155.5399932861328,155.60000610351562,155.25,155.27999877929688,171704,SPCX
2026-06-24 15:45:00,155.27999877929688,156.00999450683594,155.11000061035156,155.82000732421875,184145,SPCX
2026-06-24 15:46:00,155.83999633789062,155.83999633789062,155.3800048828125,155.55999755859375,129399,SPCX
2026-06-24 15:47:00,155.5800018310547,155.65890502929688,155.27000427246094,155.45249938964844,108585,SPCX
2026-06-24 15:48:00,155.4199981689453,155.64999389648438,155.25999450683594,155.38999938964844,120062,SPCX
2026-06-24 15:49:00,155.41000366210938,155.73989868164062,155.25,155.73989868164062,131324,SPCX
2026-06-24 15:50:00,155.72999572753906,155.72999572753906,154.99000549316406,154.99000549316406,339646,SPCX
2026-06-24 15:51:00,155.0050048828125,155.38999938964844,155.0,155.32510375976562,259067,SPCX
2026-06-24 15:52:00,155.2899932861328,155.77999877929688,155.2899932861328,155.71499633789062,358144,SPCX
2026-06-24 15:53:00,155.72999572753906,155.75999450683594,155.02000427246094,155.11000061035156,224445,SPCX
2026-06-24 15:54:00,155.13999938964844,155.15989685058594,154.26010131835938,154.38999938964844,275211,SPCX
2026-06-24 15:55:00,154.38999938964844,155.92999267578125,154.38999938964844,155.8800048828125,346684,SPCX
2026-06-24 15:56:00,155.9199981689453,156.24989318847656,155.14999389648438,155.1699981689453,344111,SPCX
2026-06-24 15:57:00,155.2100067138672,155.36000061035156,154.27000427246094,154.33999633789062,644070,SPCX
2026-06-24 15:58:00,154.35499572753906,154.63499450683594,154.0,154.5800018310547,823379,SPCX
2026-06-24 15:59:00,154.63499450683594,154.9199981689453,154.3300018310547,154.4199981689453,722641,SPCX
2026-06-25 09:30:00,156.50999450683594,157.88999938964844,156.39999389648438,157.72000122070312,5336386,SPCX
2026-06-25 09:31:00,157.72000122070312,159.9698944091797,157.72000122070312,159.9199981689453,380282,SPCX
2026-06-25 09:32:00,159.97000122070312,160.64999389648438,157.5,158.39999389648438,565834,SPCX
2026-06-25 09:33:00,158.2899932861328,158.7100067138672,157.2801055908203,157.85000610351562,305075,SPCX
2026-06-25 09:34:00,157.6199951171875,158.11000061035156,156.11000061035156,156.78500366210938,517158,SPCX
2026-06-25 09:35:00,156.6699981689453,157.69000244140625,156.64999389648438,157.69000244140625,319325,SPCX
2026-06-25 09:36:00,157.6898956298828,159.25,157.39999389648438,158.75,477209,SPCX
2026-06-25 09:37:00,158.6999969482422,158.85000610351562,158.1199951171875,158.28500366210938,247964,SPCX
2026-06-25 09:38:00,158.14999389648438,159.1999969482422,158.08999633789062,159.0303955078125,256182,SPCX
2026-06-25 09:39:00,158.97999572753906,159.3699951171875,156.16000366210938,156.16000366210938,405488,SPCX
2026-06-25 09:40:00,156.17999267578125,156.39990234375,155.22000122070312,155.36920166015625,474805,SPCX
2026-06-25 09:41:00,155.3000030517578,155.97000122070312,155.1999969482422,155.33999633789062,287871,SPCX
2026-06-25 09:42:00,155.3000030517578,155.8000030517578,155.0800018310547,155.0800018310547,185550,SPCX
2026-06-25 09:43:00,155.08999633789062,155.60000610351562,154.66000366210938,155.22000122070312,401505,SPCX
2026-06-25 09:44:00,155.1300048828125,155.36000061035156,154.4199981689453,154.8000030517578,329295,SPCX
2026-06-25 09:45:00,154.82000732421875,155.27000427246094,154.36000061035156,154.4600067138672,276800,SPCX
2026-06-25 09:46:00,154.4600067138672,154.75999450683594,153.38999938964844,154.02099609375,472552,SPCX
2026-06-25 09:47:00,154.0050048828125,155.32989501953125,154.0050048828125,155.0399932861328,231643,SPCX
2026-06-25 09:48:00,155.06500244140625,155.63999938964844,154.1501007080078,154.23989868164062,283767,SPCX
2026-06-25 09:49:00,154.14999389648438,155.17999267578125,154.14999389648438,155.0,267317,SPCX
2026-06-25 09:50:00,154.96499633789062,155.5,154.6750030517578,155.14999389648438,188065,SPCX
2026-06-25 09:51:00,155.22500610351562,155.3300018310547,154.610107421875,154.74400329589844,150092,SPCX
2026-06-25 09:52:00,154.8000030517578,154.97999572753906,154.16009521484375,154.73500061035156,186126,SPCX
2026-06-25 09:53:00,154.83999633789062,154.83999633789062,153.20010375976562,153.5399932861328,291927,SPCX
2026-06-25 09:54:00,153.53500366210938,154.0,153.25,153.42250061035156,282077,SPCX
2026-06-25 09:55:00,153.4149932861328,153.88999938964844,152.52000427246094,152.664794921875,481376,SPCX
2026-06-25 09:56:00,152.72999572753906,153.10000610351562,152.35000610351562,152.3800048828125,285564,SPCX
2026-06-25 09:57:00,152.32009887695312,152.92999267578125,151.80999755859375,152.35499572753906,440948,SPCX
2026-06-25 09:58:00,152.35000610351562,152.39999389648438,151.57000732421875,151.60499572753906,259203,SPCX
2026-06-25 09:59:00,151.5399932861328,151.9600067138672,150.66000366210938,150.75,648188,SPCX
2026-06-25 10:00:00,150.74000549316406,152.2100067138672,150.74000549316406,151.86500549316406,466280,SPCX
2026-06-25 10:01:00,151.94000244140625,152.77999877929688,151.6699981689453,152.42010498046875,242751,SPCX
2026-06-25 10:02:00,152.4149932861328,152.60000610351562,152.0,152.42999267578125,222987,SPCX
2026-06-25 10:03:00,152.4281005859375,152.8800048828125,151.75999450683594,151.86590576171875,254244,SPCX
2026-06-25 10:04:00,151.88999938964844,152.5,151.6999969482422,152.4199981689453,192315,SPCX
2026-06-25 10:05:00,152.4149932861328,153.25,152.39999389648438,152.91000366210938,306451,SPCX
2026-06-25 10:06:00,152.9149932861328,154.22000122070312,152.8800048828125,154.1999969482422,296418,SPCX
2026-06-25 10:07:00,154.2198944091797,154.33999633789062,153.15499877929688,153.46499633789062,283055,SPCX
2026-06-25 10:08:00,153.47999572753906,153.52000427246094,152.8699951171875,152.9199981689453,259545,SPCX
2026-06-25 10:09:00,152.97999572753906,153.44000244140625,152.8699951171875,153.0500030517578,176079,SPCX
2026-06-25 10:10:00,153.03500366210938,153.6999969482422,152.97000122070312,153.37570190429688,264393,SPCX
2026-06-25 10:11:00,153.35000610351562,153.4698944091797,152.5800018310547,152.8000030517578,248057,SPCX
2026-06-25 10:12:00,152.6999969482422,152.72000122070312,151.8000030517578,151.8000030517578,298465,SPCX
2026-06-25 10:13:00,151.83999633789062,151.83999633789062,150.8800048828125,151.44500732421875,441798,SPCX
2026-06-25 10:14:00,151.4049072265625,151.77000427246094,151.22999572753906,151.52499389648438,214990,SPCX
2026-06-25 10:15:00,151.5,152.10989379882812,151.10000610351562,151.38999938964844,263504,SPCX
2026-06-25 10:16:00,151.3000030517578,151.44000244140625,150.52000427246094,150.7899932861328,313281,SPCX
2026-06-25 10:17:00,150.83999633789062,151.24000549316406,150.5500030517578,150.875,239842,SPCX
2026-06-25 10:18:00,150.85000610351562,151.07569885253906,150.30999755859375,150.3209991455078,339008,SPCX
2026-06-25 10:19:00,150.30999755859375,151.25999450683594,150.05999755859375,151.15499877929688,445153,SPCX
2026-06-25 10:20:00,151.15499877929688,152.3699951171875,151.0749969482422,152.35989379882812,298057,SPCX
2026-06-25 10:21:00,152.30999755859375,152.5800018310547,152.110107421875,152.38999938964844,181068,SPCX
2026-06-25 10:22:00,152.35000610351562,152.5500030517578,152.2100067138672,152.2899932861328,197952,SPCX
2026-06-25 10:23:00,152.3498992919922,152.94000244140625,152.11000061035156,152.57000732421875,206425,SPCX
2026-06-25 10:24:00,152.50010681152344,152.61990356445312,152.00999450683594,152.29469299316406,132360,SPCX
2026-06-25 10:25:00,152.25,152.82000732421875,152.22999572753906,152.72320556640625,135050,SPCX
2026-06-25 10:26:00,152.66000366210938,152.98989868164062,152.35000610351562,152.75999450683594,110363,SPCX
2026-06-25 10:27:00,152.75999450683594,152.99000549316406,151.5399932861328,152.02000427246094,160292,SPCX
2026-06-25 10:28:00,152.01499938964844,152.36990356445312,151.61000061035156,152.0,195967,SPCX
2026-06-25 10:29:00,151.99000549316406,152.33999633789062,151.85000610351562,152.13999938964844,96816,SPCX
2026-06-25 10:30:00,152.2321014404297,152.52000427246094,152.00999450683594,152.42999267578125,119786,SPCX
2026-06-25 10:31:00,152.41090393066406,152.92999267578125,152.08999633789062,152.35009765625,209894,SPCX
2026-06-25 10:32:00,152.38600158691406,153.1699981689453,152.3000030517578,152.82000732421875,122059,SPCX
2026-06-25 10:33:00,152.83160400390625,153.2899932861328,152.8300018310547,152.9398956298828,169628,SPCX
2026-06-25 10:34:00,152.91000366210938,153.27000427246094,152.6999969482422,153.2100067138672,163164,SPCX
2026-06-25 10:35:00,153.22000122070312,153.5500030517578,153.1199951171875,153.41000366210938,182430,SPCX
2026-06-25 10:36:00,153.40060424804688,153.60000610351562,153.1999969482422,153.41000366210938,119882,SPCX
2026-06-25 10:37:00,153.47000122070312,153.60000610351562,152.59010314941406,152.94509887695312,143457,SPCX
2026-06-25 10:38:00,152.9665069580078,153.28109741210938,152.8699951171875,153.16000366210938,75331,SPCX
2026-06-25 10:39:00,153.1273956298828,153.74989318847656,153.1273956298828,153.47500610351562,138021,SPCX
2026-06-25 10:40:00,153.5,153.75,153.25999450683594,153.38999938964844,108682,SPCX
2026-06-25 10:41:00,153.3300018310547,153.44000244140625,152.74000549316406,152.85000610351562,107895,SPCX
2026-06-25 10:42:00,152.83999633789062,152.83999633789062,152.4499969482422,152.56820678710938,105788,SPCX
2026-06-25 10:43:00,152.51010131835938,153.05499267578125,152.51010131835938,152.68499755859375,82115,SPCX
2026-06-25 10:44:00,152.72000122070312,152.97000122070312,152.22000122070312,152.82899475097656,107269,SPCX
2026-06-25 10:45:00,152.8300018310547,152.97000122070312,152.25,152.39999389648438,109170,SPCX
2026-06-25 10:46:00,152.41000366210938,152.74000549316406,152.3699951171875,152.41000366210938,81276,SPCX
2026-06-25 10:47:00,152.34759521484375,152.63999938964844,152.3000030517578,152.37899780273438,72384,SPCX
2026-06-25 10:48:00,152.32000732421875,152.85000610351562,152.22500610351562,152.76089477539062,68277,SPCX
2026-06-25 10:49:00,152.83999633789062,153.25,152.77000427246094,153.19000244140625,104811,SPCX
2026-06-25 10:50:00,153.19000244140625,153.44000244140625,153.02000427246094,153.22900390625,109353,SPCX
2026-06-25 10:51:00,153.22999572753906,153.7899932861328,153.2100067138672,153.6699981689453,105288,SPCX
2026-06-25 10:52:00,153.66000366210938,153.8699951171875,153.38999938964844,153.74000549316406,90280,SPCX
2026-06-25 10:53:00,153.6999969482422,153.8000030517578,153.2700958251953,153.5399932861328,92820,SPCX
2026-06-25 10:54:00,153.5800018310547,153.97999572753906,153.5800018310547,153.80499267578125,118673,SPCX
2026-06-25 10:55:00,153.8000030517578,153.89999389648438,153.4499969482422,153.6981964111328,93507,SPCX
2026-06-25 10:56:00,153.69000244140625,153.8300018310547,153.5,153.58999633789062,128668,SPCX
2026-06-25 10:57:00,153.6259002685547,153.64999389648438,153.00010681152344,153.11500549316406,87177,SPCX
2026-06-25 10:58:00,153.05499267578125,153.47000122070312,153.0500030517578,153.10000610351562,82703,SPCX
2026-06-25 10:59:00,153.0850067138672,153.4600067138672,152.94000244140625,153.0500030517578,88885,SPCX
2026-06-25 11:00:00,153.10000610351562,153.39990234375,153.03199768066406,153.25999450683594,64690,SPCX
2026-06-25 11:01:00,153.3000030517578,153.44000244140625,153.07040405273438,153.07040405273438,65029,SPCX
2026-06-25 11:02:00,153.08999633789062,153.3498992919922,152.97500610351562,153.28500366210938,99553,SPCX
2026-06-25 11:03:00,153.2899932861328,153.36000061035156,152.9600067138672,153.19000244140625,102031,SPCX
2026-06-25 11:04:00,153.19000244140625,153.92999267578125,153.19000244140625,153.85000610351562,81012,SPCX
2026-06-25 11:05:00,153.85000610351562,154.27999877929688,153.44009399414062,153.77000427246094,174804,SPCX
2026-06-25 11:06:00,153.6999969482422,153.89990234375,153.3699951171875,153.56500244140625,73147,SPCX
2026-06-25 11:07:00,153.58250427246094,153.7698974609375,153.49000549316406,153.6649932861328,102637,SPCX
2026-06-25 11:08:00,153.6199951171875,153.69900512695312,153.2303924560547,153.30499267578125,78088,SPCX
2026-06-25 11:09:00,153.30990600585938,153.5800018310547,152.9600067138672,153.1199951171875,106658,SPCX
2026-06-25 11:10:00,153.127197265625,153.24989318847656,152.58999633789062,152.90249633789062,129256,SPCX
2026-06-25 11:11:00,152.9250030517578,152.9698944091797,151.6999969482422,151.75999450683594,256496,SPCX
2026-06-25 11:12:00,151.6999969482422,151.80999755859375,151.27000427246094,151.34249877929688,188383,SPCX
2026-06-25 11:13:00,151.3699951171875,151.67999267578125,151.3000030517578,151.3798065185547,129751,SPCX
2026-06-25 11:14:00,151.3800048828125,151.47999572753906,151.11000061035156,151.4199981689453,138943,SPCX
2026-06-25 11:15:00,151.3699951171875,151.5,151.11000061035156,151.47999572753906,124442,SPCX
2026-06-25 11:16:00,151.44500732421875,151.8800048828125,151.27999877929688,151.83999633789062,130590,SPCX
2026-06-25 11:17:00,151.85000610351562,152.17999267578125,151.72000122070312,152.06849670410156,129623,SPCX
2026-06-25 11:18:00,152.05999755859375,152.49989318847656,152.0,152.1699981689453,110099,SPCX
2026-06-25 11:19:00,152.17999267578125,152.6199951171875,152.10000610351562,152.50999450683594,100338,SPCX
2026-06-25 11:20:00,152.47999572753906,152.55999755859375,152.02000427246094,152.22000122070312,156896,SPCX
2026-06-25 11:21:00,152.27000427246094,152.67999267578125,152.2100067138672,152.5399932861328,74603,SPCX
2026-06-25 11:22:00,152.55999755859375,152.89779663085938,152.50999450683594,152.66000366210938,83417,SPCX
2026-06-25 11:23:00,152.74000549316406,152.97000122070312,152.6300048828125,152.75999450683594,72501,SPCX
2026-06-25 11:24:00,152.83999633789062,153.3300018310547,152.8000030517578,153.0399932861328,120427,SPCX
2026-06-25 11:25:00,153.00999450683594,153.2899932861328,152.80999755859375,152.89990234375,93191,SPCX
2026-06-25 11:26:00,152.84500122070312,152.97999572753906,152.6699981689453,152.92990112304688,74601,SPCX
2026-06-25 11:27:00,152.91000366210938,153.14500427246094,152.7816925048828,152.97000122070312,73326,SPCX
2026-06-25 11:28:00,153.0,153.0,152.6300048828125,152.6300048828125,76461,SPCX
2026-06-25 11:29:00,152.63999938964844,152.75,152.24000549316406,152.5800018310547,107431,SPCX
2026-06-25 11:30:00,152.6999969482422,152.8300018310547,152.63999938964844,152.72000122070312,60726,SPCX
2026-06-25 11:31:00,152.6699981689453,152.88999938964844,152.47999572753906,152.58999633789062,59535,SPCX
2026-06-25 11:32:00,152.6300048828125,153.02999877929688,152.6300048828125,152.6999969482422,83311,SPCX
2026-06-25 11:33:00,152.72500610351562,152.8155059814453,152.60000610351562,152.6300048828125,48625,SPCX
2026-06-25 11:34:00,152.6199951171875,152.69000244140625,152.00999450683594,152.06500244140625,90099,SPCX
2026-06-25 11:35:00,152.06500244140625,152.25779724121094,152.03030395507812,152.1699981689453,72299,SPCX
2026-06-25 11:36:00,152.1649932861328,152.39990234375,152.1199951171875,152.25,59794,SPCX
2026-06-25 11:37:00,152.35000610351562,152.47999572753906,152.1199951171875,152.1999969482422,74038,SPCX
2026-06-25 11:38:00,152.1999969482422,152.42999267578125,152.14999389648438,152.14999389648438,81086,SPCX
2026-06-25 11:39:00,152.16000366210938,152.19180297851562,151.89999389648438,152.02999877929688,111408,SPCX
2026-06-25 11:40:00,152.0050048828125,152.3199005126953,151.8699951171875,152.1999969482422,122099,SPCX
2026-06-25 11:41:00,152.27000427246094,152.33999633789062,152.00999450683594,152.07530212402344,85510,SPCX
2026-06-25 11:42:00,152.0399932861328,152.07000732421875,151.6750030517578,151.72999572753906,100406,SPCX
2026-06-25 11:43:00,151.74000549316406,151.96499633789062,151.6614990234375,151.93499755859375,75929,SPCX
2026-06-25 11:44:00,151.93499755859375,152.11000061035156,151.7386016845703,151.89999389648438,71891,SPCX
2026-06-25 11:45:00,151.89999389648438,152.35000610351562,151.8300018310547,152.25,96470,SPCX
2026-06-25 11:46:00,152.25,152.63999938964844,152.2449951171875,152.47500610351562,93376,SPCX
2026-06-25 11:47:00,152.50999450683594,152.50999450683594,152.22059631347656,152.3000030517578,69165,SPCX
2026-06-25 11:48:00,152.33009338378906,152.44000244140625,152.04100036621094,152.19000244140625,69564,SPCX
2026-06-25 11:49:00,152.1999969482422,152.2899932861328,151.8800048828125,151.9600067138672,76606,SPCX
2026-06-25 11:50:00,152.02999877929688,152.24000549316406,151.89010620117188,152.03500366210938,63820,SPCX
2026-06-25 11:51:00,152.0500030517578,152.6999969482422,152.02999877929688,152.5,96116,SPCX
2026-06-25 11:52:00,152.50869750976562,152.720703125,152.35000610351562,152.4499969482422,79058,SPCX
2026-06-25 11:53:00,152.49000549316406,152.55999755859375,152.3217010498047,152.55999755859375,60965,SPCX
2026-06-25 11:54:00,152.5500030517578,152.6999969482422,152.4600067138672,152.6699981689453,69089,SPCX
2026-06-25 11:55:00,152.61700439453125,152.6999969482422,152.42999267578125,152.5500030517578,80293,SPCX
2026-06-25 11:56:00,152.55999755859375,152.6999053955078,152.4501953125,152.6699981689453,54330,SPCX
2026-06-25 11:57:00,152.6750030517578,152.79800415039062,152.52000427246094,152.58999633789062,77681,SPCX
2026-06-25 11:58:00,152.58999633789062,152.58999633789062,152.10000610351562,152.13999938964844,84766,SPCX
2026-06-25 11:59:00,152.1699981689453,152.2790069580078,152.04010009765625,152.08999633789062,72632,SPCX
2026-06-25 12:00:00,152.19000244140625,152.41000366210938,152.10000610351562,152.41000366210938,66540,SPCX
2026-06-25 12:01:00,152.39500427246094,152.49000549316406,152.05999755859375,152.235107421875,69478,SPCX
2026-06-25 12:02:00,152.25999450683594,152.25999450683594,151.72999572753906,151.97000122070312,218215,SPCX
2026-06-25 12:03:00,151.96499633789062,151.96499633789062,151.52999877929688,151.60499572753906,158931,SPCX
2026-06-25 12:04:00,151.60499572753906,151.85989379882812,151.4499969482422,151.83700561523438,122747,SPCX
2026-06-25 12:05:00,151.8300018310547,152.0800018310547,151.57000732421875,151.92990112304688,114217,SPCX
2026-06-25 12:06:00,151.92999267578125,152.03790283203125,151.64999389648438,151.82000732421875,109507,SPCX
2026-06-25 12:07:00,151.84500122070312,151.84500122070312,151.32000732421875,151.4739990234375,123757,SPCX
2026-06-25 12:08:00,151.360107421875,151.71499633789062,151.25,151.6199951171875,102210,SPCX
2026-06-25 12:09:00,151.625,151.889892578125,151.60000610351562,151.80990600585938,83823,SPCX
2026-06-25 12:10:00,151.72000122070312,152.10000610351562,151.63999938964844,151.8300018310547,125978,SPCX
2026-06-25 12:11:00,151.85499572753906,152.0998992919922,151.85499572753906,151.9801025390625,76945,SPCX
2026-06-25 12:12:00,151.9499969482422,152.22999572753906,151.72999572753906,151.7581024169922,118296,SPCX
2026-06-25 12:13:00,151.75,151.8800048828125,151.6300048828125,151.6750030517578,99056,SPCX
2026-06-25 12:14:00,151.63929748535156,152.17999267578125,151.58999633789062,152.125,134499,SPCX
2026-06-25 12:15:00,152.125,152.47999572753906,152.0800018310547,152.1999969482422,107938,SPCX
2026-06-25 12:16:00,152.18499755859375,152.2449951171875,151.80999755859375,151.97999572753906,90106,SPCX
2026-06-25 12:17:00,151.9123992919922,152.3000030517578,151.88999938964844,152.03500366210938,99743,SPCX
2026-06-25 12:18:00,151.95010375976562,152.2050018310547,151.80999755859375,151.86000061035156,93834,SPCX
2026-06-25 12:19:00,151.8699951171875,151.9199981689453,151.6999969482422,151.75999450683594,100744,SPCX
2026-06-25 12:20:00,151.75999450683594,151.87989807128906,151.6199951171875,151.85000610351562,72806,SPCX
2026-06-25 12:21:00,151.86990356445312,152.11000061035156,151.6199951171875,151.9499969482422,94326,SPCX
2026-06-25 12:22:00,152.02000427246094,152.19000244140625,151.5,151.66000366210938,128397,SPCX
2026-06-25 12:23:00,151.6649932861328,151.83999633789062,151.17999267578125,151.19000244140625,124535,SPCX
2026-06-25 12:24:00,151.30999755859375,151.3300018310547,150.86000061035156,150.97000122070312,374773,SPCX
2026-06-25 12:25:00,151.0543975830078,151.3800048828125,150.9499969482422,151.25999450683594,111973,SPCX
2026-06-25 12:26:00,151.32000732421875,151.5,151.05299377441406,151.30999755859375,102451,SPCX
2026-06-25 12:27:00,151.3000030517578,151.3800048828125,151.08999633789062,151.32000732421875,80938,SPCX
2026-06-25 12:28:00,151.25999450683594,151.52000427246094,151.22999572753906,151.3249969482422,73528,SPCX
2026-06-25 12:29:00,151.36000061035156,151.4499969482422,151.0800018310547,151.0800018310547,86133,SPCX
2026-06-25 12:30:00,151.0675048828125,151.17999267578125,150.9600067138672,151.02999877929688,128057,SPCX
2026-06-25 12:31:00,151.0,151.1300048828125,150.9499969482422,151.01499938964844,96199,SPCX
2026-06-25 12:32:00,151.01499938964844,151.09689331054688,150.8000030517578,150.97500610351562,128748,SPCX
2026-06-25 12:33:00,150.9600067138672,150.96499633789062,150.3699951171875,150.5449981689453,325895,SPCX
2026-06-25 12:34:00,150.5742950439453,150.639892578125,150.27499389648438,150.57000732421875,309462,SPCX
2026-06-25 12:35:00,150.6199951171875,150.9199981689453,150.4499969482422,150.89999389648438,157268,SPCX
2026-06-25 12:36:00,150.8800048828125,151.19000244140625,150.8800048828125,151.05999755859375,202148,SPCX
2026-06-25 12:37:00,151.04010009765625,151.2899932861328,151.0399932861328,151.1649932861328,117944,SPCX
2026-06-25 12:38:00,151.14500427246094,151.4600067138672,151.07699584960938,151.2100067138672,107737,SPCX
2026-06-25 12:39:00,151.2899932861328,151.35850524902344,150.94000244140625,151.3249969482422,131030,SPCX
2026-06-25 12:40:00,151.2899932861328,151.43040466308594,151.15499877929688,151.26280212402344,71847,SPCX
2026-06-25 12:41:00,151.27999877929688,151.35000610351562,151.0800018310547,151.08999633789062,71691,SPCX
2026-06-25 12:42:00,151.11000061035156,151.25469970703125,151.0,151.1300048828125,65890,SPCX
2026-06-25 12:43:00,151.1300048828125,151.32000732421875,151.00999450683594,151.00999450683594,56180,SPCX
2026-06-25 12:44:00,151.02000427246094,151.1699981689453,150.97999572753906,151.05999755859375,79274,SPCX
2026-06-25 12:45:00,151.05999755859375,151.16990661621094,150.5500030517578,150.74000549316406,124516,SPCX
2026-06-25 12:46:00,150.75,150.99000549316406,150.726806640625,150.85000610351562,83793,SPCX
2026-06-25 12:47:00,150.8824005126953,151.35000610351562,150.8300018310547,151.1999969482422,92825,SPCX
2026-06-25 12:48:00,151.1300048828125,151.42999267578125,151.1300048828125,151.32000732421875,84404,SPCX
2026-06-25 12:49:00,151.3350067138672,151.47999572753906,151.25,151.35499572753906,76727,SPCX
2026-06-25 12:50:00,151.35499572753906,151.42950439453125,151.16000366210938,151.4149932861328,77394,SPCX
2026-06-25 12:51:00,151.4199981689453,151.77999877929688,151.389892578125,151.49000549316406,209567,SPCX
2026-06-25 12:52:00,151.5800018310547,151.7270050048828,151.39999389648438,151.50999450683594,59659,SPCX
2026-06-25 12:53:00,151.55499267578125,151.85989379882812,151.50999450683594,151.67140197753906,79490,SPCX
2026-06-25 12:54:00,151.6999969482422,151.75,151.57000732421875,151.57000732421875,56173,SPCX
2026-06-25 12:55:00,151.5500030517578,151.64999389648438,151.36000061035156,151.39999389648438,83358,SPCX
2026-06-25 12:56:00,151.43499755859375,151.72999572753906,151.39999389648438,151.52000427246094,63321,SPCX
2026-06-25 12:57:00,151.5399932861328,151.6699981689453,151.4499969482422,151.49920654296875,66865,SPCX
2026-06-25 12:58:00,151.47000122070312,151.77000427246094,151.47000122070312,151.75999450683594,65614,SPCX
2026-06-25 12:59:00,151.75999450683594,151.7899932861328,151.49000549316406,151.63499450683594,68705,SPCX
2026-06-25 13:00:00,151.6300048828125,151.88999938964844,151.5800018310547,151.7550048828125,106910,SPCX
2026-06-25 13:01:00,151.72000122070312,151.7530059814453,151.55999755859375,151.64999389648438,54176,SPCX
2026-06-25 13:02:00,151.67999267578125,151.82000732421875,151.4600067138672,151.6699981689453,63428,SPCX
2026-06-25 13:03:00,151.67999267578125,151.8000030517578,151.5850067138672,151.67999267578125,54680,SPCX
2026-06-25 13:04:00,151.72999572753906,151.74000549316406,151.5500946044922,151.63999938964844,46206,SPCX
2026-06-25 13:05:00,151.63499450683594,151.6699981689453,151.08009338378906,151.2100067138672,89680,SPCX
2026-06-25 13:06:00,151.1649932861328,151.21209716796875,150.89999389648438,151.08999633789062,121546,SPCX
2026-06-25 13:07:00,151.05499267578125,151.2886962890625,150.9969940185547,151.1699981689453,73924,SPCX
2026-06-25 13:08:00,151.18499755859375,151.4199981689453,151.14999389648438,151.21499633789062,62156,SPCX
2026-06-25 13:09:00,151.10000610351562,151.38999938964844,151.10000610351562,151.33309936523438,56329,SPCX
2026-06-25 13:10:00,151.33999633789062,151.8300018310547,151.16000366210938,151.6300048828125,97718,SPCX
2026-06-25 13:11:00,151.648193359375,152.0800018310547,151.6300048828125,152.05999755859375,89668,SPCX
2026-06-25 13:12:00,152.10000610351562,152.3699951171875,152.02000427246094,152.34500122070312,123733,SPCX
2026-06-25 13:13:00,152.30999755859375,152.52999877929688,152.1199951171875,152.29989624023438,128759,SPCX
2026-06-25 13:14:00,152.25,152.44000244140625,151.85000610351562,151.92999267578125,136594,SPCX
2026-06-25 13:15:00,151.92999267578125,152.5500030517578,151.92999267578125,152.30499267578125,100261,SPCX
2026-06-25 13:16:00,152.30499267578125,152.33999633789062,151.64999389648438,151.77999877929688,83461,SPCX
2026-06-25 13:17:00,151.77999877929688,151.82000732421875,151.4499969482422,151.82000732421875,82027,SPCX
2026-06-25 13:18:00,151.78500366210938,151.8699951171875,151.32000732421875,151.3800048828125,80356,SPCX
2026-06-25 13:19:00,151.30999755859375,151.5500030517578,151.11000061035156,151.1649932861328,97069,SPCX
2026-06-25 13:20:00,151.1699981689453,151.2100067138672,150.86000061035156,151.0749969482422,175680,SPCX
2026-06-25 13:21:00,151.0800018310547,151.25999450683594,151.02000427246094,151.24000549316406,69694,SPCX
2026-06-25 13:22:00,151.2100067138672,151.25999450683594,151.06500244140625,151.10499572753906,60140,SPCX
2026-06-25 13:23:00,151.125,151.35000610351562,151.02000427246094,151.32000732421875,52987,SPCX
2026-06-25 13:24:00,151.2747039794922,151.4600067138672,151.24000549316406,151.4199981689453,82674,SPCX
2026-06-25 13:25:00,151.38009643554688,151.52000427246094,151.25010681152344,151.39100646972656,64200,SPCX
2026-06-25 13:26:00,151.36500549316406,151.69000244140625,151.36500549316406,151.64999389648438,67303,SPCX
2026-06-25 13:27:00,151.66000366210938,151.75,151.5449981689453,151.74000549316406,62219,SPCX
2026-06-25 13:28:00,151.7100067138672,151.72999572753906,151.3000030517578,151.3509063720703,61161,SPCX
2026-06-25 13:29:00,151.32000732421875,151.4600067138672,151.3000030517578,151.39999389648438,49209,SPCX
2026-06-25 13:30:00,151.4199981689453,151.80999755859375,151.4199981689453,151.80999755859375,59946,SPCX
2026-06-25 13:31:00,151.80999755859375,152.0,151.72999572753906,151.9499969482422,59698,SPCX
2026-06-25 13:32:00,151.9499969482422,151.99989318847656,151.67999267578125,151.75,57832,SPCX
2026-06-25 13:33:00,151.66000366210938,151.87989807128906,151.5,151.77499389648438,63541,SPCX
2026-06-25 13:34:00,151.74000549316406,151.8000030517578,151.5998992919922,151.7899932861328,47725,SPCX
2026-06-25 13:35:00,151.77999877929688,151.97909545898438,151.72999572753906,151.9199981689453,57924,SPCX
2026-06-25 13:36:00,151.8300018310547,151.9600067138672,151.82000732421875,151.8300018310547,56373,SPCX
2026-06-25 13:37:00,151.80999755859375,151.8300018310547,151.6300048828125,151.6699981689453,56362,SPCX
2026-06-25 13:38:00,151.6750030517578,151.7050018310547,151.6199951171875,151.66000366210938,38625,SPCX
2026-06-25 13:39:00,151.66000366210938,151.75,151.57000732421875,151.67999267578125,48681,SPCX
2026-06-25 13:40:00,151.72999572753906,151.8699951171875,151.61000061035156,151.8365020751953,51395,SPCX
2026-06-25 13:41:00,151.85000610351562,151.89999389648438,151.6699981689453,151.8090057373047,60669,SPCX
2026-06-25 13:42:00,151.72999572753906,151.79989624023438,151.6300048828125,151.68499755859375,49219,SPCX
2026-06-25 13:43:00,151.66009521484375,151.889892578125,151.44500732421875,151.47999572753906,74371,SPCX
2026-06-25 13:44:00,151.4199981689453,151.5500030517578,151.3300018310547,151.3699951171875,52192,SPCX
2026-06-25 13:45:00,151.38999938964844,151.39999389648438,151.0,151.19000244140625,102003,SPCX
2026-06-25 13:46:00,151.1750030517578,151.36000061035156,151.0850067138672,151.16000366210938,72116,SPCX
2026-06-25 13:47:00,151.18499755859375,151.25,150.80999755859375,151.11619567871094,95929,SPCX
2026-06-25 13:48:00,151.09500122070312,151.14999389648438,150.86000061035156,150.86000061035156,88529,SPCX
2026-06-25 13:49:00,150.86000061035156,150.97999572753906,150.72000122070312,150.83999633789062,90977,SPCX
2026-06-25 13:50:00,150.8625030517578,151.0,150.69000244140625,150.88999938964844,119112,SPCX
2026-06-25 13:51:00,150.94000244140625,151.08999633789062,150.83749389648438,150.85940551757812,93496,SPCX
2026-06-25 13:52:00,150.85000610351562,151.0399932861328,150.80999755859375,150.99000549316406,66537,SPCX
2026-06-25 13:53:00,150.99000549316406,151.55999755859375,150.97000122070312,151.47000122070312,92271,SPCX
2026-06-25 13:54:00,151.4481964111328,151.7100067138672,151.36000061035156,151.7100067138672,118304,SPCX
2026-06-25 13:55:00,151.6649932861328,152.04989624023438,151.6199951171875,151.9199981689453,103661,SPCX
2026-06-25 13:56:00,151.8800048828125,152.13999938964844,151.82000732421875,152.0500030517578,124696,SPCX
2026-06-25 13:57:00,152.07000732421875,152.1999969482422,151.8699951171875,151.9250030517578,108022,SPCX
2026-06-25 13:58:00,151.93499755859375,152.07989501953125,151.93499755859375,152.0,55664,SPCX
2026-06-25 13:59:00,151.9949951171875,152.1300048828125,151.8800048828125,152.0500030517578,61315,SPCX
2026-06-25 14:00:00,152.01060485839844,152.35000610351562,151.82000732421875,152.30999755859375,111004,SPCX
2026-06-25 14:01:00,152.35000610351562,152.5,152.3000030517578,152.3800048828125,85256,SPCX
2026-06-25 14:02:00,152.36500549316406,152.36500549316406,151.83999633789062,151.9600067138672,99242,SPCX
2026-06-25 14:03:00,152.0,152.52000427246094,152.0,152.07000732421875,103737,SPCX
2026-06-25 14:04:00,152.05560302734375,152.3000030517578,152.0,152.08999633789062,58690,SPCX
2026-06-25 14:05:00,152.0800018310547,152.29010009765625,152.0,152.2899932861328,68233,SPCX
2026-06-25 14:06:00,152.26499938964844,152.5489959716797,152.26499938964844,152.39700317382812,77866,SPCX
2026-06-25 14:07:00,152.38999938964844,152.77000427246094,152.33999633789062,152.75,124046,SPCX
2026-06-25 14:08:00,152.8000030517578,152.9199981689453,152.69000244140625,152.69000244140625,102859,SPCX
2026-06-25 14:09:00,152.67999267578125,152.88999938964844,152.63999938964844,152.6999969482422,64143,SPCX
2026-06-25 14:10:00,152.7239990234375,152.8699951171875,152.64999389648438,152.67999267578125,63837,SPCX
2026-06-25 14:11:00,152.63999938964844,152.74000549316406,152.5,152.67990112304688,91937,SPCX
2026-06-25 14:12:00,152.64999389648438,152.67999267578125,152.3000030517578,152.31500244140625,75231,SPCX
2026-06-25 14:13:00,152.3000030517578,152.42999267578125,152.24000549316406,152.375,61718,SPCX
2026-06-25 14:14:00,152.3990936279297,152.5699005126953,152.35000610351562,152.56790161132812,53433,SPCX
2026-06-25 14:15:00,152.57000732421875,152.5800018310547,152.3699951171875,152.4499969482422,55612,SPCX
2026-06-25 14:16:00,152.5,152.94000244140625,152.4449005126953,152.92999267578125,88008,SPCX
2026-06-25 14:17:00,152.92999267578125,152.94000244140625,152.77699279785156,152.8300018310547,54453,SPCX
2026-06-25 14:18:00,152.8321075439453,153.1699981689453,152.8300018310547,153.14779663085938,136083,SPCX
2026-06-25 14:19:00,153.13999938964844,153.39999389648438,153.04989624023438,153.08309936523438,99356,SPCX
2026-06-25 14:20:00,153.0500030517578,153.3000030517578,152.85000610351562,152.9600067138672,91432,SPCX
2026-06-25 14:21:00,152.91000366210938,152.9698944091797,152.55999755859375,152.7100067138672,71069,SPCX
2026-06-25 14:22:00,152.75,153.0,152.7100067138672,152.77499389648438,50272,SPCX
2026-06-25 14:23:00,152.74000549316406,152.94000244140625,152.6999969482422,152.91000366210938,50397,SPCX
2026-06-25 14:24:00,152.91000366210938,153.05999755859375,152.72999572753906,152.83999633789062,67322,SPCX
2026-06-25 14:25:00,152.8300018310547,153.1999969482422,152.8300018310547,153.16000366210938,52815,SPCX
2026-06-25 14:26:00,153.14999389648438,153.1699981689453,152.9499969482422,153.10400390625,63153,SPCX
2026-06-25 14:27:00,153.1085968017578,153.17999267578125,152.97000122070312,153.17999267578125,50255,SPCX
2026-06-25 14:28:00,153.1999969482422,153.39999389648438,153.13999938964844,153.27149963378906,85091,SPCX
2026-06-25 14:29:00,153.30990600585938,153.48989868164062,153.1999969482422,153.35989379882812,84919,SPCX
2026-06-25 14:30:00,153.33999633789062,153.3699951171875,152.875,152.92999267578125,82812,SPCX
2026-06-25 14:31:00,152.89089965820312,153.12989807128906,152.71009826660156,152.9600067138672,81602,SPCX
2026-06-25 14:32:00,153.02499389648438,153.05990600585938,152.83999633789062,152.85000610351562,55827,SPCX
2026-06-25 14:33:00,152.85499572753906,152.89999389648438,152.6199951171875,152.6199951171875,72680,SPCX
2026-06-25 14:34:00,152.6934051513672,152.75999450683594,152.4600067138672,152.5,71903,SPCX
2026-06-25 14:35:00,152.50999450683594,152.57000732421875,152.22999572753906,152.4600067138672,77440,SPCX
2026-06-25 14:36:00,152.4600067138672,152.92230224609375,152.41000366210938,152.86000061035156,70558,SPCX
2026-06-25 14:37:00,152.8800048828125,152.9698944091797,152.76510620117188,152.93499755859375,62425,SPCX
2026-06-25 14:38:00,152.9600067138672,153.0500030517578,152.75999450683594,152.92999267578125,86076,SPCX
2026-06-25 14:39:00,152.90499877929688,152.99000549316406,152.7899932861328,152.8990020751953,51337,SPCX
2026-06-25 14:40:00,152.88999938964844,153.52999877929688,152.88999938964844,153.44500732421875,152472,SPCX
2026-06-25 14:41:00,153.44000244140625,153.45860290527344,153.1300048828125,153.2198944091797,114302,SPCX
2026-06-25 14:42:00,153.1699981689453,153.3000030517578,153.0,153.2100067138672,53084,SPCX
2026-06-25 14:43:00,153.21499633789062,153.389892578125,153.14999389648438,153.25900268554688,68054,SPCX
2026-06-25 14:44:00,153.2100067138672,153.32989501953125,153.1197052001953,153.1197052001953,68145,SPCX
2026-06-25 14:45:00,153.13499450683594,153.14999389648438,152.82000732421875,152.96499633789062,87466,SPCX
2026-06-25 14:46:00,152.96499633789062,153.16990661621094,152.88009643554688,152.91000366210938,63039,SPCX
2026-06-25 14:47:00,152.89999389648438,152.92999267578125,152.58999633789062,152.80999755859375,67655,SPCX
2026-06-25 14:48:00,152.8300018310547,153.0,152.7899932861328,152.97500610351562,51368,SPCX
2026-06-25 14:49:00,152.97999572753906,153.1199951171875,152.95010375976562,153.09100341796875,67886,SPCX
2026-06-25 14:50:00,153.10000610351562,153.48989868164062,153.10000610351562,153.38360595703125,66918,SPCX
2026-06-25 14:51:00,153.3800048828125,153.45799255371094,153.07000732421875,153.07000732421875,78403,SPCX
2026-06-25 14:52:00,153.11000061035156,153.44000244140625,153.07000732421875,153.3699951171875,71009,SPCX
2026-06-25 14:53:00,153.4499969482422,153.50999450683594,153.1699981689453,153.2100067138672,79315,SPCX
2026-06-25 14:54:00,153.22999572753906,153.28500366210938,153.10009765625,153.2100067138672,57487,SPCX
2026-06-25 14:55:00,153.2100067138672,153.4398956298828,153.09829711914062,153.39999389648438,59518,SPCX
2026-06-25 14:56:00,153.38999938964844,153.39999389648438,153.14010620117188,153.2100067138672,56088,SPCX
2026-06-25 14:57:00,153.2449951171875,153.32859802246094,153.11000061035156,153.3000030517578,67072,SPCX
2026-06-25 14:58:00,153.27999877929688,153.3300018310547,152.97999572753906,153.00999450683594,72444,SPCX
2026-06-25 14:59:00,153.0,153.35000610351562,152.99000549316406,153.33999633789062,63476,SPCX
2026-06-25 15:00:00,153.32000732421875,153.36000061035156,153.17999267578125,153.2050018310547,55200,SPCX
2026-06-25 15:01:00,153.2100067138672,153.3000030517578,152.81039428710938,152.85000610351562,74875,SPCX
2026-06-25 15:02:00,152.85000610351562,152.8800048828125,152.6699981689453,152.77999877929688,62923,SPCX
2026-06-25 15:03:00,152.78500366210938,152.8300018310547,152.60000610351562,152.7949981689453,70562,SPCX
2026-06-25 15:04:00,152.80999755859375,152.8699951171875,152.64999389648438,152.85890197753906,75087,SPCX
2026-06-25 15:05:00,152.85000610351562,153.10000610351562,152.82000732421875,152.952392578125,68087,SPCX
2026-06-25 15:06:00,152.94000244140625,153.16000366210938,152.91000366210938,153.01499938964844,90316,SPCX
2026-06-25 15:07:00,152.96009826660156,153.05999755859375,152.82009887695312,153.02000427246094,73565,SPCX
2026-06-25 15:08:00,153.0399932861328,153.25,153.00999450683594,153.16000366210938,74210,SPCX
2026-06-25 15:09:00,153.17999267578125,153.25,153.10000610351562,153.1649932861328,79773,SPCX
2026-06-25 15:10:00,153.13009643554688,153.32000732421875,153.07000732421875,153.2100067138672,65712,SPCX
2026-06-25 15:11:00,153.2100067138672,153.22999572753906,152.86000061035156,152.89999389648438,94760,SPCX
2026-06-25 15:12:00,152.9199981689453,153.13369750976562,152.8699951171875,153.10000610351562,99290,SPCX
2026-06-25 15:13:00,153.10000610351562,153.2895050048828,152.66000366210938,152.66000366210938,127719,SPCX
2026-06-25 15:14:00,152.7050018310547,152.9698944091797,152.5,152.9199981689453,85505,SPCX
2026-06-25 15:15:00,152.9499969482422,153.1300048828125,152.92999267578125,153.10000610351562,110369,SPCX
2026-06-25 15:16:00,153.14999389648438,153.52999877929688,153.11500549316406,153.32000732421875,152442,SPCX
2026-06-25 15:17:00,153.31910705566406,153.38999938964844,153.11000061035156,153.11000061035156,74718,SPCX
2026-06-25 15:18:00,153.14500427246094,153.14500427246094,152.7100067138672,152.74000549316406,127929,SPCX
2026-06-25 15:19:00,152.72000122070312,152.97329711914062,152.72000122070312,152.89230346679688,74358,SPCX
2026-06-25 15:20:00,152.9398956298828,153.0500030517578,152.39999389648438,152.39999389648438,154349,SPCX
2026-06-25 15:21:00,152.40049743652344,152.5399932861328,152.34500122070312,152.36000061035156,105341,SPCX
2026-06-25 15:22:00,152.36000061035156,152.69000244140625,152.33999633789062,152.6750030517578,122283,SPCX
2026-06-25 15:23:00,152.6811981201172,152.8699951171875,152.61000061035156,152.73170471191406,77767,SPCX
2026-06-25 15:24:00,152.74000549316406,152.90499877929688,152.69000244140625,152.8300018310547,67002,SPCX
2026-06-25 15:25:00,152.86000061035156,152.94000244140625,152.75,152.8699951171875,81744,SPCX
2026-06-25 15:26:00,152.8531036376953,152.89999389648438,152.67999267578125,152.8300018310547,65820,SPCX
2026-06-25 15:27:00,152.8101043701172,152.8800048828125,152.64999389648438,152.66000366210938,77351,SPCX
2026-06-25 15:28:00,152.64999389648438,152.6999969482422,152.4199981689453,152.44749450683594,86972,SPCX
2026-06-25 15:29:00,152.39999389648438,152.55999755859375,152.3300018310547,152.46499633789062,96697,SPCX
2026-06-25 15:30:00,152.4499969482422,152.77000427246094,152.4199981689453,152.52000427246094,101164,SPCX
2026-06-25 15:31:00,152.5399932861328,152.5800018310547,152.17999267578125,152.21499633789062,139789,SPCX
2026-06-25 15:32:00,152.1999969482422,152.25,151.5,151.64999389648438,241677,SPCX
2026-06-25 15:33:00,151.66990661621094,151.97999572753906,151.5399932861328,151.82000732421875,157722,SPCX
2026-06-25 15:34:00,151.82000732421875,152.08999633789062,151.77000427246094,151.99000549316406,140291,SPCX
2026-06-25 15:35:00,151.99000549316406,152.11500549316406,151.8300018310547,151.9698944091797,129618,SPCX
2026-06-25 15:36:00,151.9250030517578,152.25,151.8699951171875,151.99000549316406,109746,SPCX
2026-06-25 15:37:00,151.9600067138672,152.14340209960938,151.91000366210938,151.9866943359375,95998,SPCX
2026-06-25 15:38:00,151.9600067138672,152.00999450683594,151.77000427246094,151.81500244140625,108172,SPCX
2026-06-25 15:39:00,151.82000732421875,151.92999267578125,151.6699981689453,151.9199981689453,119740,SPCX
2026-06-25 15:40:00,151.9199981689453,152.17999267578125,151.9199981689453,152.0399932861328,120650,SPCX
2026-06-25 15:41:00,152.05999755859375,152.75,151.9499969482422,152.7050018310547,152855,SPCX
2026-06-25 15:42:00,152.66000366210938,152.97999572753906,152.64999389648438,152.92999267578125,115889,SPCX
2026-06-25 15:43:00,152.9499969482422,152.99000549316406,152.8699951171875,152.92999267578125,102909,SPCX
2026-06-25 15:44:00,152.92999267578125,152.97999572753906,152.8000030517578,152.8800048828125,110786,SPCX
2026-06-25 15:45:00,152.86000061035156,153.10000610351562,152.7935028076172,152.84500122070312,137229,SPCX
2026-06-25 15:46:00,152.8726043701172,153.08999633789062,152.7301025390625,152.83999633789062,145909,SPCX
2026-06-25 15:47:00,152.8350067138672,152.99000549316406,152.8000030517578,152.83999633789062,111510,SPCX
2026-06-25 15:48:00,152.85000610351562,152.85000610351562,152.5800018310547,152.6999969482422,106424,SPCX
2026-06-25 15:49:00,152.6999969482422,152.85000610351562,152.63999938964844,152.82000732421875,115561,SPCX
2026-06-25 15:50:00,152.83999633789062,153.35069274902344,152.83999633789062,153.10000610351562,274338,SPCX
2026-06-25 15:51:00,153.1199951171875,153.27999877929688,153.02000427246094,153.02999877929688,195883,SPCX
2026-06-25 15:52:00,153.02999877929688,153.1999969482422,152.99000549316406,153.0399932861328,185818,SPCX
2026-06-25 15:53:00,153.0399932861328,153.25,152.89999389648438,152.9499053955078,226907,SPCX
2026-06-25 15:54:00,152.9499969482422,152.97000122070312,152.55999755859375,152.60000610351562,237648,SPCX
2026-06-25 15:55:00,152.6300048828125,152.77000427246094,152.4199981689453,152.7449951171875,660955,SPCX
2026-06-25 15:56:00,152.77000427246094,152.97000122070312,152.72000122070312,152.72999572753906,322865,SPCX
2026-06-25 15:57:00,152.75,152.91000366210938,152.61000061035156,152.72000122070312,455318,SPCX
2026-06-25 15:58:00,152.75,153.0399932861328,152.6300048828125,152.99000549316406,581666,SPCX
2026-06-25 15:59:00,152.9949951171875,153.0399932861328,152.7899932861328,153.00999450683594,654895,SPCX
2026-06-26 09:30:00,150.6199951171875,150.72999572753906,150.02000427246094,150.33389282226562,5188955,SPCX
2026-06-26 09:31:00,150.2899932861328,150.3699951171875,148.63999938964844,149.78500366210938,1623481,SPCX
2026-06-26 09:32:00,149.78500366210938,149.78500366210938,148.50999450683594,149.5850067138672,419137,SPCX
2026-06-26 09:33:00,149.5749969482422,149.89999389648438,149.10000610351562,149.7449951171875,216205,SPCX
2026-06-26 09:34:00,149.7449951171875,151.27999877929688,149.72999572753906,150.91000366210938,608037,SPCX
2026-06-26 09:35:00,151.0,152.13999938964844,150.72000122070312,151.58999633789062,454932,SPCX
2026-06-26 09:36:00,151.54820251464844,151.99000549316406,151.1199951171875,151.2550048828125,256913,SPCX
2026-06-26 09:37:00,151.25,151.25,150.0,150.08250427246094,314280,SPCX
2026-06-26 09:38:00,150.11000061035156,151.6999969482422,150.11000061035156,151.3491973876953,259804,SPCX
2026-06-26 09:39:00,151.32000732421875,151.8699951171875,150.72999572753906,151.8000030517578,201746,SPCX
2026-06-26 09:40:00,151.72999572753906,152.66940307617188,151.7100067138672,151.80999755859375,407890,SPCX
2026-06-26 09:41:00,151.82000732421875,152.0800018310547,151.74000549316406,152.03509521484375,169832,SPCX
2026-06-26 09:42:00,151.99270629882812,152.10000610351562,151.55999755859375,151.93499755859375,178591,SPCX
2026-06-26 09:43:00,151.89999389648438,152.6300048828125,151.8800048828125,152.375,271467,SPCX
2026-06-26 09:44:00,152.36000061035156,152.4398956298828,151.09100341796875,151.13999938964844,235733,SPCX
2026-06-26 09:45:00,151.13499450683594,151.27999877929688,150.39999389648438,150.54010009765625,245030,SPCX
2026-06-26 09:46:00,150.60000610351562,151.16000366210938,150.38999938964844,150.98989868164062,192185,SPCX
2026-06-26 09:47:00,150.98300170898438,151.1999969482422,150.75999450683594,150.75999450683594,146997,SPCX
2026-06-26 09:48:00,150.75999450683594,151.07000732421875,150.72000122070312,150.97000122070312,136266,SPCX
2026-06-26 09:49:00,151.0,151.20730590820312,150.6999969482422,150.75999450683594,147106,SPCX
2026-06-26 09:50:00,150.76499938964844,151.39999389648438,150.3000030517578,150.47520446777344,239376,SPCX
2026-06-26 09:51:00,150.41000366210938,150.61000061035156,150.10000610351562,150.10000610351562,191368,SPCX
2026-06-26 09:52:00,150.09500122070312,150.14500427246094,149.24000549316406,149.30999755859375,508343,SPCX
2026-06-26 09:53:00,149.3300018310547,149.72999572753906,149.10000610351562,149.6750030517578,322051,SPCX
2026-06-26 09:54:00,149.69000244140625,149.88999938964844,149.42999267578125,149.5500030517578,173582,SPCX
2026-06-26 09:55:00,149.60000610351562,149.60000610351562,149.05999755859375,149.4499969482422,207654,SPCX
2026-06-26 09:56:00,149.4499969482422,150.2100067138672,149.27000427246094,150.2100067138672,248182,SPCX
2026-06-26 09:57:00,150.20799255371094,151.19000244140625,150.13999938964844,150.89999389648438,337289,SPCX
2026-06-26 09:58:00,150.9499969482422,151.63999938964844,150.85000610351562,151.47000122070312,200397,SPCX
2026-06-26 09:59:00,151.4550018310547,151.85000610351562,151.3350067138672,151.6699981689453,179279,SPCX
2026-06-26 10:00:00,151.6699981689453,152.1300048828125,151.57009887695312,151.86000061035156,208565,SPCX
2026-06-26 10:01:00,151.86000061035156,152.1999969482422,151.74000549316406,151.94000244140625,248653,SPCX
2026-06-26 10:02:00,151.9250030517578,152.20989990234375,151.43499755859375,151.75,180828,SPCX
2026-06-26 10:03:00,151.8000030517578,151.8000030517578,151.3800048828125,151.4949951171875,133464,SPCX
2026-06-26 10:04:00,151.5050048828125,151.85000610351562,151.3000030517578,151.78289794921875,132890,SPCX
2026-06-26 10:05:00,151.76010131835938,152.35000610351562,151.5399932861328,151.73500061035156,182911,SPCX
2026-06-26 10:06:00,151.7100067138672,151.92999267578125,151.5,151.57000732421875,97359,SPCX
2026-06-26 10:07:00,151.52999877929688,152.1300048828125,151.5,152.00999450683594,127463,SPCX
2026-06-26 10:08:00,151.9949951171875,152.4199981689453,151.8206024169922,151.97000122070312,127250,SPCX
2026-06-26 10:09:00,151.97000122070312,152.39999389648438,151.85000610351562,152.19500732421875,117749,SPCX
2026-06-26 10:10:00,152.19500732421875,152.3699951171875,151.8800048828125,152.1300048828125,143883,SPCX
2026-06-26 10:11:00,152.1999969482422,152.2899932861328,151.6999969482422,151.89999389648438,147886,SPCX
2026-06-26 10:12:00,152.0,152.41000366210938,151.914306640625,152.4010009765625,133915,SPCX
2026-06-26 10:13:00,152.41000366210938,153.49989318847656,152.3939971923828,152.9499969482422,408811,SPCX
2026-06-26 10:14:00,152.9499969482422,153.00999450683594,152.47000122070312,152.83999633789062,199233,SPCX
2026-06-26 10:15:00,152.83999633789062,152.9499969482422,152.52999877929688,152.83999633789062,149573,SPCX
2026-06-26 10:16:00,152.89439392089844,153.14999389648438,152.6199951171875,152.83999633789062,118863,SPCX
2026-06-26 10:17:00,152.85000610351562,153.13999938964844,152.60000610351562,152.8249969482422,155600,SPCX
2026-06-26 10:18:00,152.86000061035156,153.57000732421875,152.77000427246094,153.57000732421875,261675,SPCX
2026-06-26 10:19:00,153.5399932861328,153.64999389648438,153.09010314941406,153.22999572753906,231218,SPCX
2026-06-26 10:20:00,153.3000030517578,153.60000610351562,153.0,153.30999755859375,186263,SPCX
2026-06-26 10:21:00,153.2899932861328,153.3699951171875,152.8800048828125,153.3000030517578,156226,SPCX
2026-06-26 10:22:00,153.31500244140625,153.31500244140625,152.3300018310547,152.5500030517578,276003,SPCX
2026-06-26 10:23:00,152.57000732421875,153.0756072998047,152.5,152.9550018310547,129445,SPCX
2026-06-26 10:24:00,152.9199981689453,152.97000122070312,152.6199951171875,152.8699951171875,82317,SPCX
2026-06-26 10:25:00,152.8350067138672,153.0800018310547,152.52000427246094,152.59500122070312,165286,SPCX
2026-06-26 10:26:00,152.52000427246094,152.6300048828125,152.07000732421875,152.1699981689453,189199,SPCX
2026-06-26 10:27:00,152.25,152.9499969482422,152.1199951171875,152.69009399414062,118936,SPCX
2026-06-26 10:28:00,152.74000549316406,152.86000061035156,152.52999877929688,152.57000732421875,114679,SPCX
2026-06-26 10:29:00,152.60000610351562,152.72999572753906,152.4199981689453,152.52999877929688,126796,SPCX
2026-06-26 10:30:00,152.5,152.69000244140625,152.30999755859375,152.47000122070312,90896,SPCX
2026-06-26 10:31:00,152.39500427246094,152.5500030517578,152.1199951171875,152.1300048828125,83198,SPCX
2026-06-26 10:32:00,152.14500427246094,152.2899932861328,151.72869873046875,151.8800048828125,206868,SPCX
2026-06-26 10:33:00,151.83999633789062,152.25999450683594,151.6300048828125,152.02499389648438,135405,SPCX
2026-06-26 10:34:00,152.08999633789062,152.57000732421875,152.02999877929688,152.27999877929688,129808,SPCX
2026-06-26 10:35:00,152.27000427246094,152.3699951171875,152.1300048828125,152.15499877929688,72528,SPCX
2026-06-26 10:36:00,152.1199951171875,152.22999572753906,151.5,151.83009338378906,132381,SPCX
2026-06-26 10:37:00,151.89999389648438,152.24000549316406,151.66000366210938,151.77999877929688,151916,SPCX
2026-06-26 10:38:00,151.7550048828125,151.9250030517578,151.55499267578125,151.64500427246094,86807,SPCX
2026-06-26 10:39:00,151.66000366210938,151.85000610351562,151.30999755859375,151.49000549316406,112875,SPCX
2026-06-26 10:40:00,151.49000549316406,151.54100036621094,151.19009399414062,151.36500549316406,108734,SPCX
2026-06-26 10:41:00,151.37579345703125,151.94000244140625,151.3000030517578,151.72999572753906,87157,SPCX
2026-06-26 10:42:00,151.77000427246094,152.10000610351562,151.75999450683594,151.83990478515625,101056,SPCX
2026-06-26 10:43:00,151.83999633789062,151.83999633789062,151.3300018310547,151.5644989013672,103191,SPCX
2026-06-26 10:44:00,151.5449981689453,151.72000122070312,151.25,151.33399963378906,108799,SPCX
2026-06-26 10:45:00,151.46499633789062,151.63999938964844,151.3699951171875,151.63999938964844,59972,SPCX
2026-06-26 10:46:00,151.5800018310547,151.92999267578125,151.5800018310547,151.75,77386,SPCX
2026-06-26 10:47:00,151.67999267578125,151.9600067138672,151.61000061035156,151.75999450683594,78678,SPCX
2026-06-26 10:48:00,151.75999450683594,152.14999389648438,151.65049743652344,152.0850067138672,95218,SPCX
2026-06-26 10:49:00,152.05999755859375,152.1999969482422,152.0,152.08999633789062,91794,SPCX
2026-06-26 10:50:00,152.1103973388672,152.42999267578125,152.05999755859375,152.4199981689453,90829,SPCX
2026-06-26 10:51:00,152.39500427246094,152.6300048828125,152.13999938964844,152.27000427246094,104381,SPCX
2026-06-26 10:52:00,152.27000427246094,152.30999755859375,151.33999633789062,151.60000610351562,123315,SPCX
2026-06-26 10:53:00,151.60499572753906,151.67999267578125,151.3300018310547,151.40989685058594,69682,SPCX
2026-06-26 10:54:00,151.30999755859375,151.69000244140625,151.27000427246094,151.63999938964844,106669,SPCX
2026-06-26 10:55:00,151.66639709472656,151.8800048828125,151.61599731445312,151.63999938964844,77346,SPCX
2026-06-26 10:56:00,151.77000427246094,152.0399932861328,151.5800018310547,151.8699951171875,92041,SPCX
2026-06-26 10:57:00,151.86000061035156,152.02999877929688,151.72999572753906,151.89999389648438,74967,SPCX
2026-06-26 10:58:00,151.89999389648438,152.19000244140625,151.89999389648438,151.9149932861328,86205,SPCX
2026-06-26 10:59:00,151.92999267578125,152.3800048828125,151.85009765625,152.2949981689453,126235,SPCX
2026-06-26 11:00:00,152.3000030517578,152.77000427246094,152.13999938964844,152.61990356445312,161259,SPCX
2026-06-26 11:01:00,152.59500122070312,152.6999969482422,152.3699951171875,152.47999572753906,163184,SPCX
2026-06-26 11:02:00,152.48500061035156,152.85000610351562,152.47000122070312,152.8300018310547,121512,SPCX
2026-06-26 11:03:00,152.8000030517578,152.96929931640625,152.7760009765625,152.83999633789062,108553,SPCX
2026-06-26 11:04:00,152.84500122070312,152.9499969482422,152.55149841308594,152.94000244140625,94215,SPCX
2026-06-26 11:05:00,152.94000244140625,152.97999572753906,152.63999938964844,152.73500061035156,113966,SPCX
2026-06-26 11:06:00,152.7230987548828,152.7550048828125,152.55059814453125,152.61000061035156,66987,SPCX
2026-06-26 11:07:00,152.6300048828125,152.77000427246094,152.41009521484375,152.73500061035156,131901,SPCX
2026-06-26 11:08:00,152.73500061035156,152.97999572753906,152.5449981689453,152.97999572753906,110345,SPCX
2026-06-26 11:09:00,152.93499755859375,153.38999938964844,152.77999877929688,153.16000366210938,238871,SPCX
2026-06-26 11:10:00,153.17239379882812,153.49000549316406,153.09500122070312,153.41220092773438,181268,SPCX
2026-06-26 11:11:00,153.44500732421875,153.75999450683594,153.22999572753906,153.55999755859375,241196,SPCX
2026-06-26 11:12:00,153.55999755859375,153.60000610351562,153.25,153.47000122070312,137349,SPCX
2026-06-26 11:13:00,153.4250030517578,153.50999450683594,153.110107421875,153.15499877929688,97509,SPCX
2026-06-26 11:14:00,153.15499877929688,153.22999572753906,152.8800048828125,153.1999969482422,107693,SPCX
2026-06-26 11:15:00,153.19000244140625,153.22999572753906,152.83999633789062,153.1699981689453,111156,SPCX
2026-06-26 11:16:00,153.0500030517578,153.36880493164062,153.0,153.2949981689453,105839,SPCX
2026-06-26 11:17:00,153.30999755859375,153.75999450683594,153.1999969482422,153.63999938964844,158046,SPCX
2026-06-26 11:18:00,153.63999938964844,153.75999450683594,153.360107421875,153.74000549316406,116457,SPCX
2026-06-26 11:19:00,153.75,154.49989318847656,153.64999389648438,154.37989807128906,412926,SPCX
2026-06-26 11:20:00,154.35699462890625,154.99000549316406,154.35699462890625,154.70140075683594,351308,SPCX
2026-06-26 11:21:00,154.72000122070312,154.8000030517578,154.39999389648438,154.6699981689453,165308,SPCX
2026-06-26 11:22:00,154.69000244140625,155.0,154.58009338378906,154.8997039794922,328478,SPCX
2026-06-26 11:23:00,154.8704071044922,154.9499053955078,154.77999877929688,154.84500122070312,114188,SPCX
2026-06-26 11:24:00,154.85499572753906,155.0,154.80999755859375,154.9499969482422,227194,SPCX
2026-06-26 11:25:00,154.9499969482422,155.44000244140625,154.84500122070312,155.13499450683594,476159,SPCX
2026-06-26 11:26:00,155.14999389648438,155.19000244140625,154.7899932861328,154.89500427246094,184977,SPCX
2026-06-26 11:27:00,154.8800048828125,155.72000122070312,154.8699951171875,155.5749969482422,240607,SPCX
2026-06-26 11:28:00,155.5749969482422,155.75999450683594,155.35000610351562,155.72000122070312,199775,SPCX
2026-06-26 11:29:00,155.77000427246094,156.47000122070312,155.64999389648438,156.40499877929688,410462,SPCX
2026-06-26 11:30:00,156.35000610351562,156.66000366210938,156.11000061035156,156.13999938964844,295916,SPCX
2026-06-26 11:31:00,156.17999267578125,156.29989624023438,155.78500366210938,155.99899291992188,176665,SPCX
2026-06-26 11:32:00,156.0,156.0050048828125,155.64999389648438,155.6999969482422,121501,SPCX
2026-06-26 11:33:00,155.69500732421875,155.89999389648438,155.27999877929688,155.3249969482422,145337,SPCX
2026-06-26 11:34:00,155.32000732421875,155.67999267578125,155.00999450683594,155.6304931640625,151548,SPCX
2026-06-26 11:35:00,155.65859985351562,156.10000610351562,155.60000610351562,156.09500122070312,132995,SPCX
2026-06-26 11:36:00,156.11500549316406,156.35000610351562,156.0,156.09750366210938,136170,SPCX
2026-06-26 11:37:00,156.11000061035156,156.6999969482422,156.0500030517578,156.5050048828125,195265,SPCX
2026-06-26 11:38:00,156.5050048828125,156.60000610351562,156.27999877929688,156.60000610351562,157569,SPCX
2026-06-26 11:39:00,156.61000061035156,156.75,156.3300018310547,156.3699951171875,162341,SPCX
2026-06-26 11:40:00,156.39500427246094,156.5,156.00999450683594,156.125,152507,SPCX
2026-06-26 11:41:00,156.1699981689453,156.42999267578125,156.02999877929688,156.10000610351562,89881,SPCX
2026-06-26 11:42:00,156.10989379882812,156.47000122070312,156.0399932861328,156.2899932861328,136820,SPCX
2026-06-26 11:43:00,156.25,156.60000610351562,156.25,156.302001953125,131540,SPCX
2026-06-26 11:44:00,156.34500122070312,156.60000610351562,156.2899932861328,156.57000732421875,135340,SPCX
2026-06-26 11:45:00,156.57000732421875,156.57000732421875,155.80999755859375,156.36000061035156,187445,SPCX
2026-06-26 11:46:00,156.36000061035156,156.52999877929688,156.1199951171875,156.1750030517578,127217,SPCX
2026-06-26 11:47:00,156.1239013671875,156.44000244140625,156.0,156.0800018310547,82136,SPCX
2026-06-26 11:48:00,156.14999389648438,156.25,155.88999938964844,156.0,94693,SPCX
2026-06-26 11:49:00,156.02999877929688,156.27000427246094,155.89999389648438,155.95010375976562,93304,SPCX
2026-06-26 11:50:00,156.0399932861328,156.67999267578125,155.97999572753906,156.67999267578125,135401,SPCX
2026-06-26 11:51:00,156.64999389648438,156.85000610351562,156.0500030517578,156.1999969482422,243166,SPCX
2026-06-26 11:52:00,156.24000549316406,156.4199981689453,155.99000549316406,156.01499938964844,146204,SPCX
2026-06-26 11:53:00,156.01499938964844,156.25,155.8000030517578,155.8300018310547,114226,SPCX
2026-06-26 11:54:00,155.8300018310547,155.89999389648438,155.39500427246094,155.82000732421875,156610,SPCX
2026-06-26 11:55:00,155.85000610351562,156.1999053955078,155.7899932861328,156.10000610351562,128906,SPCX
2026-06-26 11:56:00,156.1699981689453,156.4600067138672,156.0500030517578,156.3300018310547,111360,SPCX
2026-06-26 11:57:00,156.3300018310547,156.7799072265625,156.32000732421875,156.5,126437,SPCX
2026-06-26 11:58:00,156.4499969482422,156.55999755859375,156.25999450683594,156.27499389648438,82237,SPCX
2026-06-26 11:59:00,156.27000427246094,156.38999938964844,156.05999755859375,156.1300048828125,68176,SPCX
2026-06-26 12:00:00,156.14999389648438,156.30999755859375,155.9499969482422,156.30999755859375,95439,SPCX
2026-06-26 12:01:00,156.30999755859375,156.6999053955078,156.2100067138672,156.57000732421875,111324,SPCX
2026-06-26 12:02:00,156.56309509277344,156.60000610351562,156.3300018310547,156.3300018310547,94479,SPCX
2026-06-26 12:03:00,156.3249969482422,156.5800018310547,156.310302734375,156.44000244140625,85965,SPCX
2026-06-26 12:04:00,156.47500610351562,156.72000122070312,156.39999389648438,156.625,111294,SPCX
2026-06-26 12:05:00,156.61000061035156,156.8000030517578,156.22000122070312,156.3000030517578,141806,SPCX
2026-06-26 12:06:00,156.33990478515625,156.5500030517578,156.3000030517578,156.51499938964844,74307,SPCX
2026-06-26 12:07:00,156.5500030517578,156.5500030517578,156.3000030517578,156.50999450683594,67420,SPCX
2026-06-26 12:08:00,156.47000122070312,156.61000061035156,156.41000366210938,156.44500732421875,81058,SPCX
2026-06-26 12:09:00,156.46420288085938,156.5500030517578,156.02999877929688,156.0500030517578,124270,SPCX
2026-06-26 12:10:00,156.0500030517578,156.15499877929688,155.8000030517578,156.00999450683594,131552,SPCX
2026-06-26 12:11:00,156.05999755859375,156.09500122070312,155.60000610351562,155.6199951171875,119593,SPCX
2026-06-26 12:12:00,155.62600708007812,155.77999877929688,155.47999572753906,155.72000122070312,160460,SPCX
2026-06-26 12:13:00,155.7550048828125,155.9600067138672,155.72999572753906,155.85000610351562,60076,SPCX
2026-06-26 12:14:00,155.89999389648438,156.0500030517578,155.7949981689453,155.83999633789062,91222,SPCX
2026-06-26 12:15:00,155.8489990234375,155.9600067138672,155.8101043701172,155.8300018310547,66989,SPCX
2026-06-26 12:16:00,155.8000946044922,156.44000244140625,155.77000427246094,156.3699951171875,105709,SPCX
2026-06-26 12:17:00,156.3699951171875,156.52999877929688,156.32000732421875,156.47000122070312,156561,SPCX
2026-06-26 12:18:00,156.47000122070312,156.77999877929688,156.27999877929688,156.5749969482422,135674,SPCX
2026-06-26 12:19:00,156.5749969482422,156.92999267578125,156.4600067138672,156.75999450683594,163666,SPCX
2026-06-26 12:20:00,156.80999755859375,156.9199981689453,156.36000061035156,156.52000427246094,156063,SPCX
2026-06-26 12:21:00,156.60000610351562,156.62139892578125,156.0500946044922,156.19700622558594,187888,SPCX
2026-06-26 12:22:00,156.1999969482422,156.82000732421875,156.1999969482422,156.78990173339844,83416,SPCX
2026-06-26 12:23:00,156.7899932861328,157.27999877929688,156.5500030517578,156.92999267578125,272984,SPCX
2026-06-26 12:24:00,156.9499969482422,157.42999267578125,156.9499969482422,157.02000427246094,135785,SPCX
2026-06-26 12:25:00,157.06500244140625,157.39999389648438,157.02999877929688,157.34500122070312,97152,SPCX
2026-06-26 12:26:00,157.34500122070312,157.4499969482422,157.27000427246094,157.3249969482422,134391,SPCX
2026-06-26 12:27:00,157.30999755859375,157.36300659179688,157.02980041503906,157.15499877929688,93867,SPCX
2026-06-26 12:28:00,157.19000244140625,157.42990112304688,157.00999450683594,157.3000030517578,96459,SPCX
2026-06-26 12:29:00,157.27000427246094,157.5,157.24000549316406,157.4199981689453,121565,SPCX
2026-06-26 12:30:00,157.4499969482422,157.85000610351562,157.39999389648438,157.85000610351562,164929,SPCX
2026-06-26 12:31:00,157.8000030517578,158.17999267578125,157.67999267578125,158.17999267578125,331024,SPCX
2026-06-26 12:32:00,158.17999267578125,158.3300018310547,158.05999755859375,158.2698974609375,164232,SPCX
2026-06-26 12:33:00,158.25,158.3000030517578,157.88999938964844,158.0,161913,SPCX
2026-06-26 12:34:00,157.99000549316406,158.3249969482422,157.8300018310547,158.27000427246094,184240,SPCX
2026-06-26 12:35:00,158.27000427246094,158.39999389648438,157.92999267578125,158.1750030517578,98912,SPCX
2026-06-26 12:36:00,158.19000244140625,158.28990173339844,157.91009521484375,158.11500549316406,116406,SPCX
2026-06-26 12:37:00,158.11500549316406,158.1699981689453,157.6199951171875,157.70989990234375,94412,SPCX
2026-06-26 12:38:00,157.7100067138672,157.8000030517578,157.52000427246094,157.69500732421875,86366,SPCX
2026-06-26 12:39:00,157.7100067138672,157.75,157.5800018310547,157.60000610351562,85106,SPCX
2026-06-26 12:40:00,157.61500549316406,157.64999389648438,157.17999267578125,157.2100067138672,106477,SPCX
2026-06-26 12:41:00,157.22000122070312,157.27000427246094,156.9600067138672,157.03500366210938,109798,SPCX
2026-06-26 12:42:00,157.0500030517578,157.27000427246094,157.0,157.19749450683594,123737,SPCX
2026-06-26 12:43:00,157.17999267578125,157.44000244140625,157.1300048828125,157.36000061035156,128083,SPCX
2026-06-26 12:44:00,157.35000610351562,157.58999633789062,156.82000732421875,156.85499572753906,136467,SPCX
2026-06-26 12:45:00,156.85499572753906,156.97000122070312,156.63999938964844,156.6699981689453,123785,SPCX
2026-06-26 12:46:00,156.6448974609375,156.82000732421875,156.41000366210938,156.49000549316406,137847,SPCX
2026-06-26 12:47:00,156.49000549316406,156.64999389648438,156.39999389648438,156.50999450683594,83349,SPCX
2026-06-26 12:48:00,156.50999450683594,156.7799072265625,156.5,156.72500610351562,87603,SPCX
2026-06-26 12:49:00,156.67010498046875,157.0500030517578,156.67010498046875,156.8300018310547,146823,SPCX
2026-06-26 12:50:00,156.8249969482422,157.2100067138672,156.72000122070312,157.03500366210938,89652,SPCX
2026-06-26 12:51:00,156.99000549316406,157.46229553222656,156.99000549316406,157.43499755859375,101999,SPCX
2026-06-26 12:52:00,157.4250030517578,157.5500030517578,157.3800048828125,157.52000427246094,127616,SPCX
2026-06-26 12:53:00,157.52000427246094,157.55780029296875,157.33999633789062,157.38999938964844,141563,SPCX
2026-06-26 12:54:00,157.38999938964844,157.57000732421875,157.3699951171875,157.49000549316406,172506,SPCX
2026-06-26 12:55:00,157.49000549316406,157.5399932861328,157.3000030517578,157.3000030517578,98391,SPCX
2026-06-26 12:56:00,157.3350067138672,157.5,157.30999755859375,157.3350067138672,79474,SPCX
2026-06-26 12:57:00,157.3350067138672,157.39599609375,157.09500122070312,157.38499450683594,103226,SPCX
2026-06-26 12:58:00,157.375,157.60000610351562,157.375,157.55499267578125,83311,SPCX
2026-06-26 12:59:00,157.55499267578125,157.697998046875,157.27999877929688,157.33999633789062,213661,SPCX
2026-06-26 13:00:00,157.32000732421875,157.47000122070312,156.91000366210938,157.44500732421875,93062,SPCX
2026-06-26 13:01:00,157.47000122070312,157.94000244140625,157.4199981689453,157.7301025390625,129238,SPCX
2026-06-26 13:02:00,157.77000427246094,157.94000244140625,157.60000610351562,157.77999877929688,92101,SPCX
2026-06-26 13:03:00,157.74850463867188,157.99000549316406,157.72000122070312,157.72000122070312,137725,SPCX
2026-06-26 13:04:00,157.74000549316406,157.89999389648438,157.72000122070312,157.8000030517578,65035,SPCX
2026-06-26 13:05:00,157.80999755859375,157.8800048828125,157.69000244140625,157.77000427246094,64365,SPCX
2026-06-26 13:06:00,157.7899932861328,157.7899932861328,157.36000061035156,157.47500610351562,56180,SPCX
2026-06-26 13:07:00,157.45010375976562,157.75,157.30999755859375,157.72500610351562,79916,SPCX
2026-06-26 13:08:00,157.72999572753906,157.89999389648438,157.6699981689453,157.86500549316406,84001,SPCX
2026-06-26 13:09:00,157.86500549316406,157.88999938964844,157.60000610351562,157.75,78445,SPCX
2026-06-26 13:10:00,157.72000122070312,157.77999877929688,157.60000610351562,157.61500549316406,52118,SPCX
2026-06-26 13:11:00,157.60000610351562,157.60000610351562,157.3000030517578,157.36000061035156,73871,SPCX
2026-06-26 13:12:00,157.3000030517578,157.64999389648438,157.10000610351562,157.6199951171875,77877,SPCX
2026-06-26 13:13:00,157.6199951171875,157.8300018310547,157.60000610351562,157.63999938964844,80415,SPCX
2026-06-26 13:14:00,157.63999938964844,157.66000366210938,157.35000610351562,157.4499969482422,80206,SPCX
2026-06-26 13:15:00,157.44000244140625,157.67999267578125,157.39999389648438,157.44000244140625,62735,SPCX
2026-06-26 13:16:00,157.4199981689453,157.6999969482422,157.26010131835938,157.33990478515625,78606,SPCX
2026-06-26 13:17:00,157.30999755859375,157.5,157.25,157.32000732421875,66683,SPCX
2026-06-26 13:18:00,157.25999450683594,157.44000244140625,157.2100067138672,157.22500610351562,76063,SPCX
2026-06-26 13:19:00,157.23500061035156,157.36000061035156,156.97999572753906,157.0,117027,SPCX
2026-06-26 13:20:00,157.07220458984375,157.07220458984375,156.6999969482422,156.78500366210938,178581,SPCX
2026-06-26 13:21:00,156.78500366210938,156.78500366210938,156.3000030517578,156.77000427246094,150715,SPCX
2026-06-26 13:22:00,156.75,156.997802734375,156.64999389648438,156.90089416503906,76678,SPCX
2026-06-26 13:23:00,156.92999267578125,157.0,156.3800048828125,156.4499969482422,81744,SPCX
2026-06-26 13:24:00,156.41000366210938,156.875,156.3800048828125,156.8000030517578,170758,SPCX
2026-06-26 13:25:00,156.74000549316406,156.74000549316406,156.44000244140625,156.5050048828125,94308,SPCX
2026-06-26 13:26:00,156.52999877929688,156.6300048828125,156.36599731445312,156.3699951171875,58674,SPCX
2026-06-26 13:27:00,156.3699951171875,156.52999877929688,155.6999969482422,155.78500366210938,193051,SPCX
2026-06-26 13:28:00,155.7899932861328,156.36000061035156,155.7100067138672,156.31500244140625,118902,SPCX
2026-06-26 13:29:00,156.31500244140625,156.41000366210938,156.05999755859375,156.16000366210938,127295,SPCX
2026-06-26 13:30:00,156.14999389648438,156.60000610351562,156.05999755859375,156.16000366210938,126805,SPCX
2026-06-26 13:31:00,156.14999389648438,156.3000030517578,156.0,156.2100067138672,1094347,SPCX
2026-06-26 13:32:00,156.1820068359375,156.27000427246094,155.60000610351562,155.6898956298828,167714,SPCX
2026-06-26 13:33:00,155.64500427246094,155.89999389648438,155.52999877929688,155.57200622558594,187541,SPCX
2026-06-26 13:34:00,155.5800018310547,155.64999389648438,155.25,155.33999633789062,131717,SPCX
2026-06-26 13:35:00,155.33999633789062,155.42999267578125,155.00999450683594,155.4199981689453,154198,SPCX
2026-06-26 13:36:00,155.44000244140625,155.72999572753906,155.43499755859375,155.65499877929688,99505,SPCX
2026-06-26 13:37:00,155.6300048828125,155.8000030517578,155.54440307617188,155.6566925048828,84182,SPCX
2026-06-26 13:38:00,155.6699981689453,155.70010375976562,154.86000061035156,155.1374053955078,212603,SPCX
2026-06-26 13:39:00,155.17999267578125,155.7100067138672,155.17999267578125,155.36500549316406,99028,SPCX
2026-06-26 13:40:00,155.35000610351562,155.51499938964844,154.64999389648438,154.9250030517578,189987,SPCX
2026-06-26 13:41:00,154.91000366210938,155.0,154.66000366210938,154.8800048828125,115734,SPCX
2026-06-26 13:42:00,154.85009765625,155.1999969482422,154.85009765625,155.16650390625,94626,SPCX
2026-06-26 13:43:00,155.15499877929688,155.25999450683594,155.02999877929688,155.22999572753906,86488,SPCX
2026-06-26 13:44:00,155.24989318847656,155.47000122070312,155.24989318847656,155.4499969482422,104030,SPCX
2026-06-26 13:45:00,155.47999572753906,155.58999633789062,155.4199981689453,155.47000122070312,95072,SPCX
2026-06-26 13:46:00,155.4499969482422,155.5,155.32000732421875,155.36000061035156,72566,SPCX
2026-06-26 13:47:00,155.3800048828125,155.5,155.33999633789062,155.46499633789062,59719,SPCX
2026-06-26 13:48:00,155.4600067138672,155.57000732421875,155.375,155.44000244140625,83603,SPCX
2026-06-26 13:49:00,155.4199981689453,155.60000610351562,155.4040069580078,155.4499969482422,72719,SPCX
2026-06-26 13:50:00,155.47999572753906,155.5800018310547,155.44000244140625,155.5301055908203,68199,SPCX
2026-06-26 13:51:00,155.57000732421875,155.75,155.47999572753906,155.72000122070312,124071,SPCX
2026-06-26 13:52:00,155.68299865722656,155.7198944091797,155.5,155.52420043945312,70820,SPCX
2026-06-26 13:53:00,155.50999450683594,155.59750366210938,155.27000427246094,155.35000610351562,89514,SPCX
2026-06-26 13:54:00,155.32009887695312,155.6898956298828,155.27999877929688,155.5749969482422,109160,SPCX
2026-06-26 13:55:00,155.5749969482422,155.5998992919922,155.33999633789062,155.50999450683594,61412,SPCX
2026-06-26 13:56:00,155.50289916992188,155.51499938964844,155.16000366210938,155.25999450683594,82876,SPCX
2026-06-26 13:57:00,155.2550048828125,155.2550048828125,154.93060302734375,155.2100067138672,100515,SPCX
2026-06-26 13:58:00,155.11500549316406,155.19000244140625,154.8699951171875,154.97000122070312,126878,SPCX
2026-06-26 13:59:00,155.0,155.3800048828125,154.98500061035156,155.3800048828125,73278,SPCX
2026-06-26 14:00:00,155.34500122070312,155.45989990234375,155.25999450683594,155.38999938964844,60373,SPCX
2026-06-26 14:01:00,155.32000732421875,155.55999755859375,155.30999755859375,155.44500732421875,72244,SPCX
2026-06-26 14:02:00,155.4683074951172,155.55990600585938,155.11000061035156,155.1999969482422,59822,SPCX
2026-06-26 14:03:00,155.24400329589844,155.4199981689453,155.1300048828125,155.2301025390625,62621,SPCX
2026-06-26 14:04:00,155.28500366210938,155.32000732421875,155.09500122070312,155.10499572753906,58806,SPCX
2026-06-26 14:05:00,155.0800018310547,155.22000122070312,155.05999755859375,155.13499450683594,67210,SPCX
2026-06-26 14:06:00,155.1699981689453,155.33999633789062,155.0800018310547,155.13999938964844,71621,SPCX
2026-06-26 14:07:00,155.1750030517578,155.1750030517578,154.75,154.80999755859375,80617,SPCX
2026-06-26 14:08:00,154.78199768066406,155.08999633789062,154.7602996826172,155.08999633789062,90894,SPCX
2026-06-26 14:09:00,155.05499267578125,155.30999755859375,155.05499267578125,155.14999389648438,76059,SPCX
2026-06-26 14:10:00,155.10000610351562,155.1300048828125,154.8800048828125,154.8800048828125,59113,SPCX
2026-06-26 14:11:00,154.88999938964844,155.05999755859375,154.83999633789062,155.02999877929688,64106,SPCX
2026-06-26 14:12:00,155.02999877929688,155.0500030517578,154.77000427246094,154.8300018310547,60354,SPCX
2026-06-26 14:13:00,154.82510375976562,154.91490173339844,154.2100067138672,154.22000122070312,115022,SPCX
2026-06-26 14:14:00,154.21499633789062,154.33999633789062,154.1199951171875,154.3000030517578,102032,SPCX
2026-06-26 14:15:00,154.3000030517578,154.3699951171875,153.9949951171875,154.1699981689453,143809,SPCX
2026-06-26 14:16:00,154.16000366210938,154.17999267578125,153.91000366210938,153.99789428710938,136714,SPCX
2026-06-26 14:17:00,153.97000122070312,154.02999877929688,153.91050720214844,153.97999572753906,75454,SPCX
2026-06-26 14:18:00,153.9600067138672,154.05999755859375,153.8800048828125,154.02000427246094,84299,SPCX
2026-06-26 14:19:00,154.0399932861328,154.0399932861328,153.8000030517578,153.9499969482422,107163,SPCX
2026-06-26 14:20:00,153.94500732421875,154.08999633789062,153.52000427246094,153.5399932861328,155204,SPCX
2026-06-26 14:21:00,153.53790283203125,153.53790283203125,153.1300048828125,153.4499969482422,181429,SPCX
2026-06-26 14:22:00,153.42999267578125,153.5500030517578,153.32000732421875,153.32000732421875,121919,SPCX
2026-06-26 14:23:00,153.30999755859375,153.4499969482422,153.1300048828125,153.4499969482422,120629,SPCX
2026-06-26 14:24:00,153.4499053955078,153.4499969482422,153.07000732421875,153.17999267578125,99137,SPCX
2026-06-26 14:25:00,153.1300048828125,153.47999572753906,153.1300048828125,153.16000366210938,88173,SPCX
2026-06-26 14:26:00,153.16000366210938,153.2386016845703,152.6219940185547,152.74000549316406,192867,SPCX
2026-06-26 14:27:00,152.7449951171875,152.77000427246094,152.47999572753906,152.60000610351562,143127,SPCX
2026-06-26 14:28:00,152.5800018310547,152.60000610351562,152.25999450683594,152.4499969482422,163586,SPCX
2026-06-26 14:29:00,152.43499755859375,152.79879760742188,152.4001007080078,152.77000427246094,201902,SPCX
2026-06-26 14:30:00,152.77000427246094,152.9499969482422,152.52999877929688,152.5800018310547,213906,SPCX
2026-06-26 14:31:00,152.5800018310547,152.78990173339844,152.47000122070312,152.72000122070312,127041,SPCX
2026-06-26 14:32:00,152.76800537109375,153.0399932861328,152.76800537109375,152.8618927001953,122565,SPCX
2026-06-26 14:33:00,152.9199981689453,153.07000732421875,152.89010620117188,153.02999877929688,115635,SPCX
2026-06-26 14:34:00,153.02999877929688,153.05999755859375,152.8800048828125,153.0,94811,SPCX
2026-06-26 14:35:00,153.0,153.10000610351562,152.92010498046875,152.9499969482422,91292,SPCX
2026-06-26 14:36:00,152.97999572753906,152.97999572753906,152.6999969482422,152.7899932861328,107133,SPCX
2026-06-26 14:37:00,152.74000549316406,152.9600067138672,152.5800018310547,152.89500427246094,101095,SPCX
2026-06-26 14:38:00,152.88999938964844,152.92990112304688,152.4239959716797,152.5,95769,SPCX
2026-06-26 14:39:00,152.48699951171875,152.64999389648438,152.14999389648438,152.1999969482422,109377,SPCX
2026-06-26 14:40:00,152.22000122070312,152.38900756835938,152.07000732421875,152.25,79055,SPCX
2026-06-26 14:41:00,152.25999450683594,152.33999633789062,152.02000427246094,152.25,76111,SPCX
2026-06-26 14:42:00,152.27999877929688,152.4600067138672,152.24000549316406,152.35000610351562,79741,SPCX
2026-06-26 14:43:00,152.30999755859375,152.65499877929688,152.30999755859375,152.60000610351562,103746,SPCX
2026-06-26 14:44:00,152.58999633789062,152.60000610351562,152.375,152.39999389648438,85333,SPCX
2026-06-26 14:45:00,152.41000366210938,152.4499053955078,152.08999633789062,152.2449951171875,104522,SPCX
2026-06-26 14:46:00,152.23500061035156,152.25999450683594,151.82000732421875,151.94000244140625,175155,SPCX
2026-06-26 14:47:00,151.91000366210938,152.1300048828125,151.7899932861328,151.9199981689453,115816,SPCX
2026-06-26 14:48:00,151.9550018310547,151.97000122070312,151.36000061035156,151.5,197090,SPCX
2026-06-26 14:49:00,151.47000122070312,151.5800018310547,151.38999938964844,151.4835968017578,136603,SPCX
2026-06-26 14:50:00,151.49000549316406,151.49989318847656,150.82000732421875,150.94500732421875,276001,SPCX
2026-06-26 14:51:00,150.9600067138672,150.9600067138672,150.52000427246094,150.61000061035156,253095,SPCX
2026-06-26 14:52:00,150.5850067138672,151.20989990234375,150.3800048828125,151.20989990234375,344020,SPCX
2026-06-26 14:53:00,151.19000244140625,151.41000366210938,151.02000427246094,151.16000366210938,171393,SPCX
2026-06-26 14:54:00,151.15939331054688,151.5399932861328,151.1199951171875,151.52699279785156,164551,SPCX
2026-06-26 14:55:00,151.539306640625,152.0,151.5,152.0,217917,SPCX
2026-06-26 14:56:00,151.98500061035156,152.0500030517578,151.8000030517578,151.9949951171875,205642,SPCX
2026-06-26 14:57:00,151.99000549316406,152.05999755859375,151.6199951171875,151.8000030517578,185719,SPCX
2026-06-26 14:58:00,151.74000549316406,153.06500244140625,151.74000549316406,152.63999938964844,390953,SPCX
2026-06-26 14:59:00,152.63999938964844,153.0594940185547,152.6199951171875,152.86500549316406,311908,SPCX
2026-06-26 15:00:00,152.82000732421875,152.86000061035156,152.0800018310547,152.60989379882812,251705,SPCX
2026-06-26 15:01:00,152.61000061035156,152.83999633789062,152.25999450683594,152.28500366210938,173637,SPCX
2026-06-26 15:02:00,152.28500366210938,152.83999633789062,152.27999877929688,152.41510009765625,159149,SPCX
2026-06-26 15:03:00,152.4149932861328,152.4199981689453,151.97999572753906,152.09500122070312,187745,SPCX
2026-06-26 15:04:00,152.09500122070312,152.2899932861328,151.9499969482422,151.97500610351562,167077,SPCX
2026-06-26 15:05:00,151.97500610351562,152.07000732421875,151.8300018310547,152.0,181722,SPCX
2026-06-26 15:06:00,152.0,152.2100067138672,151.86000061035156,152.19000244140625,191738,SPCX
2026-06-26 15:07:00,152.16000366210938,152.33999633789062,151.9600067138672,152.0,242112,SPCX
2026-06-26 15:08:00,152.00999450683594,152.42999267578125,151.9001007080078,152.05999755859375,214742,SPCX
2026-06-26 15:09:00,152.11000061035156,152.2100067138672,151.37100219726562,151.61500549316406,269333,SPCX
2026-06-26 15:10:00,151.61000061035156,151.83999633789062,151.5500030517578,151.6300048828125,138649,SPCX
2026-06-26 15:11:00,151.64999389648438,152.10000610351562,151.6199951171875,152.0449981689453,129300,SPCX
2026-06-26 15:12:00,152.0449981689453,152.2299041748047,151.9600067138672,152.1999969482422,144718,SPCX
2026-06-26 15:13:00,152.17999267578125,152.27000427246094,152.0500030517578,152.1199951171875,107188,SPCX
2026-06-26 15:14:00,152.1199951171875,152.4434051513672,152.05999755859375,152.39999389648438,123256,SPCX
2026-06-26 15:15:00,152.39999389648438,152.4199981689453,152.22000122070312,152.40269470214844,162924,SPCX
2026-06-26 15:16:00,152.38499450683594,152.41000366210938,152.0,152.16000366210938,175818,SPCX
2026-06-26 15:17:00,152.16000366210938,152.2100067138672,152.0500030517578,152.13999938964844,112746,SPCX
2026-06-26 15:18:00,152.11000061035156,152.27999877929688,152.0399932861328,152.0500030517578,161509,SPCX
2026-06-26 15:19:00,152.0850067138672,152.22000122070312,151.7899932861328,152.19000244140625,191149,SPCX
2026-06-26 15:20:00,152.2100067138672,152.3000030517578,152.13999938964844,152.22000122070312,105260,SPCX
2026-06-26 15:21:00,152.25999450683594,152.32000732421875,152.14999389648438,152.2449951171875,88820,SPCX
2026-06-26 15:22:00,152.25,152.27000427246094,151.9499969482422,152.0500030517578,141936,SPCX
2026-06-26 15:23:00,152.0500030517578,152.19000244140625,151.52000427246094,151.67999267578125,186619,SPCX
2026-06-26 15:24:00,151.66000366210938,151.8800048828125,151.58999633789062,151.6699981689453,120253,SPCX
2026-06-26 15:25:00,151.6699981689453,152.02999877929688,151.64999389648438,151.99000549316406,178420,SPCX
2026-06-26 15:26:00,151.9949951171875,152.24000549316406,151.9600067138672,152.1750030517578,116876,SPCX
2026-06-26 15:27:00,152.1750030517578,152.22999572753906,151.82000732421875,151.9600067138672,117166,SPCX
2026-06-26 15:28:00,151.9600067138672,151.99000549316406,151.60000610351562,151.7100067138672,128334,SPCX
2026-06-26 15:29:00,151.7100067138672,151.86000061035156,151.60000610351562,151.6999969482422,117051,SPCX
2026-06-26 15:30:00,151.71499633789062,151.75999450683594,151.25,151.6313018798828,247742,SPCX
2026-06-26 15:31:00,151.6649932861328,151.8000030517578,151.61000061035156,151.71800231933594,133343,SPCX
2026-06-26 15:32:00,151.7100067138672,151.74000549316406,151.5399932861328,151.6199951171875,122400,SPCX
2026-06-26 15:33:00,151.65499877929688,151.95199584960938,151.6199951171875,151.91000366210938,156871,SPCX
2026-06-26 15:34:00,151.90499877929688,152.2100067138672,151.72999572753906,152.1999053955078,114291,SPCX
2026-06-26 15:35:00,152.1750030517578,152.52000427246094,152.14999389648438,152.4250030517578,232833,SPCX
2026-06-26 15:36:00,152.47999572753906,152.63999938964844,152.3800048828125,152.5500030517578,145533,SPCX
2026-06-26 15:37:00,152.5500030517578,152.6999969482422,152.27000427246094,152.51499938964844,162206,SPCX
2026-06-26 15:38:00,152.47000122070312,152.5050048828125,152.1999969482422,152.3800048828125,109914,SPCX
2026-06-26 15:39:00,152.3800048828125,152.4600067138672,152.2899932861328,152.3300018310547,136836,SPCX
2026-06-26 15:40:00,152.32000732421875,152.36000061035156,151.89999389648438,151.92999267578125,158280,SPCX
2026-06-26 15:41:00,151.92999267578125,152.1199951171875,151.8800048828125,152.0500030517578,166040,SPCX
2026-06-26 15:42:00,152.0500030517578,152.47999572753906,152.03500366210938,152.44000244140625,125018,SPCX
2026-06-26 15:43:00,152.44000244140625,152.5500030517578,152.3000030517578,152.4600067138672,139830,SPCX
2026-06-26 15:44:00,152.4600067138672,152.5998992919922,152.3300018310547,152.49000549316406,162177,SPCX
2026-06-26 15:45:00,152.5,152.8000030517578,152.4600067138672,152.69000244140625,187678,SPCX
2026-06-26 15:46:00,152.6999969482422,153.4199981689453,152.69000244140625,153.39999389648438,283825,SPCX
2026-06-26 15:47:00,153.39999389648438,153.5,153.24000549316406,153.46499633789062,211691,SPCX
2026-06-26 15:48:00,153.5,153.97999572753906,153.32000732421875,153.4499969482422,340200,SPCX
2026-06-26 15:49:00,153.39999389648438,153.72000122070312,153.1300048828125,153.6999969482422,301234,SPCX
2026-06-26 15:50:00,153.7050018310547,155.77000427246094,153.7050018310547,154.77000427246094,1211734,SPCX
2026-06-26 15:51:00,154.80880737304688,155.64999389648438,154.5800018310547,155.48800659179688,577434,SPCX
2026-06-26 15:52:00,155.4600067138672,155.75,155.19000244140625,155.35879516601562,472482,SPCX
2026-06-26 15:53:00,155.38999938964844,155.6999969482422,154.5399932861328,155.60499572753906,609617,SPCX
2026-06-26 15:54:00,155.6300048828125,155.6300048828125,153.72999572753906,153.97999572753906,803179,SPCX
2026-06-26 15:55:00,153.9250030517578,153.94500732421875,152.4199981689453,153.27000427246094,633013,SPCX
2026-06-26 15:56:00,153.24000549316406,153.3699951171875,152.41000366210938,152.66000366210938,587836,SPCX
2026-06-26 15:57:00,152.6699981689453,153.32989501953125,152.50999450683594,153.27000427246094,518316,SPCX
2026-06-26 15:58:00,153.26499938964844,153.4290008544922,153.0399932861328,153.2899932861328,896251,SPCX
2026-06-26 15:59:00,153.2899932861328,153.39999389648438,151.5500030517578,152.6699981689453,1303552,SPCX
2026-06-29 09:30:00,158.5,158.5,158.3300018310547,158.41000366210938,4818615,SPCX
2026-06-29 09:31:00,158.42999267578125,158.7949981689453,157.6999969482422,158.7100067138672,550129,SPCX
2026-06-29 09:32:00,158.7100067138672,159.8800048828125,158.4600067138672,158.77000427246094,685311,SPCX
2026-06-29 09:33:00,158.7230987548828,159.55999755859375,158.45010375976562,158.88499450683594,421623,SPCX
2026-06-29 09:34:00,158.9499969482422,159.44000244140625,158.1300048828125,158.3300018310547,288144,SPCX
2026-06-29 09:35:00,158.30499267578125,159.44000244140625,158.0500030517578,159.1199951171875,342706,SPCX
2026-06-29 09:36:00,159.1649932861328,159.36000061035156,158.0,158.5,429850,SPCX
2026-06-29 09:37:00,158.4199981689453,158.6199951171875,157.38499450683594,157.94000244140625,504588,SPCX
2026-06-29 09:38:00,157.91000366210938,158.0,157.13999938964844,157.6999969482422,251655,SPCX
2026-06-29 09:39:00,157.61000061035156,158.24000549316406,156.97999572753906,157.52999877929688,588460,SPCX
2026-06-29 09:40:00,157.38999938964844,158.4600067138672,157.25999450683594,158.1999969482422,217751,SPCX
2026-06-29 09:41:00,158.13999938964844,158.92999267578125,158.13999938964844,158.78990173339844,338596,SPCX
2026-06-29 09:42:00,158.7100067138672,159.08999633789062,158.0,158.41000366210938,439979,SPCX
2026-06-29 09:43:00,158.3300018310547,158.49000549316406,157.58999633789062,157.80999755859375,238878,SPCX
2026-06-29 09:44:00,157.89999389648438,157.94000244140625,157.50010681152344,157.83990478515625,148448,SPCX
2026-06-29 09:45:00,157.75,158.1898956298828,157.39999389648438,158.125,208992,SPCX
2026-06-29 09:46:00,158.05999755859375,158.6300048828125,157.22250366210938,157.67999267578125,420284,SPCX
2026-06-29 09:47:00,157.63999938964844,158.52999877929688,157.50010681152344,157.73330688476562,182670,SPCX
2026-06-29 09:48:00,157.6999969482422,157.6999969482422,156.17999267578125,156.4149932861328,336973,SPCX
2026-06-29 09:49:00,156.40499877929688,156.65499877929688,155.8000030517578,156.1999053955078,348272,SPCX
2026-06-29 09:50:00,156.1999969482422,156.7427978515625,155.99000549316406,156.48500061035156,260901,SPCX
2026-06-29 09:51:00,156.48500061035156,156.94000244140625,155.49000549316406,155.75,429248,SPCX
2026-06-29 09:52:00,155.75,156.63499450683594,155.6699981689453,156.10000610351562,149153,SPCX
2026-06-29 09:53:00,156.189697265625,157.32000732421875,156.07000732421875,157.13999938964844,228866,SPCX
2026-06-29 09:54:00,157.19000244140625,157.33990478515625,156.89999389648438,157.110107421875,165630,SPCX
2026-06-29 09:55:00,157.13999938964844,157.27000427246094,155.52999877929688,155.52999877929688,335596,SPCX
2026-06-29 09:56:00,155.66990661621094,155.97999572753906,155.0500030517578,155.69000244140625,376371,SPCX
2026-06-29 09:57:00,155.67990112304688,155.75,154.89999389648438,154.9490966796875,308948,SPCX
2026-06-29 09:58:00,154.9250030517578,155.54010009765625,154.8179931640625,155.30999755859375,269423,SPCX
2026-06-29 09:59:00,155.41000366210938,155.65989685058594,155.00999450683594,155.3300018310547,167043,SPCX
2026-06-29 10:00:00,155.30999755859375,155.69000244140625,154.55999755859375,155.60499572753906,260074,SPCX
2026-06-29 10:01:00,155.55999755859375,155.89999389648438,154.72000122070312,154.9499969482422,336492,SPCX
2026-06-29 10:02:00,154.9550018310547,155.2050018310547,154.5399932861328,154.5399932861328,159761,SPCX
2026-06-29 10:03:00,154.5500030517578,155.0623016357422,154.5,154.55999755859375,152029,SPCX
2026-06-29 10:04:00,154.55999755859375,154.75999450683594,154.27000427246094,154.49929809570312,195448,SPCX
2026-06-29 10:05:00,154.4949951171875,154.5,153.89999389648438,153.9600067138672,320740,SPCX
2026-06-29 10:06:00,153.9499969482422,154.32000732421875,153.86000061035156,153.89999389648438,142570,SPCX
2026-06-29 10:07:00,153.89999389648438,154.42999267578125,153.8000030517578,153.86000061035156,144177,SPCX
2026-06-29 10:08:00,153.83999633789062,153.9499053955078,153.1300048828125,153.75999450683594,355937,SPCX
2026-06-29 10:09:00,153.72000122070312,154.22000122070312,153.46499633789062,154.19000244140625,142176,SPCX
2026-06-29 10:10:00,154.1699981689453,154.47000122070312,153.39500427246094,153.68499755859375,225258,SPCX
2026-06-29 10:11:00,153.6750030517578,153.6750030517578,152.77000427246094,153.0850067138672,461838,SPCX
2026-06-29 10:12:00,153.0850067138672,153.13999938964844,152.34010314941406,152.34010314941406,282527,SPCX
2026-06-29 10:13:00,152.4149932861328,152.42129516601562,151.75,152.0749969482422,426024,SPCX
2026-06-29 10:14:00,152.07000732421875,152.3385009765625,151.89999389648438,151.94500732421875,280200,SPCX
2026-06-29 10:15:00,151.91000366210938,152.66000366210938,151.735595703125,152.66000366210938,188404,SPCX
2026-06-29 10:16:00,152.69000244140625,153.0,152.14010620117188,152.14999389648438,219499,SPCX
2026-06-29 10:17:00,152.19000244140625,152.6999969482422,151.98500061035156,152.05999755859375,352266,SPCX
2026-06-29 10:18:00,152.05499267578125,152.4499969482422,151.75,152.17999267578125,189290,SPCX
2026-06-29 10:19:00,152.25,152.6699981689453,152.09500122070312,152.5050048828125,237222,SPCX
2026-06-29 10:20:00,152.52499389648438,152.77999877929688,151.97999572753906,152.0,320835,SPCX
2026-06-29 10:21:00,152.1199951171875,152.38999938964844,151.88999938964844,151.96299743652344,348475,SPCX
2026-06-29 10:22:00,151.99000549316406,152.76499938964844,151.94009399414062,152.4499969482422,192971,SPCX
2026-06-29 10:23:00,152.39999389648438,152.5800018310547,152.02000427246094,152.13999938964844,148466,SPCX
2026-06-29 10:24:00,152.13510131835938,152.30499267578125,151.80999755859375,152.08999633789062,188199,SPCX
2026-06-29 10:25:00,152.12570190429688,152.85000610351562,151.97999572753906,152.64990234375,168695,SPCX
2026-06-29 10:26:00,152.55999755859375,153.3300018310547,152.55999755859375,153.29510498046875,211983,SPCX
2026-06-29 10:27:00,153.2449951171875,153.38999938964844,153.1300048828125,153.3300018310547,161166,SPCX
2026-06-29 10:28:00,153.3300018310547,153.6898956298828,153.13999938964844,153.47000122070312,191731,SPCX
2026-06-29 10:29:00,153.47000122070312,153.82000732421875,153.44000244140625,153.82000732421875,132024,SPCX
2026-06-29 10:30:00,153.83090209960938,154.26429748535156,153.69749450683594,154.0200958251953,172463,SPCX
2026-06-29 10:31:00,154.08999633789062,154.08999633789062,153.22000122070312,153.4250030517578,210766,SPCX
2026-06-29 10:32:00,153.4250030517578,153.60000610351562,153.22999572753906,153.33999633789062,157694,SPCX
2026-06-29 10:33:00,153.36000061035156,153.89999389648438,153.1999969482422,153.77499389648438,311258,SPCX
2026-06-29 10:34:00,153.75390625,154.0,153.38999938964844,153.75,161139,SPCX
2026-06-29 10:35:00,153.63999938964844,153.78990173339844,153.32000732421875,153.6875,99736,SPCX
2026-06-29 10:36:00,153.6300048828125,154.17990112304688,153.61000061035156,154.02999877929688,143955,SPCX
2026-06-29 10:37:00,154.02999877929688,154.3300018310547,153.83999633789062,154.28500366210938,167291,SPCX
2026-06-29 10:38:00,154.25010681152344,154.59779357910156,153.8300018310547,154.0,170837,SPCX
2026-06-29 10:39:00,153.96499633789062,154.41000366210938,153.75,154.19000244140625,131311,SPCX
2026-06-29 10:40:00,154.26010131835938,154.70799255371094,154.26010131835938,154.5883026123047,117492,SPCX
2026-06-29 10:41:00,154.57000732421875,154.61000061035156,154.38999938964844,154.39999389648438,98340,SPCX
2026-06-29 10:42:00,154.36000061035156,154.5800018310547,154.1999969482422,154.34500122070312,89560,SPCX
2026-06-29 10:43:00,154.39500427246094,154.52000427246094,154.1999969482422,154.25,89448,SPCX
2026-06-29 10:44:00,154.27999877929688,154.2899932861328,153.5500030517578,153.9499969482422,149538,SPCX
2026-06-29 10:45:00,153.9199981689453,153.94000244140625,153.52200317382812,153.80999755859375,112604,SPCX
2026-06-29 10:46:00,153.84500122070312,154.0800018310547,153.67999267578125,153.97999572753906,79188,SPCX
2026-06-29 10:47:00,154.0399932861328,154.3769989013672,154.02000427246094,154.19200134277344,87894,SPCX
2026-06-29 10:48:00,154.1239013671875,154.44000244140625,154.0449981689453,154.31500244140625,81694,SPCX
2026-06-29 10:49:00,154.31500244140625,155.0,154.3000030517578,154.77999877929688,215064,SPCX
2026-06-29 10:50:00,154.76080322265625,155.17999267578125,154.76080322265625,155.05999755859375,337798,SPCX
2026-06-29 10:51:00,155.06399536132812,155.1374969482422,154.87530517578125,154.9550018310547,124209,SPCX
2026-06-29 10:52:00,154.9304962158203,155.02999877929688,154.82000732421875,154.94000244140625,90330,SPCX
2026-06-29 10:53:00,154.9600067138672,155.47999572753906,154.78900146484375,155.44500732421875,117435,SPCX
2026-06-29 10:54:00,155.44500732421875,155.8300018310547,155.360107421875,155.73989868164062,139257,SPCX
2026-06-29 10:55:00,155.64500427246094,155.7050018310547,155.35000610351562,155.44000244140625,119092,SPCX
2026-06-29 10:56:00,155.4499969482422,155.87989807128906,155.4499969482422,155.6699981689453,127389,SPCX
2026-06-29 10:57:00,155.6623992919922,155.8699951171875,155.41000366210938,155.47999572753906,114262,SPCX
2026-06-29 10:58:00,155.47999572753906,155.5989990234375,155.25999450683594,155.27999877929688,133083,SPCX
2026-06-29 10:59:00,155.27000427246094,155.47000122070312,155.1699981689453,155.360107421875,107095,SPCX
2026-06-29 11:00:00,155.39999389648438,155.76499938964844,155.1649932861328,155.5749969482422,111936,SPCX
2026-06-29 11:01:00,155.57440185546875,155.66000366210938,155.16000366210938,155.5399932861328,92104,SPCX
2026-06-29 11:02:00,155.52000427246094,155.66000366210938,155.35000610351562,155.5200958251953,77259,SPCX
2026-06-29 11:03:00,155.5800018310547,155.85000610351562,155.49000549316406,155.6999969482422,89944,SPCX
2026-06-29 11:04:00,155.63999938964844,155.8199005126953,155.5500030517578,155.5500030517578,69043,SPCX
2026-06-29 11:05:00,155.58999633789062,155.6999969482422,155.16000366210938,155.625,134862,SPCX
2026-06-29 11:06:00,155.6300048828125,155.77000427246094,155.1300048828125,155.25999450683594,76698,SPCX
2026-06-29 11:07:00,155.1999969482422,155.28990173339844,154.8300018310547,155.13999938964844,134037,SPCX
2026-06-29 11:08:00,155.17999267578125,155.38999938964844,155.05999755859375,155.13699340820312,78690,SPCX
2026-06-29 11:09:00,155.1999053955078,155.42990112304688,155.13999938964844,155.2917938232422,54163,SPCX
2026-06-29 11:10:00,155.3300018310547,155.47000122070312,155.05999755859375,155.1699981689453,66437,SPCX
2026-06-29 11:11:00,155.2050018310547,155.23500061035156,155.02000427246094,155.1898956298828,75705,SPCX
2026-06-29 11:12:00,155.14999389648438,155.14999389648438,154.7729949951172,154.7899932861328,104008,SPCX
2026-06-29 11:13:00,154.88999938964844,154.97999572753906,154.7899932861328,154.94000244140625,124684,SPCX
2026-06-29 11:14:00,154.94000244140625,155.11000061035156,154.8000030517578,155.0800018310547,99167,SPCX
2026-06-29 11:15:00,155.0850067138672,155.7100067138672,155.0850067138672,155.5449981689453,165559,SPCX
2026-06-29 11:16:00,155.5449981689453,155.62989807128906,154.96009826660156,155.42999267578125,84322,SPCX
2026-06-29 11:17:00,155.38999938964844,155.57000732421875,155.16600036621094,155.35499572753906,58864,SPCX
2026-06-29 11:18:00,155.27000427246094,155.4149932861328,155.02099609375,155.41000366210938,77094,SPCX
2026-06-29 11:19:00,155.38999938964844,155.38999938964844,155.11000061035156,155.18699645996094,50072,SPCX
2026-06-29 11:20:00,155.1699981689453,155.5800018310547,155.0,155.2100067138672,97305,SPCX
2026-06-29 11:21:00,155.17999267578125,155.58999633789062,155.17999267578125,155.58999633789062,229138,SPCX
2026-06-29 11:22:00,155.55999755859375,156.25,155.55999755859375,156.19500732421875,280575,SPCX
2026-06-29 11:23:00,156.1750030517578,156.25,155.5399932861328,155.64500427246094,132343,SPCX
2026-06-29 11:24:00,155.66000366210938,155.77999877929688,155.38999938964844,155.75999450683594,68248,SPCX
2026-06-29 11:25:00,155.77000427246094,155.97999572753906,155.6699981689453,155.8583984375,78924,SPCX
2026-06-29 11:26:00,155.92999267578125,156.0500030517578,155.8300018310547,155.9600067138672,62967,SPCX
2026-06-29 11:27:00,155.9499969482422,156.7050018310547,155.91000366210938,156.64999389648438,325431,SPCX
2026-06-29 11:28:00,156.64010620117188,157.0,156.61000061035156,156.80999755859375,323177,SPCX
2026-06-29 11:29:00,156.75999450683594,156.9600067138672,156.74000549316406,156.7899932861328,84310,SPCX
2026-06-29 11:30:00,156.8000030517578,156.8979949951172,156.7100067138672,156.7375030517578,70585,SPCX
2026-06-29 11:31:00,156.7445068359375,156.99000549316406,156.6300048828125,156.98899841308594,90870,SPCX
2026-06-29 11:32:00,156.94000244140625,156.99000549316406,156.55999755859375,156.5800018310547,86025,SPCX
2026-06-29 11:33:00,156.5800018310547,157.0,156.56100463867188,156.74000549316406,71038,SPCX
2026-06-29 11:34:00,156.85499572753906,156.94569396972656,156.65069580078125,156.7550048828125,60664,SPCX
2026-06-29 11:35:00,156.74000549316406,156.77999877929688,156.33999633789062,156.49000549316406,147296,SPCX
2026-06-29 11:36:00,156.47000122070312,156.7299041748047,156.35000610351562,156.67999267578125,85471,SPCX
2026-06-29 11:37:00,156.67999267578125,156.94000244140625,156.63999938964844,156.85000610351562,95853,SPCX
2026-06-29 11:38:00,156.80499267578125,157.2899932861328,156.76010131835938,157.0500030517578,138936,SPCX
2026-06-29 11:39:00,157.06500244140625,157.10000610351562,156.82000732421875,156.9550018310547,87803,SPCX
2026-06-29 11:40:00,156.9600067138672,157.0399932861328,156.3000030517578,156.5,94496,SPCX
2026-06-29 11:41:00,156.47999572753906,156.49330139160156,156.02999877929688,156.30999755859375,145813,SPCX
2026-06-29 11:42:00,156.25,156.69000244140625,156.25,156.43710327148438,69692,SPCX
2026-06-29 11:43:00,156.47000122070312,156.72000122070312,156.44009399414062,156.53500366210938,49863,SPCX
2026-06-29 11:44:00,156.52499389648438,156.58920288085938,156.36000061035156,156.36000061035156,51039,SPCX
2026-06-29 11:45:00,156.36000061035156,156.44000244140625,155.94000244140625,156.1699981689453,113619,SPCX
2026-06-29 11:46:00,156.2198944091797,156.2198944091797,156.0500030517578,156.0850067138672,48400,SPCX
2026-06-29 11:47:00,156.0850067138672,156.12750244140625,155.91000366210938,155.98350524902344,58180,SPCX
2026-06-29 11:48:00,156.04989624023438,156.04989624023438,155.7301025390625,155.94200134277344,73940,SPCX
2026-06-29 11:49:00,155.9499969482422,155.9600067138672,155.8000030517578,155.86500549316406,45710,SPCX
2026-06-29 11:50:00,155.8782958984375,156.0800018310547,155.8782958984375,156.07000732421875,67308,SPCX
2026-06-29 11:51:00,156.07000732421875,156.4250030517578,156.07000732421875,156.3699951171875,98728,SPCX
2026-06-29 11:52:00,156.3699951171875,156.9459991455078,156.31500244140625,156.9199981689453,117516,SPCX
2026-06-29 11:53:00,156.9199981689453,156.97999572753906,156.8300018310547,156.91200256347656,61099,SPCX
2026-06-29 11:54:00,156.94500732421875,157.1300048828125,156.88999938964844,157.11070251464844,104595,SPCX
2026-06-29 11:55:00,157.11000061035156,157.13890075683594,156.67709350585938,156.86000061035156,82882,SPCX
2026-06-29 11:56:00,156.82000732421875,157.10000610351562,156.77000427246094,156.97999572753906,71085,SPCX
2026-06-29 11:57:00,156.9499969482422,156.98919677734375,156.6699981689453,156.77000427246094,54133,SPCX
2026-06-29 11:58:00,156.75,156.7899932861328,156.56179809570312,156.59500122070312,50993,SPCX
2026-06-29 11:59:00,156.59500122070312,156.88999938964844,156.52499389648438,156.8426055908203,88004,SPCX
2026-06-29 12:00:00,156.80999755859375,157.1199951171875,156.66000366210938,157.02499389648438,103378,SPCX
2026-06-29 12:01:00,157.0399932861328,157.52000427246094,157.0,157.21499633789062,231848,SPCX
2026-06-29 12:02:00,157.19000244140625,157.41000366210938,157.16009521484375,157.1999969482422,121828,SPCX
2026-06-29 12:03:00,157.18499755859375,157.42999267578125,157.11000061035156,157.16000366210938,106612,SPCX
2026-06-29 12:04:00,157.1300048828125,157.32989501953125,157.125,157.3000030517578,92678,SPCX
2026-06-29 12:05:00,157.3000030517578,157.5,157.19000244140625,157.22000122070312,180514,SPCX
2026-06-29 12:06:00,157.1999969482422,157.26499938964844,156.9149932861328,157.0399932861328,143825,SPCX
2026-06-29 12:07:00,157.02999877929688,157.22999572753906,156.89999389648438,157.2100067138672,86580,SPCX
2026-06-29 12:08:00,157.1699981689453,157.5,157.1699981689453,157.5,149782,SPCX
2026-06-29 12:09:00,157.47500610351562,157.52000427246094,157.3300018310547,157.36000061035156,93348,SPCX
2026-06-29 12:10:00,157.36000061035156,157.51499938964844,157.24000549316406,157.30999755859375,118630,SPCX
2026-06-29 12:11:00,157.3000030517578,157.85000610351562,157.25,157.8000030517578,269688,SPCX
2026-06-29 12:12:00,157.75999450683594,158.02999877929688,157.6999969482422,157.7104949951172,245567,SPCX
2026-06-29 12:13:00,157.72500610351562,157.72500610351562,157.27000427246094,157.3300018310547,110949,SPCX
2026-06-29 12:14:00,157.32000732421875,157.36000061035156,156.72059631347656,156.96119689941406,123428,SPCX
2026-06-29 12:15:00,156.97000122070312,157.17999267578125,156.89999389648438,156.98500061035156,104086,SPCX
2026-06-29 12:16:00,156.96499633789062,157.10000610351562,156.75010681152344,156.8000030517578,72436,SPCX
2026-06-29 12:17:00,156.77499389648438,156.88999938964844,156.610107421875,156.8000030517578,100649,SPCX
2026-06-29 12:18:00,156.77720642089844,156.9550018310547,156.74009704589844,156.9149932861328,59794,SPCX
2026-06-29 12:19:00,156.91000366210938,156.99000549316406,156.8350067138672,156.89999389648438,61243,SPCX
2026-06-29 12:20:00,156.83999633789062,157.0,156.6488037109375,156.75,81238,SPCX
2026-06-29 12:21:00,156.77499389648438,156.94000244140625,156.63999938964844,156.74000549316406,70041,SPCX
2026-06-29 12:22:00,156.71299743652344,157.0,156.71299743652344,157.0,96989,SPCX
2026-06-29 12:23:00,157.0,157.27000427246094,156.97000122070312,157.2001953125,96383,SPCX
2026-06-29 12:24:00,157.19000244140625,157.24000549316406,157.0500030517578,157.05999755859375,89761,SPCX
2026-06-29 12:25:00,157.0500030517578,157.15989685058594,156.83999633789062,156.8419952392578,66053,SPCX
2026-06-29 12:26:00,156.80999755859375,156.8386993408203,156.32000732421875,156.4499969482422,136882,SPCX
2026-06-29 12:27:00,156.42999267578125,156.7469940185547,156.38999938964844,156.58999633789062,97088,SPCX
2026-06-29 12:28:00,156.5850067138672,156.76499938964844,156.52999877929688,156.5449981689453,59843,SPCX
2026-06-29 12:29:00,156.5500030517578,156.64999389648438,156.5,156.60499572753906,77045,SPCX
2026-06-29 12:30:00,156.63999938964844,156.6999969482422,156.3800048828125,156.41000366210938,83146,SPCX
2026-06-29 12:31:00,156.41000366210938,156.41000366210938,156.24000549316406,156.25999450683594,74156,SPCX
2026-06-29 12:32:00,156.277099609375,156.3217010498047,156.05999755859375,156.2100067138672,100574,SPCX
2026-06-29 12:33:00,156.23500061035156,156.27999877929688,156.0500030517578,156.10000610351562,68244,SPCX
2026-06-29 12:34:00,156.0800018310547,156.52000427246094,156.0800018310547,156.36000061035156,102300,SPCX
2026-06-29 12:35:00,156.33999633789062,156.77000427246094,156.1999969482422,156.61000061035156,84396,SPCX
2026-06-29 12:36:00,156.64999389648438,156.7899932861328,156.51870727539062,156.70249938964844,94734,SPCX
2026-06-29 12:37:00,156.67129516601562,156.88999938964844,156.63999938964844,156.7830047607422,65310,SPCX
2026-06-29 12:38:00,156.75999450683594,156.94000244140625,156.70010375976562,156.91000366210938,68928,SPCX
2026-06-29 12:39:00,156.9499969482422,157.1300048828125,156.88999938964844,157.06500244140625,88709,SPCX
2026-06-29 12:40:00,157.05999755859375,157.0800018310547,156.6300048828125,156.96499633789062,79560,SPCX
2026-06-29 12:41:00,156.99000549316406,157.05999755859375,156.80999755859375,157.00750732421875,72268,SPCX
2026-06-29 12:42:00,156.99000549316406,157.27000427246094,156.9199981689453,157.1699981689453,95694,SPCX
2026-06-29 12:43:00,157.22000122070312,157.5,157.22000122070312,157.35000610351562,128739,SPCX
2026-06-29 12:44:00,157.3300018310547,157.44000244140625,157.2899932861328,157.38999938964844,101937,SPCX
2026-06-29 12:45:00,157.30499267578125,157.3699951171875,157.17999267578125,157.3350067138672,100170,SPCX
2026-06-29 12:46:00,157.3350067138672,157.36000061035156,156.67999267578125,156.96499633789062,126096,SPCX
2026-06-29 12:47:00,156.99000549316406,157.13999938964844,156.64999389648438,156.64999389648438,117517,SPCX
2026-06-29 12:48:00,156.64999389648438,157.0,156.62010192871094,156.7899932861328,77178,SPCX
2026-06-29 12:49:00,156.78500366210938,156.86000061035156,156.64999389648438,156.82980346679688,84522,SPCX
2026-06-29 12:50:00,156.8300018310547,157.00999450683594,156.80499267578125,156.84500122070312,106775,SPCX
2026-06-29 12:51:00,156.83999633789062,156.8699951171875,156.6699981689453,156.6699981689453,105595,SPCX
2026-06-29 12:52:00,156.64999389648438,156.7071075439453,156.46499633789062,156.52000427246094,105574,SPCX
2026-06-29 12:53:00,156.52000427246094,156.99000549316406,156.47999572753906,156.99000549316406,144527,SPCX
2026-06-29 12:54:00,156.99000549316406,157.10000610351562,156.9499969482422,157.03500366210938,121619,SPCX
2026-06-29 12:55:00,157.03500366210938,157.1699981689453,156.9801025390625,157.07000732421875,115078,SPCX
2026-06-29 12:56:00,157.09500122070312,157.09500122070312,156.83999633789062,156.86000061035156,119087,SPCX
2026-06-29 12:57:00,156.85000610351562,157.02999877929688,156.8000030517578,156.97999572753906,109576,SPCX
2026-06-29 12:58:00,156.97000122070312,157.10000610351562,156.69000244140625,157.06500244140625,162416,SPCX
2026-06-29 12:59:00,157.13670349121094,157.49000549316406,157.13670349121094,157.2899932861328,119930,SPCX
2026-06-29 13:00:00,157.25999450683594,157.32000732421875,157.05999755859375,157.17889404296875,77463,SPCX
2026-06-29 13:01:00,157.16000366210938,157.17999267578125,157.0,157.1199951171875,87117,SPCX
2026-06-29 13:02:00,157.1699981689453,157.40980529785156,157.14010620117188,157.40980529785156,61337,SPCX
2026-06-29 13:03:00,157.40499877929688,157.5,157.35009765625,157.4199981689453,136803,SPCX
2026-06-29 13:04:00,157.44000244140625,157.75999450683594,157.22000122070312,157.27000427246094,281401,SPCX
2026-06-29 13:05:00,157.27999877929688,157.8800048828125,157.2220001220703,157.82850646972656,143182,SPCX
2026-06-29 13:06:00,157.86000061035156,158.02999877929688,157.66000366210938,157.86000061035156,205912,SPCX
2026-06-29 13:07:00,157.86000061035156,158.47999572753906,157.83999633789062,158.47999572753906,226351,SPCX
2026-06-29 13:08:00,158.49000549316406,158.55999755859375,157.9499969482422,158.14999389648438,181380,SPCX
2026-06-29 13:09:00,158.13999938964844,158.85499572753906,158.0749969482422,158.85499572753906,173056,SPCX
2026-06-29 13:10:00,158.86000061035156,159.3000030517578,158.8000030517578,159.2375946044922,318752,SPCX
2026-06-29 13:11:00,159.22999572753906,159.39999389648438,158.9456024169922,159.2949981689453,195299,SPCX
2026-06-29 13:12:00,159.3000030517578,159.7100067138672,159.1566925048828,159.36000061035156,340380,SPCX
2026-06-29 13:13:00,159.36000061035156,160.139892578125,159.2100067138672,160.0399932861328,904768,SPCX
2026-06-29 13:14:00,160.07000732421875,160.38999938964844,159.69000244140625,159.75540161132812,362255,SPCX
2026-06-29 13:15:00,159.77999877929688,159.77999877929688,159.19000244140625,159.25,207998,SPCX
2026-06-29 13:16:00,159.25669860839844,159.30999755859375,158.8000030517578,158.93499755859375,125710,SPCX
2026-06-29 13:17:00,158.93499755859375,159.1300048828125,158.6800994873047,158.7899932861328,137071,SPCX
2026-06-29 13:18:00,158.8000030517578,158.8000030517578,158.50010681152344,158.71499633789062,93752,SPCX
2026-06-29 13:19:00,158.69000244140625,159.29989624023438,158.69000244140625,159.14999389648438,133204,SPCX
2026-06-29 13:20:00,159.2135009765625,159.55999755859375,158.8300018310547,158.8699951171875,201263,SPCX
2026-06-29 13:21:00,158.8699951171875,158.88499450683594,158.20010375976562,158.50010681152344,134383,SPCX
2026-06-29 13:22:00,158.5,158.5800018310547,158.10000610351562,158.33999633789062,84099,SPCX
2026-06-29 13:23:00,158.3800048828125,158.5998992919922,158.27999877929688,158.46499633789062,91387,SPCX
2026-06-29 13:24:00,158.4550018310547,158.55999755859375,158.3000030517578,158.4799041748047,92396,SPCX
2026-06-29 13:25:00,158.4499969482422,158.47999572753906,158.1699981689453,158.4600067138672,82351,SPCX
2026-06-29 13:26:00,158.4600067138672,158.50999450683594,158.33999633789062,158.4250030517578,103091,SPCX
2026-06-29 13:27:00,158.39999389648438,158.6999969482422,158.36000061035156,158.6300048828125,74173,SPCX
2026-06-29 13:28:00,158.6300048828125,158.8699951171875,158.60499572753906,158.83999633789062,86925,SPCX
2026-06-29 13:29:00,158.81019592285156,158.89999389648438,158.8000030517578,158.89999389648438,92499,SPCX
2026-06-29 13:30:00,158.89999389648438,158.97999572753906,158.6699981689453,158.7899932861328,61883,SPCX
2026-06-29 13:31:00,158.82000732421875,159.28819274902344,158.77999877929688,159.24000549316406,128455,SPCX
2026-06-29 13:32:00,159.27999877929688,159.4499969482422,158.88999938964844,158.9250030517578,117012,SPCX
2026-06-29 13:33:00,158.9250030517578,158.9499969482422,158.63999938964844,158.8000030517578,87965,SPCX
2026-06-29 13:34:00,158.82989501953125,158.94000244140625,158.67999267578125,158.9250030517578,71931,SPCX
2026-06-29 13:35:00,158.9250030517578,159.0399932861328,158.70199584960938,158.75999450683594,137096,SPCX
2026-06-29 13:36:00,158.72999572753906,158.88999938964844,158.48500061035156,158.86000061035156,99742,SPCX
2026-06-29 13:37:00,158.8800048828125,158.97999572753906,158.66000366210938,158.718994140625,89193,SPCX
2026-06-29 13:38:00,158.6999969482422,158.97000122070312,158.64999389648438,158.7949981689453,64047,SPCX
2026-06-29 13:39:00,158.7899932861328,159.24989318847656,158.7899932861328,158.93499755859375,106512,SPCX
2026-06-29 13:40:00,158.89999389648438,159.20399475097656,158.89999389648438,159.06500244140625,85914,SPCX
2026-06-29 13:41:00,159.06500244140625,159.58999633789062,159.06500244140625,159.43499755859375,135988,SPCX
2026-06-29 13:42:00,159.43499755859375,159.63999938964844,159.39999389648438,159.5749969482422,111928,SPCX
2026-06-29 13:43:00,159.59890747070312,159.68589782714844,159.52000427246094,159.6750030517578,77804,SPCX
2026-06-29 13:44:00,159.67999267578125,159.6999969482422,159.55999755859375,159.69000244140625,104716,SPCX
2026-06-29 13:45:00,159.6699981689453,159.6699981689453,159.44000244140625,159.61000061035156,98839,SPCX
2026-06-29 13:46:00,159.58999633789062,159.6300048828125,159.27000427246094,159.4199981689453,118602,SPCX
2026-06-29 13:47:00,159.43499755859375,159.80990600585938,159.32000732421875,159.77999877929688,106067,SPCX
2026-06-29 13:48:00,159.8114013671875,159.9600067138672,159.74000549316406,159.82000732421875,111204,SPCX
2026-06-29 13:49:00,159.82000732421875,159.85000610351562,159.60000610351562,159.6699981689453,104212,SPCX
2026-06-29 13:50:00,159.67999267578125,159.75,159.59500122070312,159.6750030517578,94594,SPCX
2026-06-29 13:51:00,159.69000244140625,160.10000610351562,159.47999572753906,159.58999633789062,340697,SPCX
2026-06-29 13:52:00,159.58999633789062,159.72999572753906,159.47000122070312,159.6999053955078,86599,SPCX
2026-06-29 13:53:00,159.6999053955078,159.97479248046875,159.6199951171875,159.85499572753906,103260,SPCX
2026-06-29 13:54:00,159.82009887695312,159.8800048828125,159.58999633789062,159.80499267578125,115369,SPCX
2026-06-29 13:55:00,159.8300018310547,160.47999572753906,159.8300018310547,160.18580627441406,250955,SPCX
2026-06-29 13:56:00,160.17999267578125,160.35000610351562,160.08999633789062,160.1199951171875,160338,SPCX
2026-06-29 13:57:00,160.11500549316406,160.47000122070312,160.11500549316406,160.4355926513672,136377,SPCX
2026-06-29 13:58:00,160.44000244140625,160.4499053955078,159.80999755859375,159.80999755859375,184256,SPCX
2026-06-29 13:59:00,159.8350067138672,159.97999572753906,159.61000061035156,159.96499633789062,128964,SPCX
2026-06-29 14:00:00,159.96499633789062,160.08999633789062,159.8101043701172,159.9600067138672,95506,SPCX
2026-06-29 14:01:00,159.9600067138672,160.16000366210938,159.8000030517578,159.92959594726562,139488,SPCX
2026-06-29 14:02:00,159.9149932861328,160.02000427246094,159.77999877929688,159.9499969482422,82633,SPCX
2026-06-29 14:03:00,159.9199981689453,160.0800018310547,159.89999389648438,160.05999755859375,80799,SPCX
2026-06-29 14:04:00,160.05999755859375,160.1300048828125,159.83999633789062,159.9600067138672,121888,SPCX
2026-06-29 14:05:00,159.9499969482422,160.1300048828125,159.8300018310547,159.9550018310547,101274,SPCX
2026-06-29 14:06:00,159.9550018310547,159.9550018310547,159.6300048828125,159.77430725097656,130843,SPCX
2026-06-29 14:07:00,159.75999450683594,159.83999633789062,159.5,159.5323028564453,111048,SPCX
2026-06-29 14:08:00,159.52000427246094,160.0,159.5,159.97300720214844,81277,SPCX
2026-06-29 14:09:00,159.98500061035156,160.1300048828125,159.8300018310547,159.83999633789062,105655,SPCX
2026-06-29 14:10:00,159.83999633789062,159.97999572753906,159.77000427246094,159.8800048828125,95004,SPCX
2026-06-29 14:11:00,159.9095001220703,159.9499969482422,159.7899932861328,159.9499969482422,53939,SPCX
2026-06-29 14:12:00,159.97999572753906,160.4219970703125,159.9300994873047,160.28500366210938,250063,SPCX
2026-06-29 14:13:00,160.31500244140625,160.8000030517578,160.27999877929688,160.75,172055,SPCX
2026-06-29 14:14:00,160.75,161.1999969482422,160.7100067138672,160.8083953857422,399843,SPCX
2026-06-29 14:15:00,160.77139282226562,160.8800048828125,160.50999450683594,160.75,127192,SPCX
2026-06-29 14:16:00,160.75,160.80999755859375,160.3914031982422,160.3914031982422,112309,SPCX
2026-06-29 14:17:00,160.4199981689453,160.5,160.07000732421875,160.13999938964844,153355,SPCX
2026-06-29 14:18:00,160.09339904785156,160.4250030517578,160.09339904785156,160.35499572753906,91793,SPCX
2026-06-29 14:19:00,160.36500549316406,160.57989501953125,160.0800018310547,160.0841064453125,135442,SPCX
2026-06-29 14:20:00,160.11000061035156,160.25999450683594,159.80569458007812,160.14010620117188,122503,SPCX
2026-06-29 14:21:00,160.15499877929688,160.27999877929688,160.0,160.11000061035156,95570,SPCX
2026-06-29 14:22:00,160.1699981689453,160.37989807128906,160.1199951171875,160.36000061035156,74523,SPCX
2026-06-29 14:23:00,160.375,160.51499938964844,160.27999877929688,160.41000366210938,99945,SPCX
2026-06-29 14:24:00,160.36500549316406,160.38999938964844,160.25,160.30499267578125,62239,SPCX
2026-06-29 14:25:00,160.30499267578125,160.42999267578125,159.8300018310547,159.8800048828125,105348,SPCX
2026-06-29 14:26:00,159.8300018310547,160.2100067138672,159.8300018310547,159.9499969482422,352845,SPCX
2026-06-29 14:27:00,159.9550018310547,160.14999389648438,159.88999938964844,160.0399932861328,89474,SPCX
2026-06-29 14:28:00,160.0399932861328,160.2799072265625,159.99000549316406,160.1324005126953,117176,SPCX
2026-06-29 14:29:00,160.15899658203125,160.17999267578125,159.8800048828125,160.02000427246094,88737,SPCX
2026-06-29 14:30:00,159.9949951171875,160.1699981689453,159.9550018310547,160.07220458984375,67393,SPCX
2026-06-29 14:31:00,160.05999755859375,160.47999572753906,160.05999755859375,160.3300018310547,100506,SPCX
2026-06-29 14:32:00,160.32359313964844,160.8000030517578,160.32000732421875,160.42999267578125,176083,SPCX
2026-06-29 14:33:00,160.4250030517578,160.55999755859375,160.21499633789062,160.55999755859375,94026,SPCX
2026-06-29 14:34:00,160.54440307617188,160.77999877929688,160.5,160.76499938964844,87260,SPCX
2026-06-29 14:35:00,160.77999877929688,161.10989379882812,160.76499938964844,161.0800018310547,200574,SPCX
2026-06-29 14:36:00,161.05999755859375,161.3300018310547,160.99000549316406,161.19000244140625,190238,SPCX
2026-06-29 14:37:00,161.1898956298828,161.33999633789062,161.02000427246094,161.27000427246094,117725,SPCX
2026-06-29 14:38:00,161.24000549316406,161.57000732421875,161.2100067138672,161.414794921875,149257,SPCX
2026-06-29 14:39:00,161.39500427246094,161.55999755859375,161.36000061035156,161.39999389648438,101833,SPCX
2026-06-29 14:40:00,161.38999938964844,161.39999389648438,160.99000549316406,161.2801055908203,154729,SPCX
2026-06-29 14:41:00,161.2899932861328,161.3300018310547,161.09010314941406,161.25,93635,SPCX
2026-06-29 14:42:00,161.27000427246094,161.36000061035156,160.92999267578125,161.19000244140625,117782,SPCX
2026-06-29 14:43:00,161.1649932861328,161.38999938964844,161.11000061035156,161.38999938964844,71015,SPCX
2026-06-29 14:44:00,161.4398956298828,161.73989868164062,161.3699951171875,161.52999877929688,182302,SPCX
2026-06-29 14:45:00,161.52999877929688,161.60000610351562,161.42999267578125,161.52000427246094,83206,SPCX
2026-06-29 14:46:00,161.5500030517578,161.7698974609375,161.47999572753906,161.72000122070312,106603,SPCX
2026-06-29 14:47:00,161.7550048828125,162.10000610351562,161.69000244140625,161.97999572753906,248590,SPCX
2026-06-29 14:48:00,161.9499969482422,162.08999633789062,161.80999755859375,162.01499938964844,142388,SPCX
2026-06-29 14:49:00,162.01499938964844,162.1999969482422,161.91009521484375,162.1999969482422,117948,SPCX
2026-06-29 14:50:00,162.22500610351562,162.3000030517578,162.1300048828125,162.2899932861328,130377,SPCX
2026-06-29 14:51:00,162.27000427246094,162.53500366210938,162.2534942626953,162.53500366210938,167965,SPCX
2026-06-29 14:52:00,162.5399932861328,162.55999755859375,162.25999450683594,162.55999755859375,234828,SPCX
2026-06-29 14:53:00,162.57000732421875,162.8000030517578,162.5500030517578,162.67999267578125,171909,SPCX
2026-06-29 14:54:00,162.67999267578125,163.19000244140625,162.6750030517578,163.1199951171875,359010,SPCX
2026-06-29 14:55:00,163.1199951171875,163.16000366210938,162.6009063720703,162.60629272460938,247811,SPCX
2026-06-29 14:56:00,162.61500549316406,163.07000732421875,162.5800018310547,162.8000030517578,171546,SPCX
2026-06-29 14:57:00,162.75010681152344,162.8000030517578,162.30999755859375,162.5500030517578,147294,SPCX
2026-06-29 14:58:00,162.52999877929688,162.85000610351562,162.33999633789062,162.77999877929688,126516,SPCX
2026-06-29 14:59:00,162.77000427246094,162.85000610351562,162.60000610351562,162.8350067138672,112053,SPCX
2026-06-29 15:00:00,162.8350067138672,163.1699981689453,162.63999938964844,163.02999877929688,223570,SPCX
2026-06-29 15:01:00,163.02000427246094,163.25,162.610107421875,162.88999938964844,172447,SPCX
2026-06-29 15:02:00,162.88499450683594,162.9499969482422,162.64999389648438,162.6999053955078,127425,SPCX
2026-06-29 15:03:00,162.656494140625,162.91000366210938,162.27999877929688,162.42999267578125,215868,SPCX
2026-06-29 15:04:00,162.43499755859375,162.6699981689453,162.1999969482422,162.58999633789062,149933,SPCX
2026-06-29 15:05:00,162.60000610351562,163.25,162.52999877929688,163.2100067138672,250590,SPCX
2026-06-29 15:06:00,163.22999572753906,163.69000244140625,163.16000366210938,163.5800018310547,271852,SPCX
2026-06-29 15:07:00,163.57000732421875,163.75,163.4499969482422,163.47000122070312,200801,SPCX
2026-06-29 15:08:00,163.49000549316406,163.59500122070312,163.25010681152344,163.41000366210938,166734,SPCX
2026-06-29 15:09:00,163.4425048828125,163.4425048828125,163.13999938964844,163.25,176648,SPCX
2026-06-29 15:10:00,163.21499633789062,163.3249969482422,163.00999450683594,163.25,185112,SPCX
2026-06-29 15:11:00,163.21499633789062,163.86000061035156,163.21499633789062,163.8000030517578,185465,SPCX
2026-06-29 15:12:00,163.80999755859375,164.17999267578125,163.61000061035156,163.9949951171875,227909,SPCX
2026-06-29 15:13:00,163.97999572753906,164.22999572753906,163.94000244140625,164.11000061035156,179470,SPCX
2026-06-29 15:14:00,164.10000610351562,164.11000061035156,163.77000427246094,163.8491973876953,210372,SPCX
2026-06-29 15:15:00,163.7949981689453,163.80499267578125,163.50999450683594,163.72999572753906,154749,SPCX
2026-06-29 15:16:00,163.72000122070312,163.9199981689453,163.60000610351562,163.7899932861328,125171,SPCX
2026-06-29 15:17:00,163.77000427246094,164.0399932861328,163.50999450683594,163.9149932861328,136658,SPCX
2026-06-29 15:18:00,163.91000366210938,164.3000030517578,163.87010192871094,164.14999389648438,194809,SPCX
2026-06-29 15:19:00,164.18499755859375,164.69000244140625,164.16009521484375,164.63999938964844,247537,SPCX
2026-06-29 15:20:00,164.64999389648438,164.6999053955078,164.35000610351562,164.4600067138672,233246,SPCX
2026-06-29 15:21:00,164.47000122070312,164.6699981689453,164.36000061035156,164.5399932861328,144565,SPCX
2026-06-29 15:22:00,164.55999755859375,164.9499969482422,164.50999450683594,164.80999755859375,249743,SPCX
2026-06-29 15:23:00,164.8000030517578,164.97999572753906,164.66000366210938,164.96499633789062,214760,SPCX
2026-06-29 15:24:00,164.96499633789062,165.4499969482422,164.8300018310547,164.83999633789062,732571,SPCX
2026-06-29 15:25:00,164.8699951171875,164.96499633789062,164.360107421875,164.3800048828125,236169,SPCX
2026-06-29 15:26:00,164.3699951171875,164.57000732421875,163.80999755859375,163.89999389648438,285858,SPCX
2026-06-29 15:27:00,163.89999389648438,164.22999572753906,163.8350067138672,164.0800018310547,160248,SPCX
2026-06-29 15:28:00,164.07839965820312,164.22850036621094,163.92999267578125,164.00010681152344,163415,SPCX
2026-06-29 15:29:00,164.02499389648438,164.6999969482422,164.00799560546875,164.1699981689453,211703,SPCX
2026-06-29 15:30:00,164.19500732421875,164.29989624023438,163.83999633789062,163.83999633789062,178595,SPCX
2026-06-29 15:31:00,163.89500427246094,164.1490020751953,163.58999633789062,163.8000030517578,183251,SPCX
2026-06-29 15:32:00,163.8000030517578,164.07000732421875,163.75999450683594,163.92999267578125,148593,SPCX
2026-06-29 15:33:00,163.89999389648438,163.9698944091797,163.6009979248047,163.61000061035156,145811,SPCX
2026-06-29 15:34:00,163.6699981689453,164.11000061035156,163.6300048828125,164.00999450683594,132536,SPCX
2026-06-29 15:35:00,164.0399932861328,164.218505859375,163.94000244140625,164.0,187881,SPCX
2026-06-29 15:36:00,163.99000549316406,164.17999267578125,163.8101043701172,164.11000061035156,192413,SPCX
2026-06-29 15:37:00,164.11720275878906,164.11720275878906,163.85000610351562,163.94000244140625,152651,SPCX
2026-06-29 15:38:00,163.97000122070312,164.5399932861328,163.92999267578125,164.4499969482422,197403,SPCX
2026-06-29 15:39:00,164.51950073242188,164.89999389648438,164.5,164.83399963378906,173802,SPCX
2026-06-29 15:40:00,164.8632049560547,164.9499969482422,164.75,164.7550048828125,171545,SPCX
2026-06-29 15:41:00,164.75750732421875,165.0800018310547,164.67999267578125,164.97000122070312,244968,SPCX
2026-06-29 15:42:00,164.97000122070312,165.2100067138672,164.94000244140625,165.0399932861328,340446,SPCX
2026-06-29 15:43:00,165.03500366210938,165.25750732421875,165.0,165.02000427246094,174119,SPCX
2026-06-29 15:44:00,165.02000427246094,165.05999755859375,164.7100067138672,164.75999450683594,215679,SPCX
2026-06-29 15:45:00,164.75999450683594,164.97000122070312,164.52999877929688,164.73500061035156,136182,SPCX
2026-06-29 15:46:00,164.735107421875,165.36000061035156,164.64999389648438,165.13499450683594,242590,SPCX
2026-06-29 15:47:00,165.13499450683594,165.4499969482422,165.02000427246094,165.25999450683594,198810,SPCX
2026-06-29 15:48:00,165.25999450683594,165.5500030517578,165.1999969482422,165.5399932861328,272363,SPCX
2026-06-29 15:49:00,165.5500030517578,165.77000427246094,165.49009704589844,165.55499267578125,284095,SPCX
2026-06-29 15:50:00,165.5800018310547,166.1699981689453,165.55499267578125,165.80999755859375,437359,SPCX
2026-06-29 15:51:00,165.82000732421875,165.92999267578125,165.0,165.1199951171875,392998,SPCX
2026-06-29 15:52:00,165.1199951171875,165.9199981689453,165.07000732421875,165.60499572753906,327064,SPCX
2026-06-29 15:53:00,165.60000610351562,165.79989624023438,165.3800048828125,165.55999755859375,289612,SPCX
2026-06-29 15:54:00,165.60000610351562,165.77000427246094,164.77000427246094,165.05999755859375,401765,SPCX
2026-06-29 15:55:00,165.0500030517578,165.64999389648438,164.80999755859375,165.3000030517578,348344,SPCX
2026-06-29 15:56:00,165.2949981689453,165.3300018310547,164.25999450683594,164.38499450683594,423156,SPCX
2026-06-29 15:57:00,164.38499450683594,164.47000122070312,163.92799377441406,164.2299041748047,430426,SPCX
2026-06-29 15:58:00,164.2100067138672,164.39999389648438,163.83999633789062,164.22000122070312,539270,SPCX
2026-06-29 15:59:00,164.1999969482422,164.38999938964844,164.0,164.0,835672,SPCX
2026-06-30 09:30:00,163.14100646972656,165.75,163.0,165.17999267578125,4427678,SPCX
2026-06-30 09:31:00,165.11000061035156,166.0,162.72000122070312,163.33009338378906,590055,SPCX
2026-06-30 09:32:00,163.22999572753906,164.0749969482422,162.5500030517578,164.02000427246094,189009,SPCX
2026-06-30 09:33:00,163.8000030517578,165.40989685058594,163.8000030517578,165.10000610351562,308556,SPCX
2026-06-30 09:34:00,165.17999267578125,165.2899932861328,164.13999938964844,164.7852020263672,236249,SPCX
2026-06-30 09:35:00,164.6999969482422,165.4759979248047,164.6999969482422,165.39999389648438,217752,SPCX
2026-06-30 09:36:00,165.41990661621094,165.41990661621094,164.3699951171875,164.50999450683594,308506,SPCX
2026-06-30 09:37:00,164.39999389648438,165.125,163.27000427246094,163.38499450683594,333057,SPCX
2026-06-30 09:38:00,163.3300018310547,163.48680114746094,162.63999938964844,163.20989990234375,249159,SPCX
2026-06-30 09:39:00,163.0500030517578,163.4199981689453,162.14999389648438,162.5399932861328,228202,SPCX
2026-06-30 09:40:00,162.52000427246094,162.89999389648438,161.85000610351562,162.20989990234375,231574,SPCX
2026-06-30 09:41:00,162.0800018310547,162.41000366210938,161.63999938964844,162.22000122070312,183545,SPCX
2026-06-30 09:42:00,162.1199951171875,162.32000732421875,161.80999755859375,162.24000549316406,159348,SPCX
2026-06-30 09:43:00,162.30999755859375,162.30999755859375,161.92010498046875,162.13999938964844,127554,SPCX
2026-06-30 09:44:00,162.17999267578125,162.4799041748047,161.63999938964844,162.23989868164062,164764,SPCX
2026-06-30 09:45:00,162.2100067138672,162.90769958496094,162.19500732421875,162.7698974609375,186655,SPCX
2026-06-30 09:46:00,162.81219482421875,163.0,162.08999633789062,162.41000366210938,150408,SPCX
2026-06-30 09:47:00,162.30999755859375,162.5500030517578,161.89999389648438,162.41000366210938,136026,SPCX
2026-06-30 09:48:00,162.36610412597656,162.8300018310547,161.82000732421875,162.47999572753906,184845,SPCX
2026-06-30 09:49:00,162.45069885253906,162.66000366210938,162.2200927734375,162.44000244140625,158403,SPCX
2026-06-30 09:50:00,162.47000122070312,163.06390380859375,162.4499969482422,162.80999755859375,187071,SPCX
2026-06-30 09:51:00,162.8350067138672,164.0500030517578,162.72000122070312,163.89500427246094,251039,SPCX
2026-06-30 09:52:00,163.87869262695312,164.30999755859375,163.61570739746094,164.28990173339844,176098,SPCX
2026-06-30 09:53:00,164.29010009765625,164.47000122070312,164.0,164.36000061035156,245088,SPCX
2026-06-30 09:54:00,164.36500549316406,164.36500549316406,163.3446044921875,163.9499969482422,166613,SPCX
2026-06-30 09:55:00,163.89500427246094,164.32000732421875,163.6300048828125,164.14999389648438,136288,SPCX
2026-06-30 09:56:00,164.1356964111328,164.85000610351562,164.02000427246094,164.7100067138672,181634,SPCX
2026-06-30 09:57:00,164.7899932861328,165.0,164.24319458007812,164.89999389648438,294181,SPCX
2026-06-30 09:58:00,164.89500427246094,165.32989501953125,164.83999633789062,165.10000610351562,258880,SPCX
2026-06-30 09:59:00,165.08999633789062,165.64999389648438,164.9499969482422,165.44009399414062,225311,SPCX
2026-06-30 10:00:00,165.46499633789062,165.8000030517578,164.60000610351562,164.8000030517578,230024,SPCX
2026-06-30 10:01:00,164.77499389648438,165.01669311523438,163.89999389648438,164.25999450683594,252239,SPCX
2026-06-30 10:02:00,164.2949981689453,164.88999938964844,164.02000427246094,164.85000610351562,109969,SPCX
2026-06-30 10:03:00,164.86000061035156,165.45989990234375,164.77000427246094,165.4499969482422,155668,SPCX
2026-06-30 10:04:00,165.44000244140625,165.8300018310547,164.75,164.97999572753906,266891,SPCX
2026-06-30 10:05:00,165.0,165.38999938964844,163.52999877929688,163.77000427246094,291419,SPCX
2026-06-30 10:06:00,163.77000427246094,163.9499969482422,163.49000549316406,163.72999572753906,133255,SPCX
2026-06-30 10:07:00,163.74000549316406,164.27000427246094,163.4510040283203,163.7899932861328,310512,SPCX
2026-06-30 10:08:00,163.8300018310547,164.10000610351562,162.8350067138672,163.10000610351562,457282,SPCX
2026-06-30 10:09:00,163.10000610351562,163.32000732421875,162.5,163.0,202400,SPCX
2026-06-30 10:10:00,162.91009521484375,163.41000366210938,162.44000244140625,163.36000061035156,191543,SPCX
2026-06-30 10:11:00,163.41000366210938,163.7899932861328,162.5,163.42999267578125,242262,SPCX
2026-06-30 10:12:00,163.42010498046875,164.22000122070312,163.35009765625,163.66000366210938,271909,SPCX
2026-06-30 10:13:00,163.65199279785156,164.07000732421875,163.55999755859375,163.7449951171875,205707,SPCX
2026-06-30 10:14:00,163.75999450683594,164.33999633789062,163.1999969482422,164.01499938964844,197382,SPCX
2026-06-30 10:15:00,163.92999267578125,165.13499450683594,163.92999267578125,164.3824005126953,257128,SPCX
2026-06-30 10:16:00,164.32000732421875,164.6999969482422,163.25,164.67999267578125,417743,SPCX
2026-06-30 10:17:00,164.6699981689453,165.13999938964844,164.6199951171875,165.0749969482422,110426,SPCX
2026-06-30 10:18:00,165.00999450683594,165.47000122070312,164.25999450683594,164.80499267578125,347784,SPCX
2026-06-30 10:19:00,164.77499389648438,165.10000610351562,164.6300048828125,164.9550018310547,329225,SPCX
2026-06-30 10:20:00,164.89999389648438,165.5,164.77000427246094,165.2698974609375,133750,SPCX
2026-06-30 10:21:00,165.23500061035156,165.30999755859375,164.33999633789062,164.38999938964844,194065,SPCX
2026-06-30 10:22:00,164.38999938964844,165.07000732421875,164.22500610351562,164.66000366210938,455888,SPCX
2026-06-30 10:23:00,164.60000610351562,164.94119262695312,163.25,164.94119262695312,386552,SPCX
2026-06-30 10:24:00,164.9499969482422,165.35000610351562,164.9199981689453,165.32000732421875,158986,SPCX
2026-06-30 10:25:00,165.3000030517578,166.0,165.25,165.9499969482422,360013,SPCX
2026-06-30 10:26:00,165.92799377441406,166.75,165.25,166.13999938964844,639864,SPCX
2026-06-30 10:27:00,166.0800018310547,166.5,165.9199981689453,166.2301025390625,227830,SPCX
2026-06-30 10:28:00,166.3000030517578,166.92999267578125,166.11000061035156,166.55990600585938,214221,SPCX
2026-06-30 10:29:00,166.5,166.6999969482422,165.9199981689453,166.625,217153,SPCX
2026-06-30 10:30:00,166.6300048828125,166.6999969482422,165.25,166.397705078125,309992,SPCX
2026-06-30 10:31:00,166.38999938964844,167.2899932861328,166.341796875,167.12130737304688,329409,SPCX
2026-06-30 10:32:00,167.1999969482422,167.39999389648438,166.94000244140625,167.00999450683594,200693,SPCX
2026-06-30 10:33:00,167.05999755859375,167.11000061035156,166.42010498046875,166.65989685058594,194634,SPCX
2026-06-30 10:34:00,166.58999633789062,167.10000610351562,166.5,166.9600067138672,203905,SPCX
2026-06-30 10:35:00,166.9199981689453,167.75,166.86000061035156,167.22999572753906,360359,SPCX
2026-06-30 10:36:00,167.22999572753906,167.8300018310547,167.0500946044922,167.61000061035156,261791,SPCX
2026-06-30 10:37:00,167.60499572753906,167.67999267578125,166.86000061035156,166.88499450683594,215275,SPCX
2026-06-30 10:38:00,166.902099609375,166.99989318847656,166.5,166.5399932861328,194445,SPCX
2026-06-30 10:39:00,166.5,167.0,166.24000549316406,166.91000366210938,167928,SPCX
2026-06-30 10:40:00,166.94000244140625,167.4199981689453,166.80999755859375,167.1999969482422,177751,SPCX
2026-06-30 10:41:00,167.22999572753906,167.44000244140625,166.5,166.78990173339844,297502,SPCX
2026-06-30 10:42:00,166.70249938964844,167.25990295410156,166.54739379882812,166.9001007080078,153904,SPCX
2026-06-30 10:43:00,166.91000366210938,167.0500030517578,166.72000122070312,166.9499969482422,146531,SPCX
2026-06-30 10:44:00,166.96499633789062,167.73500061035156,166.94000244140625,167.66000366210938,195023,SPCX
2026-06-30 10:45:00,167.66000366210938,167.92999267578125,167.5500030517578,167.69000244140625,247949,SPCX
2026-06-30 10:46:00,167.6699981689453,167.6699981689453,166.89999389648438,166.94500732421875,175811,SPCX
2026-06-30 10:47:00,166.94500732421875,167.2100067138672,166.82009887695312,167.20989990234375,201981,SPCX
2026-06-30 10:48:00,167.2100067138672,167.35000610351562,166.9600067138672,167.03309631347656,140324,SPCX
2026-06-30 10:49:00,167.0,167.0655975341797,166.4600067138672,166.57000732421875,209378,SPCX
2026-06-30 10:50:00,166.56100463867188,167.75,166.5,167.39999389648438,188403,SPCX
2026-06-30 10:51:00,167.3000030517578,168.14999389648438,167.3000030517578,168.02999877929688,337381,SPCX
2026-06-30 10:52:00,168.00999450683594,168.3800048828125,167.7899932861328,168.3520050048828,186657,SPCX
2026-06-30 10:53:00,168.3800048828125,168.52000427246094,167.9600067138672,168.08509826660156,227017,SPCX
2026-06-30 10:54:00,168.00999450683594,168.14999389648438,167.5399932861328,167.61000061035156,179322,SPCX
2026-06-30 10:55:00,167.57000732421875,167.8498992919922,167.30999755859375,167.75,113196,SPCX
2026-06-30 10:56:00,167.6999969482422,168.14999389648438,167.6999969482422,167.99000549316406,194811,SPCX
2026-06-30 10:57:00,167.97999572753906,168.25999450683594,167.91000366210938,167.94500732421875,187702,SPCX
2026-06-30 10:58:00,167.93499755859375,168.32989501953125,167.85009765625,168.1999969482422,139235,SPCX
2026-06-30 10:59:00,168.2050018310547,168.91000366210938,168.1699981689453,168.5399932861328,305540,SPCX
2026-06-30 11:00:00,168.55999755859375,168.9499969482422,168.32000732421875,168.92999267578125,224820,SPCX
2026-06-30 11:01:00,168.88999938964844,169.44000244140625,168.7899932861328,169.31019592285156,398476,SPCX
2026-06-30 11:02:00,169.35000610351562,169.88999938964844,169.24000549316406,169.81500244140625,360527,SPCX
2026-06-30 11:03:00,169.81500244140625,169.8699951171875,168.9199981689453,168.92999267578125,295345,SPCX
2026-06-30 11:04:00,168.95989990234375,168.97999572753906,168.40809631347656,168.56129455566406,275739,SPCX
2026-06-30 11:05:00,168.6269989013672,169.24000549316406,168.57000732421875,169.18600463867188,165507,SPCX
2026-06-30 11:06:00,169.22999572753906,169.6999969482422,169.22999572753906,169.4001007080078,175689,SPCX
2026-06-30 11:07:00,169.4250030517578,169.44500732421875,169.1699981689453,169.36000061035156,171642,SPCX
2026-06-30 11:08:00,169.3800048828125,170.32000732421875,169.3800048828125,169.64500427246094,783033,SPCX
2026-06-30 11:09:00,169.67999267578125,170.25,169.48899841308594,169.52389526367188,226593,SPCX
2026-06-30 11:10:00,169.55499267578125,169.75990295410156,169.17999267578125,169.5,165546,SPCX
2026-06-30 11:11:00,169.4499969482422,170.30999755859375,169.35000610351562,170.24000549316406,237851,SPCX
2026-06-30 11:12:00,170.27000427246094,170.74000549316406,170.00160217285156,170.60899353027344,308158,SPCX
2026-06-30 11:13:00,170.6199951171875,171.39999389648438,170.56759643554688,171.3292999267578,523628,SPCX
2026-06-30 11:14:00,171.27000427246094,171.44000244140625,170.4499969482422,170.77499389648438,329123,SPCX
2026-06-30 11:15:00,170.75,171.05999755859375,170.36000061035156,170.39999389648438,225844,SPCX
2026-06-30 11:16:00,170.44859313964844,171.0500030517578,169.89999389648438,170.97500610351562,349281,SPCX
2026-06-30 11:17:00,170.97999572753906,171.5,170.88999938964844,171.3800048828125,260016,SPCX
2026-06-30 11:18:00,171.38999938964844,171.64990234375,171.33999633789062,171.375,275020,SPCX
2026-06-30 11:19:00,171.3800048828125,171.9499969482422,171.3000030517578,171.94630432128906,220581,SPCX
2026-06-30 11:20:00,171.9499969482422,172.0590057373047,171.60000610351562,171.86000061035156,391029,SPCX
2026-06-30 11:21:00,171.91000366210938,172.14959716796875,171.42999267578125,171.63999938964844,286366,SPCX
2026-06-30 11:22:00,171.6999969482422,171.7751007080078,171.02000427246094,171.6300048828125,247975,SPCX
2026-06-30 11:23:00,171.67149353027344,172.14100646972656,171.5,172.02999877929688,259175,SPCX
2026-06-30 11:24:00,172.02999877929688,172.25999450683594,171.7899932861328,172.25999450683594,219113,SPCX
2026-06-30 11:25:00,172.25,172.39999389648438,172.10000610351562,172.19000244140625,220852,SPCX
2026-06-30 11:26:00,172.1956024169922,172.22000122070312,171.8300018310547,171.84500122070312,285570,SPCX
2026-06-30 11:27:00,171.84500122070312,172.19000244140625,171.46499633789062,171.68499755859375,213026,SPCX
2026-06-30 11:28:00,171.68499755859375,171.72999572753906,171.25010681152344,171.375,241694,SPCX
2026-06-30 11:29:00,171.375,171.4199981689453,170.85000610351562,171.25999450683594,316074,SPCX
2026-06-30 11:30:00,171.22999572753906,171.22999572753906,170.52000427246094,171.125,286094,SPCX
2026-06-30 11:31:00,171.1300048828125,171.17999267578125,170.4687957763672,170.55999755859375,201787,SPCX
2026-06-30 11:32:00,170.57000732421875,171.22000122070312,170.57000732421875,171.02000427246094,176313,SPCX
2026-06-30 11:33:00,171.00999450683594,171.2899932861328,170.92999267578125,170.99000549316406,186247,SPCX
2026-06-30 11:34:00,170.99000549316406,171.389892578125,170.5800018310547,171.25,179087,SPCX
2026-06-30 11:35:00,171.25,171.2899932861328,170.75,170.89999389648438,134075,SPCX
2026-06-30 11:36:00,170.85499572753906,170.94000244140625,170.3300018310547,170.44000244140625,172952,SPCX
2026-06-30 11:37:00,170.39999389648438,170.66000366210938,170.1300048828125,170.65989685058594,166201,SPCX
2026-06-30 11:38:00,170.61500549316406,170.83990478515625,170.25999450683594,170.78500366210938,141206,SPCX
2026-06-30 11:39:00,170.78500366210938,170.82000732421875,170.52999877929688,170.72999572753906,145300,SPCX
2026-06-30 11:40:00,170.73500061035156,170.73500061035156,169.7100067138672,169.83009338378906,249843,SPCX
2026-06-30 11:41:00,169.89990234375,170.0,169.30999755859375,169.89999389648438,230636,SPCX
2026-06-30 11:42:00,169.88119506835938,169.99000549316406,169.7100067138672,169.85499572753906,136949,SPCX
2026-06-30 11:43:00,169.88999938964844,170.14999389648438,169.7899932861328,169.93499755859375,192880,SPCX
2026-06-30 11:44:00,169.9799041748047,170.02000427246094,169.32000732421875,169.51019287109375,162419,SPCX
2026-06-30 11:45:00,169.58999633789062,170.38999938964844,169.52999877929688,170.3800048828125,281402,SPCX
2026-06-30 11:46:00,170.3800048828125,170.5800018310547,170.27999877929688,170.44000244140625,156498,SPCX
2026-06-30 11:47:00,170.4250030517578,170.5,169.86500549316406,170.26300048828125,175616,SPCX
2026-06-30 11:48:00,170.19500732421875,170.19500732421875,169.60000610351562,169.81759643554688,131545,SPCX
2026-06-30 11:49:00,169.8000030517578,170.07000732421875,169.4499969482422,169.8300018310547,169195,SPCX
2026-06-30 11:50:00,169.8249969482422,170.1199951171875,169.5200958251953,169.88999938964844,154788,SPCX
2026-06-30 11:51:00,169.94000244140625,170.07000732421875,169.3800048828125,169.55999755859375,124054,SPCX
2026-06-30 11:52:00,169.55999755859375,169.67999267578125,169.1999969482422,169.4550018310547,130906,SPCX
2026-06-30 11:53:00,169.4550018310547,169.53500366210938,169.2899932861328,169.41000366210938,127787,SPCX
2026-06-30 11:54:00,169.40499877929688,169.83999633789062,169.3800048828125,169.6999969482422,90745,SPCX
2026-06-30 11:55:00,169.72000122070312,169.72000122070312,169.5,169.60000610351562,76548,SPCX
2026-06-30 11:56:00,169.64500427246094,169.97000122070312,169.60000610351562,169.97000122070312,71356,SPCX
2026-06-30 11:57:00,169.9250030517578,170.50999450683594,169.75010681152344,170.42999267578125,299661,SPCX
2026-06-30 11:58:00,170.49349975585938,170.58999633789062,169.7032012939453,169.7550048828125,181617,SPCX
2026-06-30 11:59:00,169.7550048828125,169.77999877929688,169.17999267578125,169.3350067138672,152081,SPCX
2026-06-30 12:00:00,169.33999633789062,170.35000610351562,169.2899932861328,170.2899932861328,218059,SPCX
2026-06-30 12:01:00,170.30499267578125,171.25,170.30499267578125,171.24000549316406,192385,SPCX
2026-06-30 12:02:00,171.22000122070312,171.32000732421875,170.75,171.14999389648438,152613,SPCX
2026-06-30 12:03:00,171.11500549316406,171.1999969482422,170.7899932861328,171.17999267578125,131735,SPCX
2026-06-30 12:04:00,171.1999969482422,171.2100067138672,170.8800048828125,171.0072021484375,95520,SPCX
2026-06-30 12:05:00,170.98500061035156,171.4199981689453,170.92999267578125,171.4199981689453,118611,SPCX
2026-06-30 12:06:00,171.39999389648438,171.49000549316406,171.25,171.44000244140625,100675,SPCX
2026-06-30 12:07:00,171.44000244140625,171.6199951171875,171.36000061035156,171.4600067138672,140199,SPCX
2026-06-30 12:08:00,171.46499633789062,171.55999755859375,171.0500030517578,171.0500030517578,179020,SPCX
2026-06-30 12:09:00,171.0800018310547,171.17999267578125,170.610107421875,170.75,122727,SPCX
2026-06-30 12:10:00,170.77499389648438,171.10000610351562,170.54010009765625,170.85499572753906,118377,SPCX
2026-06-30 12:11:00,170.85499572753906,170.85499572753906,170.5,170.6699981689453,141076,SPCX
2026-06-30 12:12:00,170.69000244140625,170.93649291992188,170.69000244140625,170.72999572753906,87037,SPCX
2026-06-30 12:13:00,170.72999572753906,170.82000732421875,170.30999755859375,170.3350067138672,184867,SPCX
2026-06-30 12:14:00,170.34500122070312,170.34500122070312,169.32000732421875,169.6999969482422,188873,SPCX
2026-06-30 12:15:00,169.75,170.10499572753906,169.58009338378906,169.97000122070312,184627,SPCX
2026-06-30 12:16:00,169.97000122070312,170.35000610351562,169.94000244140625,170.30999755859375,192656,SPCX
2026-06-30 12:17:00,170.2899932861328,170.41000366210938,170.00999450683594,170.03500366210938,176221,SPCX
2026-06-30 12:18:00,170.01190185546875,170.10000610351562,169.4199981689453,170.08900451660156,172376,SPCX
2026-06-30 12:19:00,170.0449981689453,170.0800018310547,169.8000030517578,169.84579467773438,104431,SPCX
2026-06-30 12:20:00,169.86000061035156,170.0500030517578,169.78500366210938,169.98609924316406,123925,SPCX
2026-06-30 12:21:00,169.94000244140625,170.19000244140625,169.85000610351562,170.13999938964844,144419,SPCX
2026-06-30 12:22:00,170.1199951171875,170.24989318847656,169.9499969482422,169.9550018310547,86056,SPCX
2026-06-30 12:23:00,169.9550018310547,170.14999389648438,169.67999267578125,169.80999755859375,189797,SPCX
2026-06-30 12:24:00,169.80999755859375,170.08999633789062,169.5399932861328,169.75,146952,SPCX
2026-06-30 12:25:00,169.77000427246094,170.3699951171875,169.75,170.01499938964844,93255,SPCX
2026-06-30 12:26:00,170.02499389648438,170.22000122070312,169.77999877929688,170.08999633789062,159836,SPCX
2026-06-30 12:27:00,170.0800018310547,170.19000244140625,169.91009521484375,170.1199951171875,141618,SPCX
2026-06-30 12:28:00,170.1199951171875,170.17999267578125,170.02000427246094,170.17999267578125,64511,SPCX
2026-06-30 12:29:00,170.13999938964844,170.25,170.0399932861328,170.04010009765625,70354,SPCX
2026-06-30 12:30:00,170.07000732421875,170.1300048828125,169.97000122070312,170.09500122070312,109796,SPCX
2026-06-30 12:31:00,170.10000610351562,170.69000244140625,170.09500122070312,170.18499755859375,145353,SPCX
2026-06-30 12:32:00,170.1999969482422,170.7899932861328,170.1999969482422,170.5850067138672,128357,SPCX
2026-06-30 12:33:00,170.5800018310547,170.8800048828125,170.4499969482422,170.83999633789062,95162,SPCX
2026-06-30 12:34:00,170.83999633789062,171.08999633789062,170.7200927734375,171.0299072265625,156853,SPCX
2026-06-30 12:35:00,171.07000732421875,171.35000610351562,170.5500946044922,171.05999755859375,481286,SPCX
2026-06-30 12:36:00,171.08999633789062,171.5093994140625,171.04010009765625,171.2899932861328,140025,SPCX
2026-06-30 12:37:00,171.3000030517578,171.40699768066406,170.80999755859375,171.05499267578125,89173,SPCX
2026-06-30 12:38:00,171.0449981689453,171.0449981689453,170.52999877929688,170.77000427246094,89885,SPCX
2026-06-30 12:39:00,170.80999755859375,170.92999267578125,170.4499969482422,170.55499267578125,142097,SPCX
2026-06-30 12:40:00,170.5399932861328,170.97999572753906,170.5399932861328,170.94500732421875,76711,SPCX
2026-06-30 12:41:00,170.9499969482422,171.0,170.79220581054688,170.92999267578125,75271,SPCX
2026-06-30 12:42:00,170.90719604492188,170.9600067138672,170.72999572753906,170.8000030517578,60135,SPCX
2026-06-30 12:43:00,170.8000030517578,170.89999389648438,170.6649932861328,170.6750030517578,85433,SPCX
2026-06-30 12:44:00,170.6699981689453,170.94000244140625,170.6699981689453,170.94000244140625,59452,SPCX
2026-06-30 12:45:00,170.97000122070312,170.97999572753906,170.8000946044922,170.8699951171875,77135,SPCX
2026-06-30 12:46:00,170.86500549316406,170.97999572753906,170.77000427246094,170.97999572753906,799437,SPCX
2026-06-30 12:47:00,171.0,171.25,170.9600067138672,170.97999572753906,151244,SPCX
2026-06-30 12:48:00,171.00999450683594,171.00999450683594,170.8300018310547,170.9199981689453,120510,SPCX
2026-06-30 12:49:00,170.91000366210938,171.14999389648438,170.8800048828125,170.9949951171875,91683,SPCX
2026-06-30 12:50:00,171.02499389648438,171.03970336914062,170.52999877929688,170.85499572753906,94900,SPCX
2026-06-30 12:51:00,170.8800048828125,171.02000427246094,170.82000732421875,171.00999450683594,76861,SPCX
2026-06-30 12:52:00,170.97999572753906,171.0399932861328,170.8350067138672,171.0,75736,SPCX
2026-06-30 12:53:00,170.9499969482422,171.0583038330078,170.63999938964844,170.8249969482422,142840,SPCX
2026-06-30 12:54:00,170.80499267578125,170.85000610351562,170.27999877929688,170.67999267578125,150087,SPCX
2026-06-30 12:55:00,170.67999267578125,170.67999267578125,170.0399932861328,170.19000244140625,109162,SPCX
2026-06-30 12:56:00,170.14649963378906,170.38999938964844,170.1199951171875,170.25,56781,SPCX
2026-06-30 12:57:00,170.2449951171875,170.30990600585938,170.1501007080078,170.30990600585938,78999,SPCX
2026-06-30 12:58:00,170.25999450683594,170.25999450683594,169.91000366210938,170.14500427246094,115680,SPCX
2026-06-30 12:59:00,170.14999389648438,170.339599609375,170.02099609375,170.08999633789062,169230,SPCX
2026-06-30 13:00:00,170.08999633789062,170.10499572753906,169.49000549316406,169.69000244140625,189419,SPCX
2026-06-30 13:01:00,169.7050018310547,169.75999450683594,169.10000610351562,169.1649932861328,206668,SPCX
2026-06-30 13:02:00,169.1649932861328,169.61000061035156,169.110107421875,169.42999267578125,118438,SPCX
2026-06-30 13:03:00,169.42999267578125,169.55999755859375,169.02000427246094,169.2449951171875,159357,SPCX
2026-06-30 13:04:00,169.26629638671875,169.35000610351562,169.16000366210938,169.21499633789062,86117,SPCX
2026-06-30 13:05:00,169.21499633789062,169.23280334472656,168.72500610351562,168.8800048828125,210381,SPCX
2026-06-30 13:06:00,168.8800048828125,168.9600067138672,168.52000427246094,168.8800048828125,159011,SPCX
2026-06-30 13:07:00,168.89999389648438,169.22999572753906,168.86000061035156,168.94500732421875,192429,SPCX
2026-06-30 13:08:00,168.94500732421875,169.10000610351562,168.72999572753906,168.8249969482422,147719,SPCX
2026-06-30 13:09:00,168.8300018310547,168.86000061035156,168.17999267578125,168.23080444335938,203269,SPCX
2026-06-30 13:10:00,168.21499633789062,169.1199951171875,168.16000366210938,169.0402069091797,138270,SPCX
2026-06-30 13:11:00,169.02999877929688,169.35000610351562,168.91000366210938,169.29840087890625,133294,SPCX
2026-06-30 13:12:00,169.30999755859375,169.35000610351562,169.0800018310547,169.0800018310547,84161,SPCX
2026-06-30 13:13:00,169.08140563964844,169.13400268554688,168.8300018310547,168.85000610351562,69985,SPCX
2026-06-30 13:14:00,168.8300018310547,169.02999877929688,168.8300018310547,169.0,59461,SPCX
2026-06-30 13:15:00,169.0,169.73500061035156,168.9490966796875,169.63999938964844,128794,SPCX
2026-06-30 13:16:00,169.63999938964844,169.72000122070312,169.44000244140625,169.6199951171875,121886,SPCX
2026-06-30 13:17:00,169.64999389648438,169.85000610351562,169.61000061035156,169.83999633789062,73359,SPCX
2026-06-30 13:18:00,169.84500122070312,169.94000244140625,169.72000122070312,169.9250030517578,65485,SPCX
2026-06-30 13:19:00,169.9250030517578,170.27000427246094,169.8800048828125,170.0,165502,SPCX
2026-06-30 13:20:00,170.0,170.64999389648438,170.0,170.38999938964844,150041,SPCX
2026-06-30 13:21:00,170.3699951171875,170.72999572753906,170.36000061035156,170.58990478515625,98782,SPCX
2026-06-30 13:22:00,170.55499267578125,170.75999450683594,170.49020385742188,170.55499267578125,94537,SPCX
2026-06-30 13:23:00,170.55499267578125,170.6300048828125,170.15499877929688,170.3800048828125,175754,SPCX
2026-06-30 13:24:00,170.36900329589844,170.44000244140625,170.05999755859375,170.10000610351562,115247,SPCX
2026-06-30 13:25:00,170.05999755859375,170.08999633789062,169.7100067138672,169.81500244140625,108203,SPCX
2026-06-30 13:26:00,169.7899932861328,170.19000244140625,169.75,170.01010131835938,101322,SPCX
2026-06-30 13:27:00,169.9949951171875,170.14999389648438,169.8800048828125,170.0399932861328,79665,SPCX
2026-06-30 13:28:00,170.0399932861328,170.0399932861328,169.85000610351562,169.90499877929688,86101,SPCX
2026-06-30 13:29:00,169.91000366210938,169.9499969482422,169.5,169.92999267578125,120064,SPCX
2026-06-30 13:30:00,169.9250030517578,170.0500030517578,169.6999969482422,169.89500427246094,93376,SPCX
2026-06-30 13:31:00,169.92999267578125,170.14999389648438,169.63999938964844,169.63999938964844,128009,SPCX
2026-06-30 13:32:00,169.63999938964844,169.8000030517578,169.50999450683594,169.67999267578125,531979,SPCX
2026-06-30 13:33:00,169.72000122070312,169.92999267578125,169.67999267578125,169.74000549316406,121508,SPCX
2026-06-30 13:34:00,169.77999877929688,169.8000030517578,169.57000732421875,169.71499633789062,76875,SPCX
2026-06-30 13:35:00,169.6999969482422,169.7899932861328,169.47019958496094,169.76699829101562,107764,SPCX
2026-06-30 13:36:00,169.77000427246094,169.91000366210938,169.44000244140625,169.59500122070312,235044,SPCX
2026-06-30 13:37:00,169.59500122070312,169.94000244140625,169.5,169.94000244140625,99237,SPCX
2026-06-30 13:38:00,169.94000244140625,170.3199005126953,169.88999938964844,170.25,140020,SPCX
2026-06-30 13:39:00,170.24000549316406,170.32000732421875,169.8800048828125,169.9600067138672,107738,SPCX
2026-06-30 13:40:00,169.99000549316406,170.17999267578125,169.8800048828125,170.17999267578125,73488,SPCX
2026-06-30 13:41:00,170.17999267578125,170.19000244140625,169.87660217285156,169.97999572753906,96734,SPCX
2026-06-30 13:42:00,169.94500732421875,170.22000122070312,169.89999389648438,170.16000366210938,120589,SPCX
2026-06-30 13:43:00,170.16000366210938,170.44000244140625,170.14999389648438,170.32000732421875,88599,SPCX
2026-06-30 13:44:00,170.30999755859375,170.35000610351562,170.17010498046875,170.2899932861328,98463,SPCX
2026-06-30 13:45:00,170.32000732421875,170.33999633789062,169.72999572753906,170.05499267578125,143607,SPCX
2026-06-30 13:46:00,170.0800018310547,170.17999267578125,169.92999267578125,170.08999633789062,88666,SPCX
2026-06-30 13:47:00,170.10499572753906,170.17999267578125,169.89999389648438,170.02000427246094,136915,SPCX
2026-06-30 13:48:00,170.0500030517578,170.1999969482422,169.9199981689453,169.98179626464844,74036,SPCX
2026-06-30 13:49:00,170.0,170.11000061035156,169.75,169.99000549316406,91252,SPCX
2026-06-30 13:50:00,170.00999450683594,170.32000732421875,170.00999450683594,170.13999938964844,144835,SPCX
2026-06-30 13:51:00,170.11000061035156,170.16000366210938,169.91099548339844,169.96499633789062,80691,SPCX
2026-06-30 13:52:00,169.97999572753906,170.16000366210938,169.89999389648438,170.0,127726,SPCX
2026-06-30 13:53:00,169.99000549316406,170.0,169.6300048828125,169.9499969482422,406756,SPCX
2026-06-30 13:54:00,169.9499969482422,170.3800048828125,169.91000366210938,170.3699951171875,179678,SPCX
2026-06-30 13:55:00,170.36000061035156,170.38999938964844,170.25999450683594,170.38999938964844,81562,SPCX
2026-06-30 13:56:00,170.38999938964844,170.6999053955078,170.38499450683594,170.64999389648438,82898,SPCX
2026-06-30 13:57:00,170.6678009033203,170.75,170.57009887695312,170.66000366210938,110167,SPCX
2026-06-30 13:58:00,170.6699981689453,170.85000610351562,170.50999450683594,170.75,77642,SPCX
2026-06-30 13:59:00,170.72999572753906,170.85000610351562,170.35009765625,170.74000549316406,98903,SPCX
2026-06-30 14:00:00,170.74000549316406,170.97000122070312,170.5500030517578,170.57119750976562,143263,SPCX
2026-06-30 14:01:00,170.57000732421875,170.6999969482422,170.39999389648438,170.69000244140625,53857,SPCX
2026-06-30 14:02:00,170.7100067138672,170.94000244140625,170.64999389648438,170.94000244140625,89906,SPCX
2026-06-30 14:03:00,170.94000244140625,171.22970581054688,170.76150512695312,170.86000061035156,278399,SPCX
2026-06-30 14:04:00,170.8699951171875,170.8699951171875,170.2808074951172,170.4600067138672,98160,SPCX
2026-06-30 14:05:00,170.470703125,170.5399932861328,170.0500030517578,170.25,87150,SPCX
2026-06-30 14:06:00,170.35000610351562,170.3990020751953,169.5800018310547,169.72000122070312,145539,SPCX
2026-06-30 14:07:00,169.7100067138672,169.93870544433594,169.6999969482422,169.85000610351562,103474,SPCX
2026-06-30 14:08:00,169.86000061035156,169.86000061035156,169.4600067138672,169.72999572753906,101658,SPCX
2026-06-30 14:09:00,169.77999877929688,169.97000122070312,169.72999572753906,169.7550048828125,77844,SPCX
2026-06-30 14:10:00,169.7550048828125,169.8800048828125,169.71009826660156,169.8699951171875,66389,SPCX
2026-06-30 14:11:00,169.88999938964844,169.9499969482422,169.8000030517578,169.8000946044922,109903,SPCX
2026-06-30 14:12:00,169.84500122070312,169.8800048828125,169.42999267578125,169.625,147154,SPCX
2026-06-30 14:13:00,169.625,169.85000610351562,169.52999877929688,169.6999969482422,144468,SPCX
2026-06-30 14:14:00,169.64500427246094,169.75999450683594,169.60000610351562,169.64500427246094,51845,SPCX
2026-06-30 14:15:00,169.64500427246094,169.67999267578125,169.47000122070312,169.60000610351562,101969,SPCX
2026-06-30 14:16:00,169.60000610351562,170.0800018310547,169.57000732421875,169.94000244140625,1610645,SPCX
2026-06-30 14:17:00,169.92999267578125,169.92999267578125,169.66000366210938,169.75,75317,SPCX
2026-06-30 14:18:00,169.72000122070312,169.82000732421875,169.63999938964844,169.7458953857422,63450,SPCX
2026-06-30 14:19:00,169.72500610351562,169.83999633789062,169.6999969482422,169.72999572753906,58596,SPCX
2026-06-30 14:20:00,169.72999572753906,169.7899932861328,169.6199951171875,169.75999450683594,75351,SPCX
2026-06-30 14:21:00,169.8000030517578,169.94000244140625,169.64999389648438,169.7899932861328,95571,SPCX
2026-06-30 14:22:00,169.7899932861328,169.97999572753906,169.77000427246094,169.77999877929688,74907,SPCX
2026-06-30 14:23:00,169.7949981689453,169.8699951171875,169.75,169.77139282226562,62963,SPCX
2026-06-30 14:24:00,169.75,169.7707061767578,169.3502960205078,169.47000122070312,95552,SPCX
2026-06-30 14:25:00,169.51499938964844,169.5500030517578,169.0500030517578,169.25999450683594,119316,SPCX
2026-06-30 14:26:00,169.25999450683594,169.38999938964844,169.08999633789062,169.08999633789062,93416,SPCX
2026-06-30 14:27:00,169.08999633789062,169.22000122070312,168.9600067138672,169.08999633789062,132091,SPCX
2026-06-30 14:28:00,169.1300048828125,169.16000366210938,168.85000610351562,168.85000610351562,81389,SPCX
2026-06-30 14:29:00,168.85000610351562,169.0500030517578,168.77999877929688,169.0,76535,SPCX
2026-06-30 14:30:00,168.9967041015625,169.1750030517578,168.8699951171875,169.13009643554688,107534,SPCX
2026-06-30 14:31:00,169.1300048828125,169.42999267578125,169.0800018310547,169.4199981689453,117689,SPCX
2026-06-30 14:32:00,169.4199981689453,169.44000244140625,169.22999572753906,169.3699951171875,65889,SPCX
2026-06-30 14:33:00,169.36000061035156,169.47999572753906,169.25999450683594,169.41000366210938,78010,SPCX
2026-06-30 14:34:00,169.41000366210938,169.67970275878906,169.3000030517578,169.63999938964844,83419,SPCX
2026-06-30 14:35:00,169.63999938964844,169.8699951171875,169.60000610351562,169.72500610351562,91834,SPCX
2026-06-30 14:36:00,169.7274932861328,169.77000427246094,169.49000549316406,169.55999755859375,80346,SPCX
2026-06-30 14:37:00,169.52499389648438,169.61000061035156,169.34010314941406,169.61000061035156,70847,SPCX
2026-06-30 14:38:00,169.5800018310547,169.64999389648438,169.52000427246094,169.6199951171875,92496,SPCX
2026-06-30 14:39:00,169.61000061035156,169.9499969482422,169.57000732421875,169.9499969482422,102580,SPCX
2026-06-30 14:40:00,169.91000366210938,169.94000244140625,169.75999450683594,169.85000610351562,77596,SPCX
2026-06-30 14:41:00,169.83999633789062,169.9499969482422,169.8300018310547,169.8300018310547,85707,SPCX
2026-06-30 14:42:00,169.82000732421875,169.83999633789062,169.39999389648438,169.63499450683594,107057,SPCX
2026-06-30 14:43:00,169.66990661621094,169.74000549316406,169.52999877929688,169.53500366210938,76002,SPCX
2026-06-30 14:44:00,169.53500366210938,169.91000366210938,169.53500366210938,169.7301025390625,107003,SPCX
2026-06-30 14:45:00,169.77000427246094,169.89999389648438,169.75999450683594,169.89999389648438,87346,SPCX
2026-06-30 14:46:00,169.89999389648438,169.97000122070312,169.86500549316406,169.9698944091797,69173,SPCX
2026-06-30 14:47:00,169.968994140625,170.0500030517578,169.6300048828125,169.77940368652344,151032,SPCX
2026-06-30 14:48:00,169.75999450683594,170.0,169.5399932861328,169.5449981689453,84363,SPCX
2026-06-30 14:49:00,169.53500366210938,169.77999877929688,169.52000427246094,169.72500610351562,55575,SPCX
2026-06-30 14:50:00,169.77999877929688,170.0399932861328,169.7550048828125,169.92999267578125,83999,SPCX
2026-06-30 14:51:00,169.9499969482422,169.9600067138672,169.81199645996094,169.85009765625,78630,SPCX
2026-06-30 14:52:00,169.8699951171875,170.11000061035156,169.85000610351562,170.0500946044922,118970,SPCX
2026-06-30 14:53:00,170.10000610351562,170.10000610351562,169.9199981689453,169.9600067138672,91910,SPCX
2026-06-30 14:54:00,169.94000244140625,170.0,169.85009765625,169.9149932861328,65758,SPCX
2026-06-30 14:55:00,169.9149932861328,169.97999572753906,169.88999938964844,169.92999267578125,84434,SPCX
2026-06-30 14:56:00,169.9499969482422,170.39999389648438,169.92999267578125,170.35000610351562,160053,SPCX
2026-06-30 14:57:00,170.30999755859375,170.36500549316406,169.66009521484375,169.88999938964844,160962,SPCX
2026-06-30 14:58:00,169.90499877929688,170.13999938964844,169.86000061035156,170.0500030517578,99843,SPCX
2026-06-30 14:59:00,170.0399932861328,170.10000610351562,169.91009521484375,170.05499267578125,118472,SPCX
2026-06-30 15:00:00,170.0800018310547,170.10000610351562,169.89999389648438,170.0,157312,SPCX
2026-06-30 15:01:00,170.0399932861328,170.10000610351562,169.8800048828125,170.0800018310547,83641,SPCX
2026-06-30 15:02:00,170.0800018310547,170.10000610351562,169.89999389648438,170.01499938964844,99834,SPCX
2026-06-30 15:03:00,170.01499938964844,170.08999633789062,169.58999633789062,169.69500732421875,155183,SPCX
2026-06-30 15:04:00,169.69500732421875,169.82000732421875,169.44000244140625,169.5449981689453,126661,SPCX
2026-06-30 15:05:00,169.5500030517578,169.61000061035156,169.36000061035156,169.58999633789062,81675,SPCX
2026-06-30 15:06:00,169.58999633789062,169.6699981689453,169.47000122070312,169.5500030517578,99831,SPCX
2026-06-30 15:07:00,169.5500030517578,169.74000549316406,169.47000122070312,169.6544952392578,134704,SPCX
2026-06-30 15:08:00,169.6750030517578,169.86000061035156,169.60000610351562,169.8350067138672,70512,SPCX
2026-06-30 15:09:00,169.85000610351562,170.27999877929688,169.75999450683594,169.97999572753906,155346,SPCX
2026-06-30 15:10:00,169.9600067138672,170.07000732421875,169.7100067138672,169.83999633789062,104420,SPCX
2026-06-30 15:11:00,169.83999633789062,170.36000061035156,169.83999633789062,170.2899932861328,174357,SPCX
2026-06-30 15:12:00,170.3000030517578,170.6999969482422,170.25999450683594,170.6999053955078,167466,SPCX
2026-06-30 15:13:00,170.67999267578125,170.83999633789062,170.55999755859375,170.7100067138672,169740,SPCX
2026-06-30 15:14:00,170.6699981689453,170.8300018310547,170.50999450683594,170.78500366210938,118814,SPCX
2026-06-30 15:15:00,170.77999877929688,170.82000732421875,170.5800018310547,170.76499938964844,99550,SPCX
2026-06-30 15:16:00,170.76499938964844,171.10000610351562,170.75999450683594,171.0050048828125,179722,SPCX
2026-06-30 15:17:00,171.0050048828125,171.33999633789062,170.92999267578125,171.11500549316406,169279,SPCX
2026-06-30 15:18:00,171.11500549316406,171.69000244140625,171.11000061035156,171.6199951171875,308657,SPCX
2026-06-30 15:19:00,171.625,171.64999389648438,170.94000244140625,171.1199951171875,184125,SPCX
2026-06-30 15:20:00,171.11000061035156,171.25999450683594,170.88999938964844,171.09500122070312,137380,SPCX
2026-06-30 15:21:00,171.11000061035156,171.2899932861328,170.97999572753906,171.07029724121094,152897,SPCX
2026-06-30 15:22:00,171.05999755859375,171.14999389648438,170.85000610351562,171.09500122070312,222220,SPCX
2026-06-30 15:23:00,171.09500122070312,171.30999755859375,170.99000549316406,171.0800018310547,157994,SPCX
2026-06-30 15:24:00,171.11990356445312,171.2799072265625,171.02999877929688,171.0800018310547,162407,SPCX
2026-06-30 15:25:00,171.06500244140625,171.14999389648438,171.02999877929688,171.08999633789062,108897,SPCX
2026-06-30 15:26:00,171.08999633789062,171.25,170.70579528808594,171.0399932861328,178983,SPCX
2026-06-30 15:27:00,171.0399932861328,171.24000549316406,170.67999267578125,170.89999389648438,280890,SPCX
2026-06-30 15:28:00,170.9199981689453,170.92999267578125,170.5500030517578,170.73899841308594,123346,SPCX
2026-06-30 15:29:00,170.74000549316406,171.27999877929688,170.6699981689453,171.23500061035156,124004,SPCX
2026-06-30 15:30:00,171.25,171.4593963623047,171.19000244140625,171.36000061035156,173240,SPCX
2026-06-30 15:31:00,171.30999755859375,171.35000610351562,171.11000061035156,171.1649932861328,78917,SPCX
2026-06-30 15:32:00,171.1649932861328,171.1649932861328,170.80999755859375,170.86000061035156,87358,SPCX
2026-06-30 15:33:00,170.86000061035156,170.99000549316406,170.75999450683594,170.76499938964844,73643,SPCX
2026-06-30 15:34:00,170.77999877929688,170.83999633789062,170.52000427246094,170.75,82463,SPCX
2026-06-30 15:35:00,170.75,170.9199981689453,170.7100067138672,170.77999877929688,96669,SPCX
2026-06-30 15:36:00,170.77999877929688,170.9499969482422,170.1699981689453,170.38999938964844,268387,SPCX
2026-06-30 15:37:00,170.3428955078125,170.60000610351562,170.00999450683594,170.22999572753906,243544,SPCX
2026-06-30 15:38:00,170.22000122070312,170.49000549316406,170.10000610351562,170.4499969482422,80192,SPCX
2026-06-30 15:39:00,170.49000549316406,170.58999633789062,170.35000610351562,170.55499267578125,106979,SPCX
2026-06-30 15:40:00,170.58999633789062,170.6699981689453,170.25,170.32000732421875,170191,SPCX
2026-06-30 15:41:00,170.33999633789062,170.64999389648438,170.22999572753906,170.5800018310547,201004,SPCX
2026-06-30 15:42:00,170.61000061035156,170.69000244140625,170.32000732421875,170.36000061035156,152765,SPCX
2026-06-30 15:43:00,170.3800048828125,170.5399932861328,170.11000061035156,170.52499389648438,131206,SPCX
2026-06-30 15:44:00,170.52499389648438,170.8000030517578,170.2899932861328,170.52569580078125,148902,SPCX
2026-06-30 15:45:00,170.55999755859375,171.0,170.50010681152344,170.83999633789062,145580,SPCX
2026-06-30 15:46:00,170.8249969482422,171.10989379882812,170.63999938964844,171.05499267578125,121636,SPCX
2026-06-30 15:47:00,171.05499267578125,171.35000610351562,170.97999572753906,171.30999755859375,107522,SPCX
2026-06-30 15:48:00,171.25999450683594,171.4499969482422,171.14999389648438,171.3249969482422,116675,SPCX
2026-06-30 15:49:00,171.3300018310547,171.73989868164062,171.27999877929688,171.69000244140625,241246,SPCX
2026-06-30 15:50:00,171.69000244140625,171.7050018310547,170.8000030517578,170.94000244140625,235668,SPCX
2026-06-30 15:51:00,170.89999389648438,171.08999633789062,170.3800048828125,170.6649932861328,185084,SPCX
2026-06-30 15:52:00,170.64999389648438,170.6699981689453,170.19000244140625,170.47999572753906,183303,SPCX
2026-06-30 15:53:00,170.47999572753906,170.58999633789062,170.1999969482422,170.33999633789062,194466,SPCX
2026-06-30 15:54:00,170.32000732421875,170.64999389648438,170.13999938964844,170.35000610351562,282647,SPCX
2026-06-30 15:55:00,170.35000610351562,171.24000549316406,170.34500122070312,170.50999450683594,390909,SPCX
2026-06-30 15:56:00,170.48500061035156,170.49000549316406,170.30999755859375,170.3800048828125,267892,SPCX
2026-06-30 15:57:00,170.38999938964844,170.74000549316406,170.3800048828125,170.71499633789062,279984,SPCX
2026-06-30 15:58:00,170.75,171.00999450683594,170.39999389648438,170.97999572753906,664649,SPCX
2026-06-30 15:59:00,170.97999572753906,171.02000427246094,170.67999267578125,170.71949768066406,849963,SPCX
2026-07-01 09:30:00,171.56500244140625,171.74000549316406,167.13999938964844,168.57000732421875,7450707,SPCX
2026-07-01 09:31:00,168.69000244140625,170.6199951171875,168.66000366210938,169.44000244140625,369658,SPCX
2026-07-01 09:32:00,169.58999633789062,169.77000427246094,167.60000610351562,168.00999450683594,453720,SPCX
2026-07-01 09:33:00,168.00999450683594,168.02999877929688,167.3800048828125,167.88999938964844,322637,SPCX
2026-07-01 09:34:00,167.91000366210938,168.41990661621094,167.1999969482422,167.289306640625,232122,SPCX
2026-07-01 09:35:00,167.30999755859375,167.6427001953125,166.55999755859375,166.57000732421875,373835,SPCX
2026-07-01 09:36:00,166.61000061035156,166.8800048828125,165.3000030517578,166.11990356445312,557348,SPCX
2026-07-01 09:37:00,166.05999755859375,167.0500030517578,166.05999755859375,166.6199951171875,354225,SPCX
2026-07-01 09:38:00,166.6999969482422,166.7100067138672,165.66000366210938,165.82000732421875,314247,SPCX
2026-07-01 09:39:00,165.88499450683594,166.14990234375,164.86000061035156,165.02999877929688,588098,SPCX
2026-07-01 09:40:00,165.0,165.5399932861328,164.80999755859375,165.26019287109375,379413,SPCX
2026-07-01 09:41:00,165.25999450683594,165.35000610351562,164.38999938964844,165.03500366210938,439790,SPCX
2026-07-01 09:42:00,165.0,165.0500030517578,163.6699981689453,164.05999755859375,597895,SPCX
2026-07-01 09:43:00,164.05999755859375,164.41900634765625,163.5200958251953,163.9600067138672,385343,SPCX
2026-07-01 09:44:00,163.9499969482422,164.22999572753906,163.67010498046875,163.89999389648438,355427,SPCX
2026-07-01 09:45:00,163.8000030517578,164.8000030517578,163.6199951171875,164.4698944091797,430646,SPCX
2026-07-01 09:46:00,164.38999938964844,165.0,164.0,164.3249969482422,416620,SPCX
2026-07-01 09:47:00,164.35000610351562,165.0,164.26499938964844,164.72500610351562,268342,SPCX
2026-07-01 09:48:00,164.6999969482422,165.19000244140625,164.3000030517578,164.85000610351562,298508,SPCX
2026-07-01 09:49:00,164.86000061035156,165.24000549316406,164.60009765625,165.0500030517578,252724,SPCX
2026-07-01 09:50:00,165.07000732421875,165.22000122070312,164.20010375976562,164.30999755859375,365947,SPCX
2026-07-01 09:51:00,164.30999755859375,164.3489990234375,163.36000061035156,164.03500366210938,536974,SPCX
2026-07-01 09:52:00,164.03500366210938,164.5800018310547,163.83999633789062,164.375,237222,SPCX
2026-07-01 09:53:00,164.41900634765625,164.4499969482422,162.58999633789062,162.97500610351562,588120,SPCX
2026-07-01 09:54:00,162.98519897460938,163.67999267578125,162.83999633789062,163.5800018310547,265702,SPCX
2026-07-01 09:55:00,163.6199951171875,163.9781036376953,163.3800048828125,163.44500732421875,214819,SPCX
2026-07-01 09:56:00,163.49000549316406,163.89990234375,163.3802032470703,163.66000366210938,194624,SPCX
2026-07-01 09:57:00,163.69000244140625,163.6999969482422,162.8300018310547,163.05999755859375,261124,SPCX
2026-07-01 09:58:00,163.0399932861328,163.0399932861328,162.49899291992188,162.70010375976562,329020,SPCX
2026-07-01 09:59:00,162.6999969482422,163.05999755859375,162.55999755859375,162.7050018310547,284227,SPCX
2026-07-01 10:00:00,162.74000549316406,163.33999633789062,162.3603057861328,162.36500549316406,390398,SPCX
2026-07-01 10:01:00,162.33999633789062,162.63999938964844,161.55999755859375,161.58990478515625,572956,SPCX
2026-07-01 10:02:00,161.56520080566406,162.0,160.74000549316406,160.85000610351562,803574,SPCX
2026-07-01 10:03:00,160.86000061035156,161.8800048828125,160.85000610351562,161.7899932861328,446738,SPCX
2026-07-01 10:04:00,161.86000061035156,162.37989807128906,161.36000061035156,162.2899932861328,397145,SPCX
2026-07-01 10:05:00,162.2899932861328,162.39999389648438,161.7100067138672,162.08999633789062,304885,SPCX
2026-07-01 10:06:00,162.1298065185547,162.39999389648438,161.72000122070312,162.27499389648438,262014,SPCX
2026-07-01 10:07:00,162.27999877929688,162.58999633789062,161.99000549316406,162.30999755859375,181026,SPCX
2026-07-01 10:08:00,162.31500244140625,162.6699981689453,162.0,162.61000061035156,228921,SPCX
2026-07-01 10:09:00,162.63999938964844,163.14999389648438,162.6300048828125,162.97999572753906,274569,SPCX
2026-07-01 10:10:00,162.92999267578125,163.10000610351562,162.25999450683594,162.62989807128906,226561,SPCX
2026-07-01 10:11:00,162.6300048828125,162.64999389648438,162.07000732421875,162.4499969482422,186323,SPCX
2026-07-01 10:12:00,162.41000366210938,162.4499969482422,161.6300048828125,161.64999389648438,306203,SPCX
2026-07-01 10:13:00,161.6999969482422,162.13999938964844,161.11000061035156,161.9149932861328,702703,SPCX
2026-07-01 10:14:00,161.97500610351562,162.0886993408203,161.14999389648438,161.22500610351562,270579,SPCX
2026-07-01 10:15:00,161.22999572753906,161.5,160.86000061035156,160.97999572753906,324159,SPCX
2026-07-01 10:16:00,160.98989868164062,161.94000244140625,160.92999267578125,161.88999938964844,238149,SPCX
2026-07-01 10:17:00,161.875,161.97999572753906,161.5,161.60000610351562,241780,SPCX
2026-07-01 10:18:00,161.5749969482422,161.6981964111328,161.5,161.6750030517578,167067,SPCX
2026-07-01 10:19:00,161.68499755859375,162.52000427246094,161.47999572753906,162.35000610351562,213639,SPCX
2026-07-01 10:20:00,162.38229370117188,162.5699005126953,162.02999877929688,162.13999938964844,258741,SPCX
2026-07-01 10:21:00,162.18499755859375,163.10000610351562,162.16000366210938,163.07000732421875,308640,SPCX
2026-07-01 10:22:00,163.09500122070312,163.5,163.0601043701172,163.3350067138672,285280,SPCX
2026-07-01 10:23:00,163.32000732421875,163.47000122070312,162.57000732421875,163.02000427246094,251510,SPCX
2026-07-01 10:24:00,163.03939819335938,163.4398956298828,162.72000122070312,163.22000122070312,818936,SPCX
2026-07-01 10:25:00,163.1999969482422,163.4499969482422,163.02999877929688,163.1300048828125,174678,SPCX
2026-07-01 10:26:00,163.14939880371094,163.25999450683594,162.5800018310547,162.60000610351562,145377,SPCX
2026-07-01 10:27:00,162.60499572753906,163.0489959716797,162.44000244140625,162.76010131835938,146560,SPCX
2026-07-01 10:28:00,162.77810668945312,163.1999969482422,162.6999969482422,162.81500244140625,140181,SPCX
2026-07-01 10:29:00,162.8144989013672,162.97999572753906,161.89999389648438,162.0399932861328,258596,SPCX
2026-07-01 10:30:00,162.0500030517578,162.14999389648438,161.36000061035156,161.4499969482422,264022,SPCX
2026-07-01 10:31:00,161.44000244140625,161.69000244140625,160.61000061035156,160.65060424804688,424217,SPCX
2026-07-01 10:32:00,160.6750030517578,160.75,158.80999755859375,158.9199981689453,1501010,SPCX
2026-07-01 10:33:00,159.0,159.17990112304688,158.5,159.16000366210938,465997,SPCX
2026-07-01 10:34:00,159.1199951171875,159.4199981689453,158.72999572753906,159.05999755859375,390422,SPCX
2026-07-01 10:35:00,159.0749969482422,159.22000122070312,158.7100067138672,159.1300048828125,312822,SPCX
2026-07-01 10:36:00,159.17999267578125,159.80999755859375,159.11000061035156,159.75999450683594,264288,SPCX
2026-07-01 10:37:00,159.79989624023438,160.0050048828125,159.63999938964844,159.77000427246094,314501,SPCX
2026-07-01 10:38:00,159.7899932861328,160.44000244140625,159.66000366210938,160.1699981689453,241607,SPCX
2026-07-01 10:39:00,160.1750030517578,160.63999938964844,159.9425048828125,160.5800018310547,229115,SPCX
2026-07-01 10:40:00,160.6300048828125,160.768798828125,160.10000610351562,160.31500244140625,252375,SPCX
2026-07-01 10:41:00,160.36000061035156,160.7550048828125,160.23500061035156,160.24850463867188,238773,SPCX
2026-07-01 10:42:00,160.25,160.72999572753906,159.97999572753906,160.6300048828125,246288,SPCX
2026-07-01 10:43:00,160.6300048828125,160.66990661621094,159.9600067138672,160.4949951171875,211616,SPCX
2026-07-01 10:44:00,160.4949951171875,160.5699005126953,160.0883026123047,160.24000549316406,149183,SPCX
2026-07-01 10:45:00,160.27000427246094,160.27000427246094,159.55999755859375,159.74000549316406,293536,SPCX
2026-07-01 10:46:00,159.69000244140625,159.81629943847656,159.360107421875,159.72999572753906,287079,SPCX
2026-07-01 10:47:00,159.77000427246094,160.35000610351562,159.7169952392578,160.0800018310547,212360,SPCX
2026-07-01 10:48:00,160.0850067138672,160.2899932861328,159.9199981689453,160.22999572753906,153060,SPCX
2026-07-01 10:49:00,160.21499633789062,160.47000122070312,160.2100067138672,160.4149932861328,152626,SPCX
2026-07-01 10:50:00,160.4499969482422,160.97999572753906,160.3800048828125,160.90829467773438,240847,SPCX
2026-07-01 10:51:00,160.91000366210938,160.9600067138672,160.51499938964844,160.62010192871094,164773,SPCX
2026-07-01 10:52:00,160.6580047607422,160.67799377441406,160.1750030517578,160.25,166338,SPCX
2026-07-01 10:53:00,160.25990295410156,160.69979858398438,160.14999389648438,160.38009643554688,199239,SPCX
2026-07-01 10:54:00,160.3300018310547,160.56500244140625,160.1199951171875,160.52000427246094,200090,SPCX
2026-07-01 10:55:00,160.55999755859375,160.625,160.08009338378906,160.13999938964844,155742,SPCX
2026-07-01 10:56:00,160.13999938964844,160.4600067138672,159.83999633789062,160.28500366210938,228415,SPCX
2026-07-01 10:57:00,160.3000030517578,160.3000030517578,159.9199981689453,159.94000244140625,161601,SPCX
2026-07-01 10:58:00,159.94639587402344,160.11990356445312,159.16000366210938,159.43499755859375,225945,SPCX
2026-07-01 10:59:00,159.42999267578125,160.02000427246094,159.38499450683594,159.83990478515625,188108,SPCX
2026-07-01 11:00:00,159.7949981689453,160.17999267578125,159.74000549316406,160.17999267578125,158902,SPCX
2026-07-01 11:01:00,160.14999389648438,160.4600067138672,160.0050048828125,160.36000061035156,137512,SPCX
2026-07-01 11:02:00,160.36000061035156,160.5,159.99000549316406,160.3300018310547,142973,SPCX
2026-07-01 11:03:00,160.3000030517578,160.75,160.22999572753906,160.710205078125,172679,SPCX
2026-07-01 11:04:00,160.69000244140625,161.02000427246094,160.52000427246094,160.75,226782,SPCX
2026-07-01 11:05:00,160.75999450683594,161.25,160.5,161.13009643554688,234004,SPCX
2026-07-01 11:06:00,161.15499877929688,161.15499877929688,159.75999450683594,159.75999450683594,289446,SPCX
2026-07-01 11:07:00,159.77000427246094,159.89999389648438,159.67999267578125,159.7100067138672,221484,SPCX
2026-07-01 11:08:00,159.7100067138672,159.86000061035156,159.52000427246094,159.52999877929688,179351,SPCX
2026-07-01 11:09:00,159.50999450683594,159.52000427246094,159.10000610351562,159.44000244140625,251065,SPCX
2026-07-01 11:10:00,159.4250030517578,159.91000366210938,159.1999969482422,159.91000366210938,201653,SPCX
2026-07-01 11:11:00,159.9199981689453,160.0,159.55999755859375,159.7449951171875,176018,SPCX
2026-07-01 11:12:00,159.7449951171875,160.10000610351562,159.54010009765625,160.03500366210938,167165,SPCX
2026-07-01 11:13:00,160.07000732421875,160.35989379882812,160.05999755859375,160.35989379882812,186292,SPCX
2026-07-01 11:14:00,160.33999633789062,161.0,160.33999633789062,160.9600067138672,247356,SPCX
2026-07-01 11:15:00,160.97999572753906,161.5050048828125,160.67999267578125,161.21499633789062,355036,SPCX
2026-07-01 11:16:00,161.21060180664062,161.22999572753906,160.52999877929688,160.58999633789062,219817,SPCX
2026-07-01 11:17:00,160.61990356445312,160.99899291992188,160.32000732421875,160.84500122070312,201136,SPCX
2026-07-01 11:18:00,160.83999633789062,160.9550018310547,160.58999633789062,160.7198944091797,176153,SPCX
2026-07-01 11:19:00,160.72000122070312,160.9600067138672,160.5399932861328,160.72999572753906,190010,SPCX
2026-07-01 11:20:00,160.73500061035156,161.4199981689453,160.68499755859375,161.26499938964844,195732,SPCX
2026-07-01 11:21:00,161.27999877929688,161.5749969482422,161.1199951171875,161.3000030517578,280801,SPCX
2026-07-01 11:22:00,161.27999877929688,161.57000732421875,161.24659729003906,161.40989685058594,208120,SPCX
2026-07-01 11:23:00,161.41000366210938,161.86000061035156,161.41000366210938,161.72000122070312,224625,SPCX
2026-07-01 11:24:00,161.72000122070312,161.72999572753906,161.3300018310547,161.3300018310547,214840,SPCX
2026-07-01 11:25:00,161.30999755859375,161.35000610351562,160.75,161.05990600585938,204012,SPCX
2026-07-01 11:26:00,161.0500030517578,161.8800048828125,160.8300018310547,161.47999572753906,218410,SPCX
2026-07-01 11:27:00,161.49000549316406,161.5500030517578,160.5500030517578,160.5500030517578,231213,SPCX
2026-07-01 11:28:00,160.5399932861328,161.19000244140625,160.50999450683594,161.00999450683594,186200,SPCX
2026-07-01 11:29:00,161.0,161.14999389648438,160.8300018310547,160.99989318847656,202762,SPCX
2026-07-01 11:30:00,161.0,161.02999877929688,160.72999572753906,160.7949981689453,161441,SPCX
2026-07-01 11:31:00,160.7899932861328,160.80999755859375,159.9199981689453,160.4600067138672,377306,SPCX
2026-07-01 11:32:00,160.4499969482422,160.65499877929688,160.3000030517578,160.5399932861328,147028,SPCX
2026-07-01 11:33:00,160.5500030517578,160.82000732421875,160.47000122070312,160.60000610351562,232592,SPCX
2026-07-01 11:34:00,160.6699981689453,160.6750030517578,159.7200927734375,159.92999267578125,234153,SPCX
2026-07-01 11:35:00,159.9199981689453,160.25999450683594,159.86000061035156,159.89999389648438,169096,SPCX
2026-07-01 11:36:00,159.91000366210938,160.13999938964844,159.69000244140625,160.11500549316406,176494,SPCX
2026-07-01 11:37:00,160.11000061035156,160.17999267578125,159.69000244140625,159.76499938964844,185721,SPCX
2026-07-01 11:38:00,159.8000030517578,160.1300048828125,159.8000030517578,160.05499267578125,136906,SPCX
2026-07-01 11:39:00,160.00999450683594,160.01950073242188,159.7899932861328,159.82000732421875,174723,SPCX
2026-07-01 11:40:00,159.83999633789062,159.83999633789062,159.6199951171875,159.75,637585,SPCX
2026-07-01 11:41:00,159.7050018310547,159.7050018310547,159.27499389648438,159.54989624023438,216660,SPCX
2026-07-01 11:42:00,159.5500030517578,160.1199951171875,159.5500030517578,160.07000732421875,150810,SPCX
2026-07-01 11:43:00,160.08999633789062,160.1699981689453,159.74000549316406,159.89999389648438,192752,SPCX
2026-07-01 11:44:00,159.91000366210938,160.10000610351562,159.85000610351562,160.0399932861328,131427,SPCX
2026-07-01 11:45:00,160.0399932861328,160.08999633789062,159.86000061035156,159.88389587402344,144578,SPCX
2026-07-01 11:46:00,159.8791046142578,159.8791046142578,159.52000427246094,159.57000732421875,158212,SPCX
2026-07-01 11:47:00,159.5500030517578,159.55999755859375,159.32000732421875,159.3350067138672,167499,SPCX
2026-07-01 11:48:00,159.34939575195312,159.35000610351562,158.8699951171875,159.2550048828125,420633,SPCX
2026-07-01 11:49:00,159.2550048828125,159.2550048828125,158.63999938964844,158.88999938964844,256497,SPCX
2026-07-01 11:50:00,158.9199981689453,158.97000122070312,158.6649932861328,158.67970275878906,200696,SPCX
2026-07-01 11:51:00,158.6699981689453,158.69000244140625,158.0500030517578,158.11439514160156,568510,SPCX
2026-07-01 11:52:00,158.11000061035156,158.9199981689453,157.75,158.86000061035156,579332,SPCX
2026-07-01 11:53:00,158.8466033935547,159.05999755859375,158.6999969482422,159.02999877929688,201618,SPCX
2026-07-01 11:54:00,159.02999877929688,159.02999877929688,158.1999969482422,158.53500366210938,247316,SPCX
2026-07-01 11:55:00,158.53500366210938,158.5500030517578,158.17999267578125,158.1999969482422,155517,SPCX
2026-07-01 11:56:00,158.1999969482422,158.4398956298828,158.13999938964844,158.39999389648438,153876,SPCX
2026-07-01 11:57:00,158.3907012939453,158.39999389648438,158.1999969482422,158.39999389648438,164035,SPCX
2026-07-01 11:58:00,158.39999389648438,158.85000610351562,158.2949981689453,158.58360290527344,933583,SPCX
2026-07-01 11:59:00,158.55999755859375,158.8000030517578,158.45249938964844,158.7100067138672,150290,SPCX
2026-07-01 12:00:00,158.7100067138672,158.9600067138672,158.63999938964844,158.85989379882812,145873,SPCX
2026-07-01 12:01:00,158.84500122070312,159.0,158.60000610351562,158.6300048828125,132765,SPCX
2026-07-01 12:02:00,158.62989807128906,158.89999389648438,158.60000610351562,158.75999450683594,137057,SPCX
2026-07-01 12:03:00,158.75,159.10000610351562,158.5,158.5850067138672,193091,SPCX
2026-07-01 12:04:00,158.60000610351562,158.60000610351562,158.16000366210938,158.23500061035156,166324,SPCX
2026-07-01 12:05:00,158.23500061035156,158.41000366210938,158.1699981689453,158.3800048828125,155698,SPCX
2026-07-01 12:06:00,158.38499450683594,158.94000244140625,158.36000061035156,158.88999938964844,146045,SPCX
2026-07-01 12:07:00,158.88999938964844,158.9499969482422,158.70010375976562,158.83299255371094,122869,SPCX
2026-07-01 12:08:00,158.8249969482422,159.0,158.74000549316406,158.9199981689453,131699,SPCX
2026-07-01 12:09:00,158.92999267578125,158.9499969482422,158.55999755859375,158.77999877929688,155062,SPCX
2026-07-01 12:10:00,158.89999389648438,159.2593994140625,158.7100067138672,159.2593994140625,168159,SPCX
2026-07-01 12:11:00,159.2799072265625,159.4600067138672,159.0399932861328,159.39999389648438,149178,SPCX
2026-07-01 12:12:00,159.39999389648438,159.39999389648438,159.0399932861328,159.14500427246094,172930,SPCX
2026-07-01 12:13:00,159.15499877929688,159.1898956298828,158.58999633789062,158.60499572753906,126730,SPCX
2026-07-01 12:14:00,158.6199951171875,158.97000122070312,158.61749267578125,158.7050018310547,178884,SPCX
2026-07-01 12:15:00,158.7050018310547,158.8350067138672,158.4300994873047,158.625,139199,SPCX
2026-07-01 12:16:00,158.64999389648438,158.9499969482422,158.6199951171875,158.9499969482422,150574,SPCX
2026-07-01 12:17:00,158.94500732421875,159.27000427246094,158.83999633789062,159.27000427246094,391480,SPCX
2026-07-01 12:18:00,159.27000427246094,159.42999267578125,158.89999389648438,158.9499969482422,216690,SPCX
2026-07-01 12:19:00,158.97000122070312,159.25,158.89999389648438,159.23500061035156,130694,SPCX
2026-07-01 12:20:00,159.23500061035156,159.60000610351562,159.23500061035156,159.49000549316406,237583,SPCX
2026-07-01 12:21:00,159.47999572753906,159.64999389648438,159.13999938964844,159.18499755859375,183906,SPCX
2026-07-01 12:22:00,159.18499755859375,159.1999969482422,158.88999938964844,158.94000244140625,150352,SPCX
2026-07-01 12:23:00,158.9250030517578,159.16000366210938,158.8699951171875,159.14999389648438,117902,SPCX
2026-07-01 12:24:00,159.14500427246094,159.1887969970703,158.9600067138672,159.11000061035156,124062,SPCX
2026-07-01 12:25:00,159.09500122070312,159.09500122070312,158.7100067138672,158.74000549316406,149717,SPCX
2026-07-01 12:26:00,158.76220703125,158.77999877929688,158.610107421875,158.74000549316406,121879,SPCX
2026-07-01 12:27:00,158.74000549316406,158.83999633789062,158.6999969482422,158.8300018310547,118174,SPCX
2026-07-01 12:28:00,158.8249969482422,158.97000122070312,158.39999389648438,158.72999572753906,191933,SPCX
2026-07-01 12:29:00,158.72999572753906,160.39999389648438,158.6199951171875,159.80999755859375,293420,SPCX
2026-07-01 12:30:00,159.76499938964844,160.2100067138672,159.63999938964844,160.07000732421875,156483,SPCX
2026-07-01 12:31:00,160.0749969482422,160.3000030517578,159.9250030517578,160.24000549316406,134562,SPCX
2026-07-01 12:32:00,160.22000122070312,160.5,160.21499633789062,160.3800048828125,132914,SPCX
2026-07-01 12:33:00,160.3800048828125,160.3800048828125,160.08999633789062,160.23500061035156,172234,SPCX
2026-07-01 12:34:00,160.2100067138672,160.2100067138672,160.02000427246094,160.1199951171875,91366,SPCX
2026-07-01 12:35:00,160.1199951171875,160.1699981689453,159.72999572753906,159.8800048828125,129003,SPCX
2026-07-01 12:36:00,159.8800048828125,160.1300048828125,159.75,160.10000610351562,108266,SPCX
2026-07-01 12:37:00,160.0800018310547,160.39999389648438,160.0500030517578,160.16990661621094,157897,SPCX
2026-07-01 12:38:00,160.13999938964844,160.27999877929688,160.02000427246094,160.25999450683594,112174,SPCX
2026-07-01 12:39:00,160.25999450683594,160.27999877929688,159.9001007080078,159.9232940673828,97095,SPCX
2026-07-01 12:40:00,159.9499969482422,160.19000244140625,159.9208984375,160.0749969482422,111410,SPCX
2026-07-01 12:41:00,160.08999633789062,160.2675018310547,159.75999450683594,159.92999267578125,152657,SPCX
2026-07-01 12:42:00,159.94000244140625,160.2299041748047,159.83009338378906,160.10000610351562,136618,SPCX
2026-07-01 12:43:00,160.0800018310547,160.22000122070312,159.77000427246094,160.02999877929688,173946,SPCX
2026-07-01 12:44:00,160.02499389648438,160.14999389648438,159.82000732421875,159.86000061035156,127702,SPCX
2026-07-01 12:45:00,159.8699951171875,159.92999267578125,159.65499877929688,159.86000061035156,142552,SPCX
2026-07-01 12:46:00,159.84500122070312,160.3300018310547,159.84500122070312,160.22000122070312,1168257,SPCX
2026-07-01 12:47:00,160.21499633789062,160.42999267578125,160.1501007080078,160.35000610351562,138372,SPCX
2026-07-01 12:48:00,160.389892578125,160.4499969482422,160.14999389648438,160.2550048828125,307943,SPCX
2026-07-01 12:49:00,160.25250244140625,160.26870727539062,159.8350067138672,160.1649932861328,138839,SPCX
2026-07-01 12:50:00,160.1649932861328,160.5800018310547,160.16000366210938,160.5,123541,SPCX
2026-07-01 12:51:00,160.5,160.64999389648438,160.27000427246094,160.41000366210938,231306,SPCX
2026-07-01 12:52:00,160.42999267578125,160.52999877929688,160.2633056640625,160.39999389648438,133732,SPCX
2026-07-01 12:53:00,160.38999938964844,160.86000061035156,160.38999938964844,160.7200927734375,138387,SPCX
2026-07-01 12:54:00,160.7449951171875,160.77000427246094,160.50999450683594,160.6999969482422,116602,SPCX
2026-07-01 12:55:00,160.6999969482422,160.75999450683594,160.4499969482422,160.49000549316406,102324,SPCX
2026-07-01 12:56:00,160.47439575195312,160.86000061035156,160.25,160.8090057373047,137559,SPCX
2026-07-01 12:57:00,160.83999633789062,160.83999633789062,160.4199981689453,160.47999572753906,116255,SPCX
2026-07-01 12:58:00,160.4550018310547,160.4550018310547,160.0897979736328,160.08999633789062,98291,SPCX
2026-07-01 12:59:00,160.09500122070312,160.2100067138672,159.77000427246094,159.97500610351562,184611,SPCX
2026-07-01 13:00:00,159.97950744628906,160.38999938964844,159.97000122070312,160.28439331054688,128607,SPCX
2026-07-01 13:01:00,160.2899932861328,160.3800048828125,160.0200958251953,160.2100067138672,113972,SPCX
2026-07-01 13:02:00,160.1750030517578,160.1750030517578,159.82000732421875,159.97999572753906,118429,SPCX
2026-07-01 13:03:00,160.0,160.0,159.55999755859375,159.75,133445,SPCX
2026-07-01 13:04:00,159.75,160.0,159.60000610351562,159.97999572753906,101262,SPCX
2026-07-01 13:05:00,159.97999572753906,159.97999572753906,159.75,159.8000030517578,562692,SPCX
2026-07-01 13:06:00,159.8300018310547,159.85000610351562,159.36000061035156,159.52499389648438,135565,SPCX
2026-07-01 13:07:00,159.52499389648438,159.91000366210938,159.5,159.83999633789062,90088,SPCX
2026-07-01 13:08:00,159.82859802246094,159.89999389648438,159.6999969482422,159.83999633789062,87330,SPCX
2026-07-01 13:09:00,159.82009887695312,160.02499389648438,159.82000732421875,159.90499877929688,91283,SPCX
2026-07-01 13:10:00,159.893798828125,159.91000366210938,159.64010620117188,159.7698974609375,69477,SPCX
2026-07-01 13:11:00,159.7899932861328,160.11000061035156,159.5800018310547,160.07989501953125,108208,SPCX
2026-07-01 13:12:00,160.07000732421875,160.3300018310547,160.05999755859375,160.19500732421875,0,SPCX
2026-07-01 13:13:00,160.19500732421875,160.22999572753906,160.00999450683594,160.02999877929688,98474,SPCX
2026-07-01 13:14:00,160.0500030517578,160.50999450683594,160.03500366210938,160.48500061035156,100505,SPCX
2026-07-01 13:15:00,160.49000549316406,160.91000366210938,160.48500061035156,160.83999633789062,178384,SPCX
2026-07-01 13:16:00,160.84010314941406,161.25999450683594,160.8300018310547,161.22569274902344,178634,SPCX
2026-07-01 13:17:00,161.22999572753906,161.32000732421875,161.00999450683594,161.07000732421875,136511,SPCX
2026-07-01 13:18:00,161.07000732421875,161.1649932861328,160.86099243164062,161.11500549316406,97206,SPCX
2026-07-01 13:19:00,161.11500549316406,161.3699951171875,161.11000061035156,161.33999633789062,115887,SPCX
2026-07-01 13:20:00,161.33999633789062,161.42999267578125,161.22000122070312,161.41000366210938,130101,SPCX
2026-07-01 13:21:00,161.42010498046875,161.5998992919922,161.2100067138672,161.4949951171875,162089,SPCX
2026-07-01 13:22:00,161.4949951171875,161.67999267578125,161.3572998046875,161.61000061035156,135126,SPCX
2026-07-01 13:23:00,161.6199951171875,162.36000061035156,161.60000610351562,162.2602996826172,284981,SPCX
2026-07-01 13:24:00,162.32000732421875,162.6999969482422,162.27999877929688,162.55999755859375,220253,SPCX
2026-07-01 13:25:00,162.55999755859375,162.58999633789062,162.2100067138672,162.5,1288358,SPCX
2026-07-01 13:26:00,162.50999450683594,162.6999969482422,162.36000061035156,162.36000061035156,161641,SPCX
2026-07-01 13:27:00,162.3800048828125,162.4499053955078,162.1199951171875,162.19000244140625,135133,SPCX
2026-07-01 13:28:00,162.19500732421875,162.27999877929688,161.82000732421875,162.1649932861328,144974,SPCX
2026-07-01 13:29:00,162.16529846191406,162.25,162.02000427246094,162.19200134277344,93766,SPCX
2026-07-01 13:30:00,162.19000244140625,162.3000030517578,162.11000061035156,162.25,109888,SPCX
2026-07-01 13:31:00,162.25,162.5800018310547,162.08999633789062,162.47500610351562,171052,SPCX
2026-07-01 13:32:00,162.50990295410156,162.55990600585938,162.10009765625,162.4949951171875,121880,SPCX
2026-07-01 13:33:00,162.52000427246094,162.72000122070312,162.3699951171875,162.41319274902344,142896,SPCX
2026-07-01 13:34:00,162.42999267578125,162.47999572753906,162.1300048828125,162.1699981689453,113357,SPCX
2026-07-01 13:35:00,162.1300048828125,162.26499938964844,162.0399932861328,162.0601043701172,88845,SPCX
2026-07-01 13:36:00,162.05999755859375,162.07009887695312,161.35000610351562,161.37060546875,165259,SPCX
2026-07-01 13:37:00,161.39999389648438,161.47000122070312,161.1699981689453,161.30999755859375,111653,SPCX
2026-07-01 13:38:00,161.2801055908203,161.74000549316406,161.2801055908203,161.63999938964844,94536,SPCX
2026-07-01 13:39:00,161.63999938964844,161.83999633789062,161.58999633789062,161.72999572753906,122510,SPCX
2026-07-01 13:40:00,161.75999450683594,161.8990020751953,161.35000610351562,161.36000061035156,105516,SPCX
2026-07-01 13:41:00,161.36500549316406,161.60989379882812,161.35000610351562,161.5800018310547,72853,SPCX
2026-07-01 13:42:00,161.58999633789062,161.72999572753906,161.49000549316406,161.53500366210938,94849,SPCX
2026-07-01 13:43:00,161.5399932861328,161.88999938964844,161.52000427246094,161.60000610351562,106870,SPCX
2026-07-01 13:44:00,161.61000061035156,161.77999877929688,161.24000549316406,161.77999877929688,85814,SPCX
2026-07-01 13:45:00,161.77999877929688,162.2100067138672,161.69000244140625,162.2100067138672,142801,SPCX
2026-07-01 13:46:00,162.2100067138672,162.3000030517578,161.8000030517578,161.91000366210938,103459,SPCX
2026-07-01 13:47:00,161.91200256347656,161.99000549316406,161.6699981689453,161.75,100151,SPCX
2026-07-01 13:48:00,161.75,161.78500366210938,161.6999969482422,161.71749877929688,78585,SPCX
2026-07-01 13:49:00,161.7100067138672,161.7100067138672,161.1699981689453,161.2550048828125,124181,SPCX
2026-07-01 13:50:00,161.33999633789062,161.88999938964844,161.22999572753906,161.856201171875,109750,SPCX
2026-07-01 13:51:00,161.84500122070312,162.489501953125,161.8000030517578,162.30499267578125,249663,SPCX
2026-07-01 13:52:00,162.3000030517578,162.4799041748047,162.1383056640625,162.25,213268,SPCX
2026-07-01 13:53:00,162.22000122070312,162.47999572753906,162.00999450683594,162.14999389648438,128466,SPCX
2026-07-01 13:54:00,162.1300048828125,162.41000366210938,162.125,162.41000366210938,97272,SPCX
2026-07-01 13:55:00,162.41000366210938,163.13999938964844,162.3000030517578,163.08560180664062,320178,SPCX
2026-07-01 13:56:00,163.08909606933594,163.13999938964844,162.2100067138672,162.30999755859375,204833,SPCX
2026-07-01 13:57:00,162.32000732421875,162.41000366210938,162.0,162.2899932861328,174927,SPCX
2026-07-01 13:58:00,162.26499938964844,162.6300048828125,162.14999389648438,162.19900512695312,139442,SPCX
2026-07-01 13:59:00,162.16000366210938,162.3699951171875,162.11849975585938,162.33999633789062,92388,SPCX
2026-07-01 14:00:00,162.35000610351562,163.10000610351562,162.2805938720703,163.05499267578125,164286,SPCX
2026-07-01 14:01:00,163.02000427246094,163.44000244140625,162.94500732421875,162.9600067138672,303785,SPCX
2026-07-01 14:02:00,163.0,163.0399932861328,162.00999450683594,162.36000061035156,224630,SPCX
2026-07-01 14:03:00,162.39999389648438,162.85000610351562,162.25,162.75,174145,SPCX
2026-07-01 14:04:00,162.75,162.8000030517578,162.42999267578125,162.8000030517578,159478,SPCX
2026-07-01 14:05:00,162.79119873046875,163.14999389648438,162.7100067138672,162.9199981689453,157215,SPCX
2026-07-01 14:06:00,162.94000244140625,163.02999877929688,161.63999938964844,161.63999938964844,249219,SPCX
2026-07-01 14:07:00,161.6199951171875,161.8699951171875,161.4001007080078,161.44500732421875,176865,SPCX
2026-07-01 14:08:00,161.4799041748047,161.61849975585938,161.2100067138672,161.47500610351562,138588,SPCX
2026-07-01 14:09:00,161.47999572753906,161.72000122070312,161.4600067138672,161.52499389648438,151000,SPCX
2026-07-01 14:10:00,161.5,161.57839965820312,160.97500610351562,161.0050048828125,208425,SPCX
2026-07-01 14:11:00,161.0050048828125,161.0050048828125,160.64999389648438,160.86500549316406,152010,SPCX
2026-07-01 14:12:00,160.88999938964844,161.1699981689453,160.66000366210938,160.6699981689453,152397,SPCX
2026-07-01 14:13:00,160.6699981689453,160.75999450683594,160.4405975341797,160.61000061035156,168020,SPCX
2026-07-01 14:14:00,160.62750244140625,160.72000122070312,160.5,160.57000732421875,114255,SPCX
2026-07-01 14:15:00,160.5800018310547,160.5800018310547,160.13999938964844,160.1649932861328,154084,SPCX
2026-07-01 14:16:00,160.17999267578125,160.33999633789062,159.7100067138672,159.72999572753906,307545,SPCX
2026-07-01 14:17:00,159.74000549316406,159.83999633789062,159.55999755859375,159.71499633789062,172275,SPCX
2026-07-01 14:18:00,159.72000122070312,159.75999450683594,159.5500030517578,159.625,149531,SPCX
2026-07-01 14:19:00,159.625,159.6999969482422,159.5500030517578,159.5850067138672,187252,SPCX
2026-07-01 14:20:00,159.5850067138672,159.75,159.25,159.27000427246094,203520,SPCX
2026-07-01 14:21:00,159.25999450683594,159.35000610351562,159.00999450683594,159.35000610351562,182555,SPCX
2026-07-01 14:22:00,159.3699951171875,159.41000366210938,159.02999877929688,159.0850067138672,177346,SPCX
2026-07-01 14:23:00,159.0850067138672,159.19000244140625,158.82000732421875,158.89999389648438,240188,SPCX
2026-07-01 14:24:00,158.88999938964844,159.07000732421875,158.6199951171875,158.9149932861328,199828,SPCX
2026-07-01 14:25:00,158.9149932861328,159.02000427246094,158.74000549316406,158.88999938964844,169693,SPCX
2026-07-01 14:26:00,158.88999938964844,158.88999938964844,157.8000030517578,157.83999633789062,464400,SPCX
2026-07-01 14:27:00,157.82350158691406,158.1999969482422,157.4199981689453,158.07000732421875,465513,SPCX
2026-07-01 14:28:00,158.04469299316406,158.49000549316406,157.77749633789062,158.28500366210938,640877,SPCX
2026-07-01 14:29:00,158.27999877929688,159.0,158.1699981689453,158.78990173339844,258493,SPCX
2026-07-01 14:30:00,158.74000549316406,158.83990478515625,158.2100067138672,158.2100067138672,556823,SPCX
2026-07-01 14:31:00,158.2270050048828,158.5500030517578,157.83999633789062,158.52000427246094,177442,SPCX
2026-07-01 14:32:00,158.52999877929688,158.75,158.50999450683594,158.65750122070312,166863,SPCX
2026-07-01 14:33:00,158.69000244140625,158.85000610351562,158.5500030517578,158.73500061035156,148648,SPCX
2026-07-01 14:34:00,158.74000549316406,158.7899932861328,158.3101043701172,158.7104034423828,217919,SPCX
2026-07-01 14:35:00,158.73500061035156,159.00999450683594,158.4199981689453,158.58999633789062,0,SPCX
2026-07-01 14:36:00,158.58999633789062,158.82000732421875,158.35000610351562,158.55169677734375,454881,SPCX
2026-07-01 14:37:00,158.5749969482422,158.60150146484375,158.3000030517578,158.33999633789062,149445,SPCX
2026-07-01 14:38:00,158.33990478515625,158.47999572753906,158.11500549316406,158.47000122070312,132805,SPCX
2026-07-01 14:39:00,158.44500732421875,158.60000610351562,158.42999267578125,158.5399932861328,122216,SPCX
2026-07-01 14:40:00,158.5500030517578,158.74000549316406,158.4499969482422,158.5,138543,SPCX
2026-07-01 14:41:00,158.52999877929688,158.5500030517578,157.74000549316406,158.1300048828125,262837,SPCX
2026-07-01 14:42:00,158.1300048828125,158.1300048828125,157.63999938964844,157.72999572753906,173095,SPCX
2026-07-01 14:43:00,157.71119689941406,158.14149475097656,157.71119689941406,158.11500549316406,141329,SPCX
2026-07-01 14:44:00,158.11000061035156,158.32000732421875,157.91000366210938,158.2100067138672,637488,SPCX
2026-07-01 14:45:00,158.23989868164062,158.2899932861328,158.00999450683594,158.24000549316406,137716,SPCX
2026-07-01 14:46:00,158.2050018310547,158.23989868164062,157.74000549316406,157.82000732421875,174293,SPCX
2026-07-01 14:47:00,157.8300018310547,157.97000122070312,157.2899932861328,157.3249969482422,232142,SPCX
2026-07-01 14:48:00,157.32000732421875,157.35000610351562,156.7899932861328,156.89999389648438,474950,SPCX
2026-07-01 14:49:00,156.89999389648438,157.13699340820312,156.89010620117188,157.05999755859375,201026,SPCX
2026-07-01 14:50:00,157.07000732421875,157.22999572753906,157.0,157.19000244140625,126930,SPCX
2026-07-01 14:51:00,157.2198944091797,157.31500244140625,156.9600067138672,157.0399932861328,152221,SPCX
2026-07-01 14:52:00,157.0399932861328,157.11000061035156,156.82000732421875,156.8300018310547,146270,SPCX
2026-07-01 14:53:00,156.8300018310547,156.88999938964844,156.55999755859375,156.69500732421875,232211,SPCX
2026-07-01 14:54:00,156.69500732421875,156.9600067138672,156.41000366210938,156.91000366210938,224029,SPCX
2026-07-01 14:55:00,156.91000366210938,157.22999572753906,156.91000366210938,157.18499755859375,225492,SPCX
2026-07-01 14:56:00,157.18499755859375,157.38999938964844,157.13009643554688,157.35499572753906,163262,SPCX
2026-07-01 14:57:00,157.35000610351562,157.35159301757812,156.9600067138672,157.1750030517578,436869,SPCX
2026-07-01 14:58:00,157.1750030517578,157.6300048828125,157.16749572753906,157.55999755859375,160485,SPCX
2026-07-01 14:59:00,157.5800018310547,157.8800048828125,157.3699951171875,157.75759887695312,261089,SPCX
2026-07-01 15:00:00,157.7550048828125,158.13999938964844,157.6199951171875,157.88999938964844,149584,SPCX
2026-07-01 15:01:00,157.89959716796875,157.97000122070312,157.66000366210938,157.6699981689453,141644,SPCX
2026-07-01 15:02:00,157.6750030517578,157.90499877929688,157.5601043701172,157.63999938964844,117345,SPCX
2026-07-01 15:03:00,157.63999938964844,157.8699951171875,157.6199951171875,157.64999389648438,128259,SPCX
2026-07-01 15:04:00,157.64999389648438,158.14999389648438,157.63999938964844,158.13499450683594,129720,SPCX
2026-07-01 15:05:00,158.14999389648438,158.38999938964844,158.0312042236328,158.09500122070312,214707,SPCX
2026-07-01 15:06:00,158.10000610351562,158.19000244140625,157.9001007080078,158.06500244140625,197215,SPCX
2026-07-01 15:07:00,158.06500244140625,158.11000061035156,157.74000549316406,157.9600067138672,133574,SPCX
2026-07-01 15:08:00,157.96499633789062,158.17999267578125,157.60000610351562,157.75999450683594,859815,SPCX
2026-07-01 15:09:00,157.77999877929688,157.99000549316406,157.77499389648438,157.9250030517578,123862,SPCX
2026-07-01 15:10:00,157.9199981689453,157.9199981689453,157.52999877929688,157.72999572753906,162184,SPCX
2026-07-01 15:11:00,157.72999572753906,158.08999633789062,157.72500610351562,157.97999572753906,150659,SPCX
2026-07-01 15:12:00,157.97999572753906,158.08999633789062,157.82000732421875,158.0399932861328,124839,SPCX
2026-07-01 15:13:00,158.06500244140625,158.08999633789062,157.89999389648438,157.9199981689453,142366,SPCX
2026-07-01 15:14:00,157.91000366210938,158.39999389648438,157.85000610351562,158.35000610351562,127775,SPCX
2026-07-01 15:15:00,158.33999633789062,158.42979431152344,158.1199951171875,158.1663055419922,132857,SPCX
2026-07-01 15:16:00,158.1699981689453,158.32000732421875,158.0800018310547,158.1699981689453,140591,SPCX
2026-07-01 15:17:00,158.17999267578125,158.35000610351562,158.11000061035156,158.13499450683594,114281,SPCX
2026-07-01 15:18:00,158.16000366210938,158.2100067138672,157.85499572753906,157.88499450683594,132609,SPCX
2026-07-01 15:19:00,157.89999389648438,158.08999633789062,157.85000610351562,157.9550018310547,112153,SPCX
2026-07-01 15:20:00,157.9550018310547,158.1199951171875,157.8300018310547,157.84500122070312,161449,SPCX
2026-07-01 15:21:00,157.84500122070312,157.8800048828125,157.5800018310547,157.61000061035156,162520,SPCX
2026-07-01 15:22:00,157.61500549316406,157.69000244140625,157.3101043701172,157.38999938964844,197981,SPCX
2026-07-01 15:23:00,157.3800048828125,157.4600067138672,157.30999755859375,157.3699951171875,146704,SPCX
2026-07-01 15:24:00,157.3699951171875,157.39999389648438,157.1750030517578,157.30999755859375,131146,SPCX
2026-07-01 15:25:00,157.3000030517578,157.92999267578125,157.17999267578125,157.6750030517578,266807,SPCX
2026-07-01 15:26:00,157.6699981689453,158.11000061035156,157.6699981689453,158.07000732421875,218625,SPCX
2026-07-01 15:27:00,158.08999633789062,158.35499572753906,158.08999633789062,158.33999633789062,163151,SPCX
2026-07-01 15:28:00,158.3300018310547,158.69000244140625,158.3300018310547,158.60000610351562,95816,SPCX
2026-07-01 15:29:00,158.60000610351562,158.6300048828125,157.9600067138672,158.23500061035156,0,SPCX
2026-07-01 15:30:00,158.22000122070312,158.85000610351562,158.22000122070312,158.7100067138672,140635,SPCX
2026-07-01 15:31:00,158.72000122070312,158.8800048828125,158.1999969482422,158.1999969482422,185325,SPCX
2026-07-01 15:32:00,158.16439819335938,158.36000061035156,158.14999389648438,158.30999755859375,99180,SPCX
2026-07-01 15:33:00,158.3000030517578,158.3000030517578,157.89999389648438,157.9600067138672,150250,SPCX
2026-07-01 15:34:00,157.9600067138672,158.0,157.57000732421875,157.625,141719,SPCX
2026-07-01 15:35:00,157.6300048828125,157.6300048828125,157.25999450683594,157.32000732421875,155577,SPCX
2026-07-01 15:36:00,157.30999755859375,157.625,156.94000244140625,157.57000732421875,342666,SPCX
2026-07-01 15:37:00,157.57000732421875,157.98829650878906,157.57000732421875,157.85000610351562,95820,SPCX
2026-07-01 15:38:00,157.8800048828125,158.08999633789062,157.66000366210938,157.67999267578125,155354,SPCX
2026-07-01 15:39:00,157.6649932861328,157.69000244140625,157.360107421875,157.47000122070312,199433,SPCX
2026-07-01 15:40:00,157.48989868164062,157.66000366210938,157.19000244140625,157.2050018310547,121149,SPCX
2026-07-01 15:41:00,157.17999267578125,157.36000061035156,157.00999450683594,157.0594940185547,119628,SPCX
2026-07-01 15:42:00,157.0500030517578,157.05999755859375,156.7100067138672,157.0,284068,SPCX
2026-07-01 15:43:00,157.00999450683594,157.16000366210938,156.8300018310547,156.85000610351562,160846,SPCX
2026-07-01 15:44:00,156.85499572753906,157.3000030517578,156.82009887695312,157.0399932861328,158733,SPCX
2026-07-01 15:45:00,157.07000732421875,157.10000610351562,156.86000061035156,156.86000061035156,640168,SPCX
2026-07-01 15:46:00,156.88999938964844,156.88999938964844,156.42999267578125,156.60000610351562,326776,SPCX
2026-07-01 15:47:00,156.60000610351562,156.60000610351562,156.42010498046875,156.52999877929688,157006,SPCX
2026-07-01 15:48:00,156.52999877929688,156.8800048828125,156.52999877929688,156.75,149539,SPCX
2026-07-01 15:49:00,156.75999450683594,156.94000244140625,156.75999450683594,156.8000030517578,145334,SPCX
2026-07-01 15:50:00,156.7949981689453,157.30999755859375,156.16000366210938,157.110107421875,445809,SPCX
2026-07-01 15:51:00,157.1699981689453,157.2899932861328,157.09359741210938,157.24000549316406,247068,SPCX
2026-07-01 15:52:00,157.25,157.27000427246094,156.99000549316406,157.0850067138672,245223,SPCX
2026-07-01 15:53:00,157.0850067138672,157.1999969482422,156.7100067138672,157.13499450683594,354332,SPCX
2026-07-01 15:54:00,157.1300048828125,157.66000366210938,157.0800018310547,157.57249450683594,347777,SPCX
2026-07-01 15:55:00,157.55999755859375,157.63999938964844,157.3300018310547,157.4499969482422,311154,SPCX
2026-07-01 15:56:00,157.4499969482422,157.4600067138672,157.05999755859375,157.3699951171875,370363,SPCX
2026-07-01 15:57:00,157.3800048828125,157.57960510253906,157.15499877929688,157.5500030517578,671655,SPCX
2026-07-01 15:58:00,157.55499267578125,157.72999572753906,157.38999938964844,157.52000427246094,526474,SPCX
2026-07-01 15:59:00,157.5050048828125,157.72999572753906,157.1999969482422,157.72999572753906,1215087,SPCX
2026-07-02 09:30:00,159.72500610351562,159.73500061035156,157.5500030517578,158.875,3505467,SPCX
2026-07-02 09:31:00,158.73500061035156,158.91000366210938,158.0,158.3699951171875,185094,SPCX
2026-07-02 09:32:00,158.3000030517578,158.42999267578125,157.2899932861328,157.55999755859375,234984,SPCX
2026-07-02 09:33:00,157.55999755859375,158.30999755859375,157.5,158.1699981689453,184086,SPCX
2026-07-02 09:34:00,158.13999938964844,158.68499755859375,158.0800018310547,158.44000244140625,151256,SPCX
2026-07-02 09:35:00,158.4250030517578,158.89999389648438,158.0,158.05499267578125,184267,SPCX
2026-07-02 09:36:00,158.0500030517578,159.0500030517578,157.56900024414062,158.82000732421875,262294,SPCX
2026-07-02 09:37:00,158.74000549316406,158.97000122070312,158.38999938964844,158.875,189636,SPCX
2026-07-02 09:38:00,158.80999755859375,158.94979858398438,156.82000732421875,157.39999389648438,343053,SPCX
2026-07-02 09:39:00,157.35000610351562,157.8000030517578,156.89999389648438,156.9600067138672,177451,SPCX
2026-07-02 09:40:00,157.0,157.5800018310547,156.91000366210938,157.3000030517578,152028,SPCX
2026-07-02 09:41:00,157.2100067138672,157.75,157.08999633789062,157.5800018310547,126878,SPCX
2026-07-02 09:42:00,157.50999450683594,158.31239318847656,157.5,158.1999969482422,193945,SPCX
2026-07-02 09:43:00,158.22999572753906,159.25,158.16000366210938,158.6300048828125,251298,SPCX
2026-07-02 09:44:00,158.57000732421875,158.64999389648438,157.92010498046875,158.0,198449,SPCX
2026-07-02 09:45:00,158.0,158.49000549316406,157.33999633789062,157.44000244140625,191911,SPCX
2026-07-02 09:46:00,157.39999389648438,157.63999938964844,157.0399932861328,157.38499450683594,543241,SPCX
2026-07-02 09:47:00,157.25,158.3000030517578,157.20010375976562,157.89999389648438,143765,SPCX
2026-07-02 09:48:00,157.88999938964844,159.49989318847656,157.88499450683594,158.83999633789062,245524,SPCX
2026-07-02 09:49:00,158.86000061035156,160.30999755859375,158.85499572753906,159.99000549316406,411346,SPCX
2026-07-02 09:50:00,160.00999450683594,160.8300018310547,159.9499969482422,160.69000244140625,335121,SPCX
2026-07-02 09:51:00,160.63999938964844,160.99000549316406,160.3800048828125,160.97000122070312,241161,SPCX
2026-07-02 09:52:00,160.97999572753906,161.1300048828125,160.5800018310547,160.94000244140625,298865,SPCX
2026-07-02 09:53:00,160.94000244140625,160.97000122070312,160.02999877929688,160.1898956298828,225354,SPCX
2026-07-02 09:54:00,160.1699981689453,160.1999969482422,159.5800018310547,159.72000122070312,218757,SPCX
2026-07-02 09:55:00,159.72500610351562,160.49000549316406,159.5,160.00999450683594,164698,SPCX
2026-07-02 09:56:00,160.0,160.5399932861328,159.36000061035156,160.4329071044922,243012,SPCX
2026-07-02 09:57:00,160.5500030517578,160.85000610351562,159.72000122070312,160.3800048828125,206698,SPCX
2026-07-02 09:58:00,160.3800048828125,160.77999877929688,160.1999969482422,160.62899780273438,119035,SPCX
2026-07-02 09:59:00,160.57000732421875,160.88999938964844,160.38999938964844,160.5749969482422,121133,SPCX
2026-07-02 10:00:00,160.58999633789062,160.74989318847656,160.36000061035156,160.54249572753906,107478,SPCX
2026-07-02 10:01:00,160.5500030517578,160.5885009765625,159.88999938964844,160.27999877929688,126897,SPCX
2026-07-02 10:02:00,160.27000427246094,160.55999755859375,160.1999969482422,160.44000244140625,89665,SPCX
2026-07-02 10:03:00,160.4199981689453,160.5399932861328,160.14999389648438,160.33999633789062,85821,SPCX
2026-07-02 10:04:00,160.2772979736328,160.42999267578125,160.13999938964844,160.28030395507812,77963,SPCX
2026-07-02 10:05:00,160.30499267578125,160.60000610351562,159.97999572753906,160.60000610351562,124867,SPCX
2026-07-02 10:06:00,160.60000610351562,160.97999572753906,160.30819702148438,160.72999572753906,140514,SPCX
2026-07-02 10:07:00,160.69000244140625,160.99000549316406,160.27999877929688,160.56500244140625,172205,SPCX
2026-07-02 10:08:00,160.6300048828125,160.69000244140625,159.50010681152344,159.80999755859375,172433,SPCX
2026-07-02 10:09:00,159.8300018310547,159.97999572753906,158.80999755859375,159.24000549316406,208556,SPCX
2026-07-02 10:10:00,159.3000030517578,159.49000549316406,158.82000732421875,159.0500030517578,117727,SPCX
2026-07-02 10:11:00,159.08999633789062,159.35000610351562,158.85009765625,159.35000610351562,89602,SPCX
2026-07-02 10:12:00,159.28500366210938,159.6999969482422,159.25999450683594,159.57000732421875,87267,SPCX
2026-07-02 10:13:00,159.57000732421875,160.27999877929688,159.51010131835938,160.17999267578125,117896,SPCX
2026-07-02 10:14:00,160.17999267578125,160.48989868164062,159.50999450683594,159.52999877929688,100989,SPCX
2026-07-02 10:15:00,159.55999755859375,160.16000366210938,159.27999877929688,160.14990234375,91293,SPCX
2026-07-02 10:16:00,160.14999389648438,160.44000244140625,159.7100067138672,159.75,96804,SPCX
2026-07-02 10:17:00,159.72979736328125,159.80999755859375,159.15750122070312,159.29049682617188,91430,SPCX
2026-07-02 10:18:00,159.35000610351562,159.89999389648438,159.17999267578125,159.3800048828125,84574,SPCX
2026-07-02 10:19:00,159.3800048828125,159.69000244140625,159.3300018310547,159.4600067138672,67323,SPCX
2026-07-02 10:20:00,159.4600067138672,159.6999969482422,159.27999877929688,159.35000610351562,74257,SPCX
2026-07-02 10:21:00,159.35000610351562,159.43499755859375,158.8000030517578,159.05389404296875,121231,SPCX
2026-07-02 10:22:00,159.0449981689453,159.4499969482422,159.0399932861328,159.35000610351562,100604,SPCX
2026-07-02 10:23:00,159.3000946044922,159.70989990234375,159.3000946044922,159.66160583496094,113787,SPCX
2026-07-02 10:24:00,159.66000366210938,159.75,159.26100158691406,159.26100158691406,67947,SPCX
2026-07-02 10:25:00,159.30999755859375,159.389892578125,158.77000427246094,159.0,109444,SPCX
2026-07-02 10:26:00,158.95599365234375,159.389892578125,158.85000610351562,159.3249969482422,78606,SPCX
2026-07-02 10:27:00,159.27999877929688,159.27999877929688,158.4199981689453,158.64480590820312,165519,SPCX
2026-07-02 10:28:00,158.64999389648438,158.82879638671875,158.33009338378906,158.69200134277344,122673,SPCX
2026-07-02 10:29:00,158.75,158.77000427246094,158.4199981689453,158.69850158691406,73009,SPCX
2026-07-02 10:30:00,158.7050018310547,158.99000549316406,158.2899932861328,158.81849670410156,143775,SPCX
2026-07-02 10:31:00,158.75,159.0,158.47999572753906,158.5500030517578,106356,SPCX
2026-07-02 10:32:00,158.53500366210938,158.86000061035156,158.53500366210938,158.56500244140625,99319,SPCX
2026-07-02 10:33:00,158.60000610351562,158.99000549316406,158.52000427246094,158.9221954345703,123981,SPCX
2026-07-02 10:34:00,158.97999572753906,159.02499389648438,158.4600067138672,158.6699981689453,142740,SPCX
2026-07-02 10:35:00,158.63999938964844,158.8699951171875,158.3699951171875,158.5449981689453,178318,SPCX
2026-07-02 10:36:00,158.5449981689453,158.97999572753906,158.506103515625,158.9499969482422,127649,SPCX
2026-07-02 10:37:00,158.9600067138672,159.1999969482422,158.91000366210938,159.02000427246094,139208,SPCX
2026-07-02 10:38:00,159.0500030517578,159.39999389648438,158.8800048828125,159.38999938964844,127173,SPCX
2026-07-02 10:39:00,159.3800048828125,159.5,158.55999755859375,158.85000610351562,185317,SPCX
2026-07-02 10:40:00,158.88499450683594,158.9622039794922,158.33999633789062,158.41000366210938,130724,SPCX
2026-07-02 10:41:00,158.42999267578125,158.52999877929688,158.00999450683594,158.0196075439453,159262,SPCX
2026-07-02 10:42:00,158.05999755859375,158.16000366210938,157.6750030517578,157.75999450683594,195978,SPCX
2026-07-02 10:43:00,157.82000732421875,157.92010498046875,157.36000061035156,157.75999450683594,224764,SPCX
2026-07-02 10:44:00,157.8699951171875,158.19000244140625,157.72000122070312,157.83999633789062,110828,SPCX
2026-07-02 10:45:00,157.85000610351562,158.39999389648438,157.71499633789062,157.97000122070312,188401,SPCX
2026-07-02 10:46:00,158.0,158.30499267578125,157.875,157.9600067138672,100915,SPCX
2026-07-02 10:47:00,158.00999450683594,158.35000610351562,157.8300018310547,157.86500549316406,207515,SPCX
2026-07-02 10:48:00,157.88999938964844,157.89999389648438,157.32000732421875,157.3350067138672,148732,SPCX
2026-07-02 10:49:00,157.32000732421875,158.25999450683594,157.22000122070312,158.24000549316406,169022,SPCX
2026-07-02 10:50:00,158.25,158.6999969482422,158.14999389648438,158.49159240722656,108101,SPCX
2026-07-02 10:51:00,158.59500122070312,159.38999938964844,158.5399932861328,159.1999053955078,157538,SPCX
2026-07-02 10:52:00,159.15499877929688,159.32000732421875,158.7550048828125,158.77520751953125,169202,SPCX
2026-07-02 10:53:00,158.7449951171875,158.9199981689453,158.50999450683594,158.69000244140625,116234,SPCX
2026-07-02 10:54:00,158.7100067138672,159.10000610351562,158.6699981689453,159.0800018310547,163051,SPCX
2026-07-02 10:55:00,159.0800018310547,159.75,159.05999755859375,159.48500061035156,230549,SPCX
2026-07-02 10:56:00,159.5,159.74830627441406,159.30999755859375,159.39990234375,144144,SPCX
2026-07-02 10:57:00,159.36500549316406,159.5,159.21009826660156,159.5,98625,SPCX
2026-07-02 10:58:00,159.46499633789062,159.52999877929688,159.2100067138672,159.2899932861328,100653,SPCX
2026-07-02 10:59:00,159.3300018310547,159.8800048828125,159.32330322265625,159.82000732421875,141893,SPCX
2026-07-02 11:00:00,159.86000061035156,159.89999389648438,159.5500030517578,159.5800018310547,178719,SPCX
2026-07-02 11:01:00,159.5800018310547,159.5800018310547,159.24000549316406,159.32000732421875,118767,SPCX
2026-07-02 11:02:00,159.27499389648438,159.47999572753906,159.1999969482422,159.32000732421875,83170,SPCX
2026-07-02 11:03:00,159.35000610351562,159.57000732421875,158.82000732421875,159.0,147569,SPCX
2026-07-02 11:04:00,159.03500366210938,159.14999389648438,158.6300048828125,158.67999267578125,109669,SPCX
2026-07-02 11:05:00,158.67999267578125,158.8990936279297,158.58999633789062,158.63499450683594,139977,SPCX
2026-07-02 11:06:00,158.63999938964844,158.6699981689453,158.38999938964844,158.39999389648438,130062,SPCX
2026-07-02 11:07:00,158.4600067138672,158.4600067138672,157.8300018310547,157.92999267578125,152857,SPCX
2026-07-02 11:08:00,157.8834991455078,158.8000030517578,157.8834991455078,158.55999755859375,140944,SPCX
2026-07-02 11:09:00,158.49000549316406,158.55999755859375,158.27000427246094,158.27000427246094,133690,SPCX
2026-07-02 11:10:00,158.25999450683594,158.25999450683594,157.89999389648438,158.07000732421875,200673,SPCX
2026-07-02 11:11:00,158.0399932861328,158.9199981689453,158.0,158.77999877929688,127616,SPCX
2026-07-02 11:12:00,158.77999877929688,159.0,158.74000549316406,158.80999755859375,94267,SPCX
2026-07-02 11:13:00,158.7899932861328,159.25990295410156,158.25,158.27499389648438,137914,SPCX
2026-07-02 11:14:00,158.27499389648438,158.5988006591797,158.0800018310547,158.5850067138672,99854,SPCX
2026-07-02 11:15:00,158.5500030517578,158.7100067138672,158.25,158.30999755859375,134294,SPCX
2026-07-02 11:16:00,158.25999450683594,158.30999755859375,157.83999633789062,157.9250030517578,147639,SPCX
2026-07-02 11:17:00,157.9250030517578,158.10000610351562,157.61000061035156,157.62460327148438,121230,SPCX
2026-07-02 11:18:00,157.63999938964844,158.1999969482422,157.57000732421875,158.02000427246094,125015,SPCX
2026-07-02 11:19:00,158.03500366210938,158.08999633789062,157.85000610351562,158.06500244140625,75454,SPCX
2026-07-02 11:20:00,158.06500244140625,158.1999969482422,157.75,157.80999755859375,150857,SPCX
2026-07-02 11:21:00,157.85000610351562,158.19000244140625,157.77000427246094,158.14999389648438,95393,SPCX
2026-07-02 11:22:00,158.09730529785156,158.36000061035156,158.09730529785156,158.33999633789062,87725,SPCX
2026-07-02 11:23:00,158.33999633789062,158.33999633789062,157.6699981689453,157.97999572753906,122203,SPCX
2026-07-02 11:24:00,157.99000549316406,158.75250244140625,157.99000549316406,158.49000549316406,101608,SPCX
2026-07-02 11:25:00,158.42999267578125,158.47999572753906,157.9199981689453,158.00999450683594,112402,SPCX
2026-07-02 11:26:00,158.02000427246094,158.55999755859375,158.02000427246094,158.18499755859375,104571,SPCX
2026-07-02 11:27:00,158.19000244140625,158.3699951171875,157.91000366210938,158.0,136208,SPCX
2026-07-02 11:28:00,158.0,158.1699981689453,157.85000610351562,158.05999755859375,81953,SPCX
2026-07-02 11:29:00,158.10000610351562,158.29969787597656,157.77999877929688,158.0500030517578,117009,SPCX
2026-07-02 11:30:00,158.10000610351562,158.47999572753906,157.94000244140625,158.11500549316406,97385,SPCX
2026-07-02 11:31:00,158.11500549316406,158.25999450683594,157.9199981689453,158.22000122070312,90350,SPCX
2026-07-02 11:32:00,158.19000244140625,158.30999755859375,158.06500244140625,158.25,67001,SPCX
2026-07-02 11:33:00,158.19000244140625,158.27999877929688,158.07000732421875,158.23500061035156,76632,SPCX
2026-07-02 11:34:00,158.3000030517578,158.39999389648438,158.0399932861328,158.0800018310547,88264,SPCX
2026-07-02 11:35:00,158.0800018310547,158.72000122070312,158.02999877929688,158.5,98626,SPCX
2026-07-02 11:36:00,158.53500366210938,158.79859924316406,158.4199981689453,158.75,101061,SPCX
2026-07-02 11:37:00,158.74000549316406,158.8000030517578,158.6199951171875,158.67999267578125,75227,SPCX
2026-07-02 11:38:00,158.70989990234375,158.89999389648438,158.64999389648438,158.81500244140625,84215,SPCX
2026-07-02 11:39:00,158.81500244140625,158.8800048828125,158.64999389648438,158.77279663085938,97162,SPCX
2026-07-02 11:40:00,158.74000549316406,159.0500030517578,158.6999969482422,158.8300018310547,103615,SPCX
2026-07-02 11:41:00,158.83999633789062,158.8800048828125,158.60000610351562,158.72000122070312,58108,SPCX
2026-07-02 11:42:00,158.72000122070312,158.82000732421875,158.49009704589844,158.5500030517578,68243,SPCX
2026-07-02 11:43:00,158.5500030517578,158.72940063476562,158.50999450683594,158.6199951171875,54067,SPCX
2026-07-02 11:44:00,158.5865020751953,158.66000366210938,158.3300018310547,158.39999389648438,85539,SPCX
2026-07-02 11:45:00,158.3300018310547,158.94000244140625,158.3300018310547,158.6300048828125,88064,SPCX
2026-07-02 11:46:00,158.69500732421875,158.94000244140625,158.60000610351562,158.71499633789062,59048,SPCX
2026-07-02 11:47:00,158.67999267578125,158.8800048828125,158.60000610351562,158.86000061035156,63099,SPCX
2026-07-02 11:48:00,158.83999633789062,159.0399932861328,158.80999755859375,158.8699951171875,83599,SPCX
2026-07-02 11:49:00,158.8699951171875,158.8699951171875,158.34469604492188,158.41000366210938,75567,SPCX
2026-07-02 11:50:00,158.35000610351562,158.55209350585938,158.30999755859375,158.5399932861328,59662,SPCX
2026-07-02 11:51:00,158.5399932861328,158.63499450683594,158.36000061035156,158.6300048828125,68480,SPCX
2026-07-02 11:52:00,158.625,158.7332000732422,158.47000122070312,158.48399353027344,77471,SPCX
2026-07-02 11:53:00,158.5399932861328,158.6699981689453,158.33999633789062,158.375,125666,SPCX
2026-07-02 11:54:00,158.3800048828125,158.88999938964844,158.22999572753906,158.8800048828125,107809,SPCX
2026-07-02 11:55:00,158.88999938964844,159.02999877929688,158.722900390625,158.85499572753906,101407,SPCX
2026-07-02 11:56:00,158.85499572753906,159.10000610351562,158.75,159.07989501953125,96240,SPCX
2026-07-02 11:57:00,159.07510375976562,159.3300018310547,158.97000122070312,159.27000427246094,104415,SPCX
2026-07-02 11:58:00,159.26950073242188,159.2899932861328,159.0500030517578,159.18460083007812,80683,SPCX
2026-07-02 11:59:00,159.19000244140625,159.2100067138672,158.99000549316406,159.0500030517578,75023,SPCX
2026-07-02 12:00:00,159.0500030517578,159.1300048828125,158.85000610351562,158.89999389648438,81055,SPCX
2026-07-02 12:01:00,158.85000610351562,158.85000610351562,158.3800048828125,158.42999267578125,79942,SPCX
2026-07-02 12:02:00,158.39999389648438,158.4571990966797,158.00999450683594,158.0500030517578,88471,SPCX
2026-07-02 12:03:00,158.0500030517578,158.2899932861328,157.9199981689453,158.07000732421875,84690,SPCX
2026-07-02 12:04:00,158.0699005126953,158.0800018310547,157.94000244140625,158.01499938964844,70909,SPCX
2026-07-02 12:05:00,158.05999755859375,158.2989959716797,158.05999755859375,158.0850067138672,90266,SPCX
2026-07-02 12:06:00,158.0500030517578,158.11000061035156,157.72000122070312,157.80999755859375,97152,SPCX
2026-07-02 12:07:00,157.77999877929688,157.9208984375,157.6300048828125,157.68499755859375,100606,SPCX
2026-07-02 12:08:00,157.65350341796875,157.80999755859375,157.5800018310547,157.7449951171875,91096,SPCX
2026-07-02 12:09:00,157.75,157.9499969482422,157.5,157.69000244140625,111623,SPCX
2026-07-02 12:10:00,157.6999969482422,158.4600067138672,157.52000427246094,158.25999450683594,121172,SPCX
2026-07-02 12:11:00,158.25999450683594,158.25999450683594,157.83999633789062,157.83999633789062,284851,SPCX
2026-07-02 12:12:00,157.8300018310547,158.0399932861328,157.55999755859375,158.0399932861328,72399,SPCX
2026-07-02 12:13:00,158.0500030517578,158.1699981689453,157.9427032470703,158.14999389648438,54983,SPCX
2026-07-02 12:14:00,158.17999267578125,158.30999755859375,158.14300537109375,158.25,68771,SPCX
2026-07-02 12:15:00,158.22500610351562,158.25999450683594,157.88999938964844,157.91000366210938,72078,SPCX
2026-07-02 12:16:00,157.9250030517578,158.05999755859375,157.77999877929688,157.8699951171875,78315,SPCX
2026-07-02 12:17:00,157.82000732421875,157.82000732421875,157.5,157.51499938964844,77406,SPCX
2026-07-02 12:18:00,157.52000427246094,157.55999755859375,157.3300018310547,157.5,111293,SPCX
2026-07-02 12:19:00,157.51499938964844,157.87989807128906,157.5050048828125,157.72000122070312,61620,SPCX
2026-07-02 12:20:00,157.72000122070312,157.77000427246094,157.36000061035156,157.6313018798828,95592,SPCX
2026-07-02 12:21:00,157.64500427246094,157.83999633789062,157.50999450683594,157.74000549316406,53273,SPCX
2026-07-02 12:22:00,157.71499633789062,157.7899932861328,157.61000061035156,157.72500610351562,64783,SPCX
2026-07-02 12:23:00,157.73500061035156,157.77000427246094,156.9199981689453,157.0500030517578,246382,SPCX
2026-07-02 12:24:00,156.9949951171875,157.1396942138672,156.89999389648438,156.94500732421875,107026,SPCX
2026-07-02 12:25:00,156.94000244140625,157.42999267578125,156.91000366210938,157.32749938964844,62356,SPCX
2026-07-02 12:26:00,157.3000030517578,157.33999633789062,157.05999755859375,157.22500610351562,63218,SPCX
2026-07-02 12:27:00,157.25,157.39999389648438,157.1300048828125,157.36000061035156,60488,SPCX
2026-07-02 12:28:00,157.36000061035156,157.4499969482422,157.08999633789062,157.08999633789062,72823,SPCX
2026-07-02 12:29:00,157.11500549316406,157.17999267578125,156.3699951171875,156.5,240082,SPCX
2026-07-02 12:30:00,156.52999877929688,156.58999633789062,155.8800048828125,155.8800048828125,339807,SPCX
2026-07-02 12:31:00,155.89999389648438,156.1894073486328,155.89999389648438,155.9550018310547,127863,SPCX
2026-07-02 12:32:00,155.9698944091797,156.10000610351562,155.88009643554688,155.97999572753906,82522,SPCX
2026-07-02 12:33:00,155.97999572753906,156.22999572753906,155.92999267578125,156.11000061035156,93368,SPCX
2026-07-02 12:34:00,156.13999938964844,156.19000244140625,156.02999877929688,156.07000732421875,71140,SPCX
2026-07-02 12:35:00,156.07000732421875,156.4199981689453,156.02999877929688,156.32000732421875,75836,SPCX
2026-07-02 12:36:00,156.3699951171875,156.3699951171875,156.11000061035156,156.30499267578125,72033,SPCX
2026-07-02 12:37:00,156.30499267578125,156.39999389648438,156.0500030517578,156.22999572753906,475948,SPCX
2026-07-02 12:38:00,156.23500061035156,156.3800048828125,156.1699981689453,156.3300018310547,102399,SPCX
2026-07-02 12:39:00,156.30999755859375,156.52999877929688,156.22000122070312,156.4600067138672,112808,SPCX
2026-07-02 12:40:00,156.39999389648438,157.3800048828125,156.39999389648438,157.3800048828125,121950,SPCX
2026-07-02 12:41:00,157.34500122070312,157.60000610351562,157.32000732421875,157.4499969482422,126908,SPCX
2026-07-02 12:42:00,157.4575958251953,157.51499938964844,157.32000732421875,157.34500122070312,111718,SPCX
2026-07-02 12:43:00,157.36000061035156,157.60000610351562,157.30999755859375,157.5,76062,SPCX
2026-07-02 12:44:00,157.55999755859375,157.8282012939453,157.5500030517578,157.61000061035156,91548,SPCX
2026-07-02 12:45:00,157.61000061035156,157.61000061035156,157.36000061035156,157.47000122070312,71010,SPCX
2026-07-02 12:46:00,157.4550018310547,157.47000122070312,157.27000427246094,157.3000030517578,70012,SPCX
2026-07-02 12:47:00,157.30499267578125,157.52000427246094,157.28199768066406,157.4600067138672,62312,SPCX
2026-07-02 12:48:00,157.5,157.67999267578125,157.4499969482422,157.66000366210938,72501,SPCX
2026-07-02 12:49:00,157.63999938964844,158.05999755859375,157.610107421875,157.83009338378906,146853,SPCX
2026-07-02 12:50:00,157.86000061035156,157.91000366210938,157.33999633789062,157.43499755859375,89767,SPCX
2026-07-02 12:51:00,157.43499755859375,157.77999877929688,157.25,157.6300048828125,69308,SPCX
2026-07-02 12:52:00,157.6300048828125,157.64559936523438,157.47000122070312,157.470703125,53810,SPCX
2026-07-02 12:53:00,157.48500061035156,157.57249450683594,157.25999450683594,157.31500244140625,70725,SPCX
2026-07-02 12:54:00,157.35000610351562,157.53280639648438,157.3101043701172,157.3249969482422,58057,SPCX
2026-07-02 12:55:00,157.3249969482422,157.33999633789062,157.1602020263672,157.17999267578125,56570,SPCX
2026-07-02 12:56:00,157.22999572753906,157.25,157.0500030517578,157.11940002441406,62528,SPCX
2026-07-02 12:57:00,157.0906982421875,157.39990234375,157.08999633789062,157.22500610351562,278744,SPCX
2026-07-02 12:58:00,157.22999572753906,157.60000610351562,157.14999389648438,157.60000610351562,67190,SPCX
2026-07-02 12:59:00,157.6199951171875,157.8524932861328,157.4801025390625,157.69000244140625,89170,SPCX
2026-07-02 13:00:00,157.66000366210938,157.75999450683594,157.39999389648438,157.4499969482422,79967,SPCX
2026-07-02 13:01:00,157.4499969482422,157.4600067138672,157.0106964111328,157.38499450683594,131832,SPCX
2026-07-02 13:02:00,157.41000366210938,157.72000122070312,157.36000061035156,157.5,99698,SPCX
2026-07-02 13:03:00,157.53990173339844,157.53990173339844,157.35000610351562,157.4250030517578,59174,SPCX
2026-07-02 13:04:00,157.4250030517578,157.47000122070312,157.27000427246094,157.38999938964844,96869,SPCX
2026-07-02 13:05:00,157.41000366210938,157.64999389648438,157.22999572753906,157.6300048828125,81485,SPCX
2026-07-02 13:06:00,157.67999267578125,157.927001953125,157.6199951171875,157.89999389648438,110853,SPCX
2026-07-02 13:07:00,157.88999938964844,158.10000610351562,157.84010314941406,157.89500427246094,135205,SPCX
2026-07-02 13:08:00,157.88499450683594,157.88499450683594,157.5399932861328,157.63499450683594,105899,SPCX
2026-07-02 13:09:00,157.63499450683594,157.6699981689453,157.1999969482422,157.375,109032,SPCX
2026-07-02 13:10:00,157.36000061035156,157.3699951171875,157.0800018310547,157.25999450683594,92247,SPCX
2026-07-02 13:11:00,157.3000030517578,157.42999267578125,157.1699981689453,157.38499450683594,49666,SPCX
2026-07-02 13:12:00,157.38499450683594,157.55999755859375,157.33999633789062,157.3800048828125,119481,SPCX
2026-07-02 13:13:00,157.36000061035156,157.4600067138672,157.0500030517578,157.25999450683594,124238,SPCX
2026-07-02 13:14:00,157.3800048828125,157.42999267578125,156.91000366210938,156.9499969482422,114267,SPCX
2026-07-02 13:15:00,156.92999267578125,156.99000549316406,156.7899932861328,156.8300018310547,88803,SPCX
2026-07-02 13:16:00,156.8300018310547,156.85499572753906,156.69000244140625,156.8000030517578,87774,SPCX
2026-07-02 13:17:00,156.8000030517578,157.04989624023438,156.75,156.89999389648438,74540,SPCX
2026-07-02 13:18:00,156.9149932861328,157.27999877929688,156.9149932861328,157.02000427246094,176510,SPCX
2026-07-02 13:19:00,157.0500030517578,157.07000732421875,156.77999877929688,156.8300018310547,89164,SPCX
2026-07-02 13:20:00,156.8350067138672,156.92999267578125,156.77999877929688,156.8441925048828,58002,SPCX
2026-07-02 13:21:00,156.8249969482422,157.10000610351562,156.7899932861328,156.99000549316406,67589,SPCX
2026-07-02 13:22:00,157.0,157.36000061035156,156.99000549316406,157.07000732421875,75217,SPCX
2026-07-02 13:23:00,157.0399932861328,157.0399932861328,156.8000030517578,156.80999755859375,69313,SPCX
2026-07-02 13:24:00,156.8000030517578,156.82000732421875,156.63999938964844,156.72000122070312,102753,SPCX
2026-07-02 13:25:00,156.72000122070312,156.77000427246094,156.57000732421875,156.67999267578125,85437,SPCX
2026-07-02 13:26:00,156.6649932861328,156.72000122070312,156.55999755859375,156.60000610351562,78407,SPCX
2026-07-02 13:27:00,156.61000061035156,156.75999450683594,156.61000061035156,156.74000549316406,75892,SPCX
2026-07-02 13:28:00,156.74000549316406,156.80999755859375,156.61000061035156,156.8000030517578,92753,SPCX
2026-07-02 13:29:00,156.7899932861328,156.84609985351562,156.63009643554688,156.77499389648438,59676,SPCX
2026-07-02 13:30:00,156.77000427246094,156.86000061035156,156.75,156.85000610351562,64553,SPCX
2026-07-02 13:31:00,156.85000610351562,156.92990112304688,156.64999389648438,156.69000244140625,71497,SPCX
2026-07-02 13:32:00,156.68499755859375,156.8800048828125,156.58999633789062,156.8699951171875,81909,SPCX
2026-07-02 13:33:00,156.83999633789062,156.97000122070312,156.77870178222656,156.85000610351562,81312,SPCX
2026-07-02 13:34:00,156.81500244140625,156.88999938964844,156.42999267578125,156.4499969482422,116186,SPCX
2026-07-02 13:35:00,156.4250030517578,156.50999450683594,156.17999267578125,156.41000366210938,110202,SPCX
2026-07-02 13:36:00,156.3699951171875,156.4499969482422,156.08999633789062,156.11500549316406,99744,SPCX
2026-07-02 13:37:00,156.13999938964844,156.27999877929688,156.07009887695312,156.24000549316406,76669,SPCX
2026-07-02 13:38:00,156.25999450683594,156.35000610351562,156.17999267578125,156.19500732421875,84528,SPCX
2026-07-02 13:39:00,156.2100067138672,156.4600067138672,156.14999389648438,156.19000244140625,90032,SPCX
2026-07-02 13:40:00,156.19500732421875,156.27000427246094,155.91000366210938,156.08999633789062,142140,SPCX
2026-07-02 13:41:00,156.10499572753906,156.4499969482422,156.10499572753906,156.33999633789062,82144,SPCX
2026-07-02 13:42:00,156.3800048828125,156.8300018310547,156.30499267578125,156.8188934326172,70558,SPCX
2026-07-02 13:43:00,156.7899932861328,157.02999877929688,156.72999572753906,157.02999877929688,89455,SPCX
2026-07-02 13:44:00,157.0500030517578,157.5,156.88009643554688,157.49000549316406,153682,SPCX
2026-07-02 13:45:00,157.47000122070312,157.47000122070312,157.02999877929688,157.05499267578125,121374,SPCX
2026-07-02 13:46:00,157.0399932861328,157.13999938964844,156.91000366210938,156.91009521484375,128157,SPCX
2026-07-02 13:47:00,156.9499969482422,157.11849975585938,156.8699951171875,156.88499450683594,82184,SPCX
2026-07-02 13:48:00,156.89999389648438,157.0167999267578,156.85000610351562,156.91000366210938,91056,SPCX
2026-07-02 13:49:00,156.92999267578125,157.1199951171875,156.87550354003906,157.10000610351562,62369,SPCX
2026-07-02 13:50:00,157.10000610351562,157.39999389648438,157.07000732421875,157.3800048828125,82543,SPCX
2026-07-02 13:51:00,157.37989807128906,157.52999877929688,157.35499572753906,157.4149932861328,133354,SPCX
2026-07-02 13:52:00,157.4149932861328,157.5500030517578,157.1999969482422,157.35000610351562,139351,SPCX
2026-07-02 13:53:00,157.35000610351562,157.44000244140625,157.22000122070312,157.3800048828125,89829,SPCX
2026-07-02 13:54:00,157.38499450683594,157.7689971923828,157.35000610351562,157.6999969482422,76712,SPCX
2026-07-02 13:55:00,157.6405029296875,157.8800048828125,157.60000610351562,157.69500732421875,133710,SPCX
2026-07-02 13:56:00,157.69000244140625,157.69000244140625,157.1999969482422,157.3782958984375,91092,SPCX
2026-07-02 13:57:00,157.36000061035156,157.3773956298828,157.0500946044922,157.14500427246094,251581,SPCX
2026-07-02 13:58:00,157.14500427246094,157.14999389648438,156.83999633789062,156.9199981689453,106622,SPCX
2026-07-02 13:59:00,156.91000366210938,157.3300018310547,156.80999755859375,157.3300018310547,69057,SPCX
2026-07-02 14:00:00,157.30499267578125,157.41000366210938,157.1199951171875,157.22500610351562,341095,SPCX
2026-07-02 14:01:00,157.1999969482422,157.75,157.17999267578125,157.6728973388672,112946,SPCX
2026-07-02 14:02:00,157.6999969482422,158.3000030517578,157.6501007080078,158.10000610351562,183857,SPCX
2026-07-02 14:03:00,158.09500122070312,158.29989624023438,158.02999877929688,158.1199951171875,0,SPCX
2026-07-02 14:04:00,158.13999938964844,158.3000030517578,157.94000244140625,158.08999633789062,124468,SPCX
2026-07-02 14:05:00,158.0850067138672,158.35000610351562,158.0749969482422,158.30499267578125,148370,SPCX
2026-07-02 14:06:00,158.33999633789062,158.83999633789062,158.22000122070312,158.77499389648438,217644,SPCX
2026-07-02 14:07:00,158.74000549316406,158.9600067138672,158.6199951171875,158.75,103517,SPCX
2026-07-02 14:08:00,158.7550048828125,159.0594940185547,158.6999969482422,159.0,143087,SPCX
2026-07-02 14:09:00,159.02000427246094,159.1699981689453,158.94000244140625,158.9949951171875,120173,SPCX
2026-07-02 14:10:00,158.9949951171875,159.38999938964844,158.75,158.7852020263672,194168,SPCX
2026-07-02 14:11:00,158.8350067138672,159.0500030517578,158.6300048828125,158.94000244140625,88716,SPCX
2026-07-02 14:12:00,158.91000366210938,159.10000610351562,158.88999938964844,158.9250030517578,105974,SPCX
2026-07-02 14:13:00,158.9199981689453,159.00999450683594,158.69000244140625,158.85499572753906,95543,SPCX
2026-07-02 14:14:00,158.85499572753906,158.97999572753906,158.4199981689453,158.47999572753906,112419,SPCX
2026-07-02 14:15:00,158.47999572753906,158.6199951171875,158.39999389648438,158.52000427246094,67932,SPCX
2026-07-02 14:16:00,158.52000427246094,158.75,158.4499969482422,158.64999389648438,88515,SPCX
2026-07-02 14:17:00,158.6199951171875,158.6999969482422,158.4199981689453,158.4700927734375,93314,SPCX
2026-07-02 14:18:00,158.43499755859375,158.5,158.1999969482422,158.21009826660156,138089,SPCX
2026-07-02 14:19:00,158.22000122070312,158.2899932861328,158.11000061035156,158.11500549316406,99937,SPCX
2026-07-02 14:20:00,158.1199951171875,158.5,158.1199951171875,158.36000061035156,54222,SPCX
2026-07-02 14:21:00,158.36500549316406,158.57000732421875,158.3000030517578,158.53500366210938,63531,SPCX
2026-07-02 14:22:00,158.53500366210938,158.74000549316406,158.4600067138672,158.5800018310547,70327,SPCX
2026-07-02 14:23:00,158.5749969482422,158.625,158.44000244140625,158.6199951171875,86253,SPCX
2026-07-02 14:24:00,158.6199951171875,158.9499969482422,158.57009887695312,158.94000244140625,86758,SPCX
2026-07-02 14:25:00,158.91000366210938,159.1300048828125,158.91000366210938,158.97999572753906,143171,SPCX
2026-07-02 14:26:00,158.97000122070312,159.1699981689453,158.75,158.77999877929688,113236,SPCX
2026-07-02 14:27:00,158.77999877929688,159.0500030517578,158.75010681152344,158.98500061035156,61732,SPCX
2026-07-02 14:28:00,159.0,159.2100067138672,158.91000366210938,158.9199981689453,90441,SPCX
2026-07-02 14:29:00,158.91000366210938,158.95989990234375,158.72999572753906,158.88999938964844,74486,SPCX
2026-07-02 14:30:00,158.89999389648438,159.02499389648438,158.80999755859375,158.9499969482422,54848,SPCX
2026-07-02 14:31:00,159.0050048828125,159.0198974609375,158.87010192871094,158.94500732421875,48018,SPCX
2026-07-02 14:32:00,158.92660522460938,159.08999633789062,158.77000427246094,159.08999633789062,76538,SPCX
2026-07-02 14:33:00,159.0500030517578,159.28500366210938,159.0500030517578,159.11000061035156,66879,SPCX
2026-07-02 14:34:00,159.10499572753906,159.16000366210938,158.88999938964844,158.9375,90199,SPCX
2026-07-02 14:35:00,158.93499755859375,159.0,158.7003936767578,158.74000549316406,64600,SPCX
2026-07-02 14:36:00,158.8000030517578,158.82000732421875,158.63999938964844,158.75,61861,SPCX
2026-07-02 14:37:00,158.6999969482422,158.97000122070312,158.6925048828125,158.94000244140625,55102,SPCX
2026-07-02 14:38:00,158.93499755859375,159.0897979736328,158.92999267578125,159.05999755859375,83202,SPCX
2026-07-02 14:39:00,159.0,159.09820556640625,158.97000122070312,159.0200958251953,70309,SPCX
2026-07-02 14:40:00,159.02000427246094,159.1300048828125,158.85000610351562,158.9199981689453,82552,SPCX
2026-07-02 14:41:00,158.90499877929688,158.99989318847656,158.8300018310547,158.9499969482422,55014,SPCX
2026-07-02 14:42:00,158.94000244140625,159.13999938964844,158.94000244140625,159.09500122070312,61437,SPCX
2026-07-02 14:43:00,159.11000061035156,159.5,159.11000061035156,159.35499572753906,159973,SPCX
2026-07-02 14:44:00,159.35499572753906,159.52999877929688,159.05999755859375,159.05999755859375,99135,SPCX
2026-07-02 14:45:00,159.0399932861328,159.0800018310547,158.72999572753906,158.8188934326172,100889,SPCX
2026-07-02 14:46:00,158.86000061035156,159.08999633789062,158.80999755859375,159.0399932861328,50976,SPCX
2026-07-02 14:47:00,159.07000732421875,159.26080322265625,159.0,159.22000122070312,285032,SPCX
2026-07-02 14:48:00,159.25,159.36000061035156,159.14010620117188,159.35000610351562,63109,SPCX
2026-07-02 14:49:00,159.35000610351562,159.54849243164062,159.35000610351562,159.4250030517578,81478,SPCX
2026-07-02 14:50:00,159.4250030517578,159.4600067138672,159.1907958984375,159.29010009765625,110655,SPCX
2026-07-02 14:51:00,159.27000427246094,159.3699951171875,158.9600067138672,159.05589294433594,109666,SPCX
2026-07-02 14:52:00,159.07000732421875,159.1300048828125,158.77000427246094,158.97999572753906,120829,SPCX
2026-07-02 14:53:00,158.98989868164062,158.98989868164062,158.52000427246094,158.53500366210938,105136,SPCX
2026-07-02 14:54:00,158.52000427246094,158.6699981689453,158.24000549316406,158.4600067138672,140779,SPCX
2026-07-02 14:55:00,158.42999267578125,159.05999755859375,158.3000030517578,158.8699951171875,118736,SPCX
2026-07-02 14:56:00,158.89500427246094,159.0,158.75999450683594,158.83999633789062,63152,SPCX
2026-07-02 14:57:00,158.8000030517578,158.92990112304688,158.6999969482422,158.92990112304688,79785,SPCX
2026-07-02 14:58:00,158.90499877929688,159.05409240722656,158.6699981689453,158.7050018310547,85136,SPCX
2026-07-02 14:59:00,158.7050018310547,158.89999389648438,158.69009399414062,158.89999389648438,67265,SPCX
2026-07-02 15:00:00,158.89999389648438,158.97000122070312,158.63999938964844,158.63999938964844,76010,SPCX
2026-07-02 15:01:00,158.6300048828125,158.74000549316406,158.52000427246094,158.57000732421875,88837,SPCX
2026-07-02 15:02:00,158.5399932861328,158.76499938964844,158.5399932861328,158.63999938964844,51339,SPCX
2026-07-02 15:03:00,158.63999938964844,158.6699981689453,158.5,158.55419921875,64114,SPCX
2026-07-02 15:04:00,158.55999755859375,158.6699981689453,158.25,158.3000030517578,103586,SPCX
2026-07-02 15:05:00,158.3000030517578,158.37989807128906,158.16000366210938,158.19500732421875,66200,SPCX
2026-07-02 15:06:00,158.2100067138672,158.6999053955078,158.14999389648438,158.47999572753906,83365,SPCX
2026-07-02 15:07:00,158.50509643554688,158.6649932861328,158.4199981689453,158.5200958251953,77010,SPCX
2026-07-02 15:08:00,158.5377960205078,158.60000610351562,158.3800048828125,158.4600067138672,62278,SPCX
2026-07-02 15:09:00,158.47500610351562,158.5800018310547,158.36000061035156,158.5749969482422,83585,SPCX
2026-07-02 15:10:00,158.61000061035156,158.6999969482422,158.4199981689453,158.64999389648438,133866,SPCX
2026-07-02 15:11:00,158.66000366210938,158.77000427246094,158.61000061035156,158.63999938964844,78777,SPCX
2026-07-02 15:12:00,158.625,158.85000610351562,158.58999633789062,158.80999755859375,62816,SPCX
2026-07-02 15:13:00,158.82000732421875,158.89999389648438,158.7200927734375,158.84500122070312,58333,SPCX
2026-07-02 15:14:00,158.8350067138672,159.0800018310547,158.74429321289062,158.8800048828125,125062,SPCX
2026-07-02 15:15:00,158.9324951171875,159.10000610351562,158.85000610351562,159.02000427246094,142290,SPCX
2026-07-02 15:16:00,159.05499267578125,159.10000610351562,158.97999572753906,159.0,86093,SPCX
2026-07-02 15:17:00,159.0198974609375,159.0500030517578,158.77999877929688,158.82000732421875,143064,SPCX
2026-07-02 15:18:00,158.8000030517578,158.8800048828125,158.59010314941406,158.8300018310547,94565,SPCX
2026-07-02 15:19:00,158.80499267578125,158.9600067138672,158.78089904785156,158.82000732421875,50239,SPCX
2026-07-02 15:20:00,158.83999633789062,158.9199981689453,158.4199981689453,158.4499969482422,81176,SPCX
2026-07-02 15:21:00,158.4199981689453,158.57000732421875,158.27999877929688,158.27999877929688,75561,SPCX
2026-07-02 15:22:00,158.28500366210938,158.6199951171875,158.28500366210938,158.52000427246094,64426,SPCX
2026-07-02 15:23:00,158.52000427246094,158.8300018310547,158.52000427246094,158.76499938964844,81080,SPCX
2026-07-02 15:24:00,158.77499389648438,158.9499969482422,158.72999572753906,158.90499877929688,88101,SPCX
2026-07-02 15:25:00,158.89999389648438,158.99929809570312,158.8000030517578,158.84820556640625,117250,SPCX
2026-07-02 15:26:00,158.80999755859375,159.0,158.7899932861328,158.97999572753906,99904,SPCX
2026-07-02 15:27:00,158.97999572753906,159.22000122070312,158.8800048828125,159.13999938964844,161317,SPCX
2026-07-02 15:28:00,159.1649932861328,159.66000366210938,159.14010620117188,159.625,505902,SPCX
2026-07-02 15:29:00,159.66000366210938,160.00999450683594,159.60000610351562,159.72000122070312,326334,SPCX
2026-07-02 15:30:00,159.6999969482422,160.0,159.6999969482422,159.9199981689453,194996,SPCX
2026-07-02 15:31:00,159.91009521484375,160.52000427246094,159.91000366210938,160.4499969482422,220414,SPCX
2026-07-02 15:32:00,160.4403076171875,160.64999389648438,160.4217987060547,160.5699005126953,212810,SPCX
2026-07-02 15:33:00,160.52999877929688,160.89999389648438,160.42999267578125,160.66000366210938,261032,SPCX
2026-07-02 15:34:00,160.66000366210938,160.74000549316406,160.36000061035156,160.5800018310547,246724,SPCX
2026-07-02 15:35:00,160.61990356445312,160.65499877929688,160.47000122070312,160.56500244140625,196323,SPCX
2026-07-02 15:36:00,160.5399932861328,160.6999969482422,160.5399932861328,160.69000244140625,115578,SPCX
2026-07-02 15:37:00,160.65499877929688,161.17999267578125,160.61000061035156,161.0399932861328,312318,SPCX
2026-07-02 15:38:00,161.10000610351562,161.4499969482422,160.8300018310547,160.85000610351562,244619,SPCX
2026-07-02 15:39:00,160.84500122070312,160.94500732421875,160.22999572753906,160.6300048828125,220566,SPCX
2026-07-02 15:40:00,160.55999755859375,160.56869506835938,160.0200958251953,160.5500030517578,229592,SPCX
2026-07-02 15:41:00,160.5500030517578,160.97000122070312,160.33999633789062,160.95309448242188,348475,SPCX
2026-07-02 15:42:00,161.0,161.3000030517578,160.97999572753906,161.27999877929688,182709,SPCX
2026-07-02 15:43:00,161.27000427246094,161.4199981689453,161.19000244140625,161.31500244140625,210185,SPCX
2026-07-02 15:44:00,161.31500244140625,161.5,161.08009338378906,161.10130310058594,194665,SPCX
2026-07-02 15:45:00,161.11000061035156,161.44000244140625,161.11000061035156,161.2899932861328,150546,SPCX
2026-07-02 15:46:00,161.28500366210938,161.42999267578125,161.11199951171875,161.2700958251953,146267,SPCX
2026-07-02 15:47:00,161.2899932861328,161.3695068359375,161.16000366210938,161.22500610351562,104468,SPCX
2026-07-02 15:48:00,161.22000122070312,161.41000366210938,161.14100646972656,161.21499633789062,294885,SPCX
2026-07-02 15:49:00,161.21499633789062,161.36000061035156,161.0850067138672,161.22999572753906,157865,SPCX
2026-07-02 15:50:00,161.24000549316406,161.77000427246094,161.24000549316406,161.72500610351562,293712,SPCX
2026-07-02 15:51:00,161.75,161.85000610351562,161.6300048828125,161.73989868164062,171573,SPCX
2026-07-02 15:52:00,161.74000549316406,161.89999389648438,161.60000610351562,161.63499450683594,233796,SPCX
2026-07-02 15:53:00,161.64999389648438,161.7100067138672,161.2899932861328,161.3209991455078,190985,SPCX
2026-07-02 15:54:00,161.32000732421875,161.32009887695312,160.6699981689453,160.8300018310547,330161,SPCX
2026-07-02 15:55:00,160.80999755859375,161.5399932861328,160.80999755859375,161.3699951171875,280391,SPCX
2026-07-02 15:56:00,161.3800048828125,161.6999969482422,161.3699951171875,161.6300048828125,280245,SPCX
2026-07-02 15:57:00,161.61000061035156,162.0,161.47999572753906,161.9949951171875,333980,SPCX
2026-07-02 15:58:00,161.99710083007812,162.16000366210938,161.44000244140625,161.78399658203125,572893,SPCX
2026-07-02 15:59:00,161.76499938964844,161.97000122070312,161.72999572753906,161.86000061035156,618739,SPCX
2026-07-06 09:30:00,165.9499969482422,167.3800048828125,165.77000427246094,167.27000427246094,4986201,SPCX
2026-07-06 09:31:00,167.27000427246094,167.89500427246094,166.3800048828125,166.3800048828125,523243,SPCX
2026-07-06 09:32:00,166.46499633789062,167.44000244140625,166.44000244140625,166.8000030517578,337442,SPCX
2026-07-06 09:33:00,166.75,166.8300018310547,165.43499755859375,165.52999877929688,410075,SPCX
2026-07-06 09:34:00,165.52000427246094,166.41000366210938,165.05099487304688,166.31500244140625,423459,SPCX
2026-07-06 09:35:00,166.31500244140625,166.4058074951172,164.63999938964844,165.22000122070312,322037,SPCX
2026-07-06 09:36:00,165.21170043945312,165.3000030517578,163.6999969482422,164.3354949951172,396512,SPCX
2026-07-06 09:37:00,164.27000427246094,164.7100067138672,164.00999450683594,164.03500366210938,243662,SPCX
2026-07-06 09:38:00,164.0,164.2812957763672,163.72000122070312,163.9199981689453,272075,SPCX
2026-07-06 09:39:00,163.99000549316406,164.50999450683594,163.75,164.3249969482422,242243,SPCX
2026-07-06 09:40:00,164.3249969482422,164.88999938964844,164.13999938964844,164.66720581054688,214345,SPCX
2026-07-06 09:41:00,164.69500732421875,165.3000030517578,164.61000061035156,164.92999267578125,266625,SPCX
2026-07-06 09:42:00,164.875,165.9499969482422,164.8000030517578,165.72500610351562,251496,SPCX
2026-07-06 09:43:00,165.8000030517578,166.389892578125,165.57000732421875,166.1199951171875,329698,SPCX
2026-07-06 09:44:00,166.11000061035156,166.25,165.5399932861328,166.0749969482422,277217,SPCX
2026-07-06 09:45:00,166.00999450683594,166.88999938964844,165.69000244140625,166.75999450683594,345963,SPCX
2026-07-06 09:46:00,166.8800048828125,166.89999389648438,165.47999572753906,165.48500061035156,251360,SPCX
2026-07-06 09:47:00,165.42999267578125,166.12770080566406,165.32000732421875,165.93499755859375,201680,SPCX
2026-07-06 09:48:00,165.8800048828125,166.9499969482422,165.6999969482422,166.91000366210938,259512,SPCX
2026-07-06 09:49:00,166.9499969482422,167.26499938964844,166.67999267578125,166.69009399414062,429249,SPCX
2026-07-06 09:50:00,166.69000244140625,166.89999389648438,165.85000610351562,166.5500030517578,197500,SPCX
2026-07-06 09:51:00,166.50999450683594,167.00999450683594,166.47000122070312,166.6699981689453,217962,SPCX
2026-07-06 09:52:00,166.64999389648438,166.69000244140625,165.67999267578125,165.6999969482422,159139,SPCX
2026-07-06 09:53:00,165.73049926757812,166.11990356445312,165.5,165.99000549316406,184444,SPCX
2026-07-06 09:54:00,165.83999633789062,165.99960327148438,165.5,165.99960327148438,129854,SPCX
2026-07-06 09:55:00,166.0,166.0399932861328,165.50999450683594,165.51080322265625,158483,SPCX
2026-07-06 09:56:00,165.52999877929688,165.52999877929688,165.02000427246094,165.375,218757,SPCX
2026-07-06 09:57:00,165.3800048828125,165.77000427246094,165.24000549316406,165.61000061035156,149225,SPCX
2026-07-06 09:58:00,165.61000061035156,165.72000122070312,165.12010192871094,165.27000427246094,95604,SPCX
2026-07-06 09:59:00,165.18409729003906,165.27999877929688,164.5,164.6999969482422,343260,SPCX
2026-07-06 10:00:00,164.75,165.25,164.66009521484375,165.0800018310547,142315,SPCX
2026-07-06 10:01:00,165.13499450683594,165.52999877929688,164.70010375976562,165.39999389648438,146491,SPCX
2026-07-06 10:02:00,165.39999389648438,165.47999572753906,164.82000732421875,164.91000366210938,123655,SPCX
2026-07-06 10:03:00,164.93899536132812,165.0,164.32000732421875,164.63999938964844,193924,SPCX
2026-07-06 10:04:00,164.71499633789062,165.0998992919922,164.58999633789062,164.9600067138672,121300,SPCX
2026-07-06 10:05:00,165.02000427246094,165.3300018310547,164.71499633789062,164.85000610351562,131439,SPCX
2026-07-06 10:06:00,164.8800048828125,165.5500030517578,164.83009338378906,165.50990295410156,231419,SPCX
2026-07-06 10:07:00,165.47000122070312,165.75,165.25,165.6042938232422,150990,SPCX
2026-07-06 10:08:00,165.66000366210938,165.80999755859375,165.0,165.6300048828125,160352,SPCX
2026-07-06 10:09:00,165.5800018310547,165.6999969482422,165.12010192871094,165.2801055908203,134988,SPCX
2026-07-06 10:10:00,165.27999877929688,165.3800048828125,164.8000030517578,164.88999938964844,132372,SPCX
2026-07-06 10:11:00,164.91000366210938,164.97000122070312,164.22039794921875,164.302001953125,195751,SPCX
2026-07-06 10:12:00,164.22000122070312,164.4499969482422,163.9031982421875,164.0500030517578,278825,SPCX
2026-07-06 10:13:00,164.0399932861328,164.13999938964844,163.6999969482422,163.78500366210938,166008,SPCX
2026-07-06 10:14:00,163.77499389648438,163.77499389648438,163.16929626464844,163.20989990234375,247095,SPCX
2026-07-06 10:15:00,163.17999267578125,164.05999755859375,163.1300048828125,163.9998016357422,201999,SPCX
2026-07-06 10:16:00,164.0,164.0500030517578,163.50010681152344,163.593994140625,161870,SPCX
2026-07-06 10:17:00,163.60000610351562,163.82000732421875,163.15069580078125,163.75999450683594,153727,SPCX
2026-07-06 10:18:00,163.75999450683594,164.17999267578125,163.72000122070312,163.94000244140625,144904,SPCX
2026-07-06 10:19:00,163.89999389648438,164.0,163.60000610351562,163.80499267578125,107380,SPCX
2026-07-06 10:20:00,163.80499267578125,164.27000427246094,163.75999450683594,164.22430419921875,113916,SPCX
2026-07-06 10:21:00,164.17999267578125,164.22579956054688,163.5500030517578,163.69500732421875,165732,SPCX
2026-07-06 10:22:00,163.66000366210938,163.99000549316406,163.5850067138672,163.6123046875,125980,SPCX
2026-07-06 10:23:00,163.5500030517578,164.0500030517578,163.5500030517578,164.02999877929688,78949,SPCX
2026-07-06 10:24:00,164.02999877929688,164.3000030517578,163.80999755859375,164.0,119409,SPCX
2026-07-06 10:25:00,164.05499267578125,164.42999267578125,164.0,164.31069946289062,85894,SPCX
2026-07-06 10:26:00,164.3000030517578,164.33999633789062,163.32000732421875,163.3300018310547,302669,SPCX
2026-07-06 10:27:00,163.32000732421875,163.5050048828125,163.10000610351562,163.17999267578125,177418,SPCX
2026-07-06 10:28:00,163.13999938964844,163.1699981689453,162.5,162.82000732421875,415544,SPCX
2026-07-06 10:29:00,162.77000427246094,163.19500732421875,162.77000427246094,162.94000244140625,174593,SPCX
2026-07-06 10:30:00,162.92999267578125,163.17999267578125,162.82000732421875,163.14999389648438,115449,SPCX
2026-07-06 10:31:00,163.08009338378906,163.25,162.94259643554688,163.0500030517578,167058,SPCX
2026-07-06 10:32:00,163.0399932861328,163.5,163.0,163.2899932861328,164314,SPCX
2026-07-06 10:33:00,163.33999633789062,163.57000732421875,162.9199981689453,163.0,146577,SPCX
2026-07-06 10:34:00,162.96499633789062,163.2100067138672,162.9199981689453,162.96499633789062,97429,SPCX
2026-07-06 10:35:00,162.91000366210938,163.10000610351562,162.70159912109375,162.97999572753906,163597,SPCX
2026-07-06 10:36:00,162.9600067138672,162.9600067138672,162.5200958251953,162.5749969482422,118061,SPCX
2026-07-06 10:37:00,162.58999633789062,162.6898956298828,162.22999572753906,162.63499450683594,188692,SPCX
2026-07-06 10:38:00,162.63499450683594,162.9799041748047,162.40499877929688,162.49000549316406,120573,SPCX
2026-07-06 10:39:00,162.4799041748047,162.6999969482422,162.39999389648438,162.5467071533203,124778,SPCX
2026-07-06 10:40:00,162.5500030517578,162.66000366210938,162.25010681152344,162.25010681152344,91815,SPCX
2026-07-06 10:41:00,162.27999877929688,162.3800048828125,161.63999938964844,161.89779663085938,352301,SPCX
2026-07-06 10:42:00,161.8800048828125,162.0800018310547,161.72999572753906,162.05499267578125,140992,SPCX
2026-07-06 10:43:00,162.10000610351562,162.97999572753906,162.05499267578125,162.88499450683594,182970,SPCX
2026-07-06 10:44:00,162.9499969482422,163.08999633789062,162.66000366210938,162.77999877929688,253517,SPCX
2026-07-06 10:45:00,162.77999877929688,162.77999877929688,162.10000610351562,162.13499450683594,166583,SPCX
2026-07-06 10:46:00,162.13499450683594,162.1699981689453,161.86000061035156,162.0,124685,SPCX
2026-07-06 10:47:00,161.9600067138672,162.0998992919922,161.78500366210938,161.8800048828125,144852,SPCX
2026-07-06 10:48:00,161.88499450683594,161.97000122070312,161.25,161.47000122070312,277373,SPCX
2026-07-06 10:49:00,161.47999572753906,161.67999267578125,161.35000610351562,161.4199981689453,136752,SPCX
2026-07-06 10:50:00,161.42999267578125,161.4600067138672,160.8800048828125,160.97999572753906,285401,SPCX
2026-07-06 10:51:00,160.88999938964844,161.0500030517578,160.35000610351562,160.375,229986,SPCX
2026-07-06 10:52:00,160.3699951171875,160.77000427246094,159.75,160.625,613259,SPCX
2026-07-06 10:53:00,160.63999938964844,161.1999969482422,160.32000732421875,161.15499877929688,298959,SPCX
2026-07-06 10:54:00,161.13999938964844,161.28990173339844,161.00010681152344,161.1199951171875,160859,SPCX
2026-07-06 10:55:00,161.11000061035156,161.5399932861328,161.07000732421875,161.47500610351562,194149,SPCX
2026-07-06 10:56:00,161.47500610351562,161.88999938964844,161.3000030517578,161.7895050048828,184838,SPCX
2026-07-06 10:57:00,161.76499938964844,161.8800048828125,161.60000610351562,161.83999633789062,136092,SPCX
2026-07-06 10:58:00,161.83999633789062,162.37989807128906,161.8000030517578,162.32000732421875,185384,SPCX
2026-07-06 10:59:00,162.3000030517578,162.35000610351562,161.77000427246094,161.8699951171875,190794,SPCX
2026-07-06 11:00:00,161.97999572753906,162.5,161.36000061035156,161.5299072265625,529111,SPCX
2026-07-06 11:01:00,161.5299072265625,161.8780059814453,161.4600067138672,161.77000427246094,98453,SPCX
2026-07-06 11:02:00,161.75,161.92999267578125,161.5399932861328,161.5399932861328,78959,SPCX
2026-07-06 11:03:00,161.55999755859375,161.55999755859375,161.11000061035156,161.1999969482422,132743,SPCX
2026-07-06 11:04:00,161.14999389648438,161.1699981689453,160.97999572753906,161.1199951171875,144230,SPCX
2026-07-06 11:05:00,161.13999938964844,161.5,160.8000030517578,161.33999633789062,126991,SPCX
2026-07-06 11:06:00,161.33999633789062,161.55999755859375,161.3000030517578,161.36000061035156,99331,SPCX
2026-07-06 11:07:00,161.36000061035156,161.69000244140625,161.32009887695312,161.42950439453125,89415,SPCX
2026-07-06 11:08:00,161.39999389648438,161.7100067138672,161.25010681152344,161.6719970703125,86517,SPCX
2026-07-06 11:09:00,161.63999938964844,161.86000061035156,161.62010192871094,161.7100067138672,96405,SPCX
2026-07-06 11:10:00,161.67999267578125,161.97000122070312,161.6750030517578,161.91000366210938,91742,SPCX
2026-07-06 11:11:00,161.86000061035156,161.86000061035156,161.5800018310547,161.61000061035156,70890,SPCX
2026-07-06 11:12:00,161.63499450683594,161.72000122070312,161.32000732421875,161.4600067138672,91129,SPCX
2026-07-06 11:13:00,161.4499969482422,161.57989501953125,161.05050659179688,161.15499877929688,98931,SPCX
2026-07-06 11:14:00,161.1699981689453,161.32000732421875,161.10000610351562,161.29879760742188,77499,SPCX
2026-07-06 11:15:00,161.32000732421875,161.32000732421875,160.9199981689453,160.96640014648438,107367,SPCX
2026-07-06 11:16:00,160.97999572753906,160.97999572753906,160.00999450683594,160.02000427246094,309019,SPCX
2026-07-06 11:17:00,160.00999450683594,160.0876007080078,159.38009643554688,160.0093994140625,434023,SPCX
2026-07-06 11:18:00,159.9239959716797,160.0,159.6699981689453,159.89500427246094,145206,SPCX
2026-07-06 11:19:00,159.88999938964844,160.10580444335938,159.63999938964844,160.08999633789062,102635,SPCX
2026-07-06 11:20:00,160.08999633789062,160.19000244140625,159.91000366210938,160.08999633789062,103147,SPCX
2026-07-06 11:21:00,160.08999633789062,160.1699981689453,159.74099731445312,159.74099731445312,122067,SPCX
2026-07-06 11:22:00,159.80999755859375,159.89999389648438,159.5500030517578,159.8195037841797,130815,SPCX
2026-07-06 11:23:00,159.81069946289062,160.27999877929688,159.8000030517578,160.26499938964844,138720,SPCX
2026-07-06 11:24:00,160.26499938964844,160.33999633789062,160.0500030517578,160.1199951171875,115253,SPCX
2026-07-06 11:25:00,160.1649932861328,160.27000427246094,159.89999389648438,160.02999877929688,127890,SPCX
2026-07-06 11:26:00,160.05999755859375,160.25,159.89999389648438,160.1199951171875,89047,SPCX
2026-07-06 11:27:00,160.08999633789062,160.19000244140625,160.0,160.05999755859375,75380,SPCX
2026-07-06 11:28:00,160.08999633789062,160.14999389648438,159.80259704589844,160.02000427246094,107673,SPCX
2026-07-06 11:29:00,159.9949951171875,160.10000610351562,159.9199981689453,160.10000610351562,85931,SPCX
2026-07-06 11:30:00,160.08180236816406,160.32000732421875,159.96499633789062,160.08009338378906,106026,SPCX
2026-07-06 11:31:00,160.0800018310547,160.5989990234375,160.01010131835938,160.52999877929688,116590,SPCX
2026-07-06 11:32:00,160.5449981689453,160.9600067138672,160.3300018310547,160.9600067138672,147264,SPCX
2026-07-06 11:33:00,160.94000244140625,160.99000549316406,160.6300048828125,160.8000030517578,157485,SPCX
2026-07-06 11:34:00,160.85000610351562,161.0,160.75999450683594,160.77000427246094,86615,SPCX
2026-07-06 11:35:00,160.77499389648438,160.77499389648438,160.24000549316406,160.24000549316406,106723,SPCX
2026-07-06 11:36:00,160.2899932861328,160.4600067138672,160.1199951171875,160.42999267578125,78285,SPCX
2026-07-06 11:37:00,160.44000244140625,160.52000427246094,160.16000366210938,160.3800048828125,124128,SPCX
2026-07-06 11:38:00,160.39999389648438,161.0,160.33999633789062,160.8800048828125,102609,SPCX
2026-07-06 11:39:00,160.92999267578125,161.08999633789062,160.6199951171875,160.66000366210938,102533,SPCX
2026-07-06 11:40:00,160.66000366210938,160.8699951171875,160.36000061035156,160.8699951171875,83885,SPCX
2026-07-06 11:41:00,160.81500244140625,160.92999267578125,160.72500610351562,160.80499267578125,85348,SPCX
2026-07-06 11:42:00,160.80499267578125,160.9550018310547,160.64999389648438,160.74000549316406,94901,SPCX
2026-07-06 11:43:00,160.69000244140625,160.7100067138672,160.55999755859375,160.67999267578125,76391,SPCX
2026-07-06 11:44:00,160.64259338378906,160.7299041748047,160.35000610351562,160.4788055419922,131065,SPCX
2026-07-06 11:45:00,160.4499969482422,160.61000061035156,160.36000061035156,160.36000061035156,79066,SPCX
2026-07-06 11:46:00,160.3699951171875,160.57000732421875,160.25,160.4499969482422,64732,SPCX
2026-07-06 11:47:00,160.44000244140625,160.5749969482422,160.3271026611328,160.52499389648438,66228,SPCX
2026-07-06 11:48:00,160.50999450683594,160.57000732421875,160.35000610351562,160.4499969482422,79446,SPCX
2026-07-06 11:49:00,160.4499969482422,160.46949768066406,160.2100067138672,160.42999267578125,71045,SPCX
2026-07-06 11:50:00,160.4550018310547,160.48989868164062,160.22000122070312,160.24000549316406,57084,SPCX
2026-07-06 11:51:00,160.24000549316406,160.57000732421875,160.24000549316406,160.30999755859375,80408,SPCX
2026-07-06 11:52:00,160.25999450683594,160.82000732421875,160.0800018310547,160.7899932861328,141676,SPCX
2026-07-06 11:53:00,160.83999633789062,160.83999633789062,160.61000061035156,160.6199951171875,80452,SPCX
2026-07-06 11:54:00,160.60000610351562,160.67999267578125,160.36000061035156,160.36000061035156,68932,SPCX
2026-07-06 11:55:00,160.34500122070312,160.99000549316406,160.34500122070312,160.88499450683594,108006,SPCX
2026-07-06 11:56:00,160.86000061035156,161.15989685058594,160.80999755859375,161.10000610351562,103459,SPCX
2026-07-06 11:57:00,161.10980224609375,161.14999389648438,160.72000122070312,160.7899932861328,122796,SPCX
2026-07-06 11:58:00,160.8300018310547,160.8300018310547,160.61000061035156,160.6699981689453,78944,SPCX
2026-07-06 11:59:00,160.64999389648438,160.89999389648438,160.6300048828125,160.7550048828125,62977,SPCX
2026-07-06 12:00:00,160.7799072265625,160.7799072265625,160.52000427246094,160.75,75910,SPCX
2026-07-06 12:01:00,160.74929809570312,160.92999267578125,160.70700073242188,160.8350067138672,92286,SPCX
2026-07-06 12:02:00,160.86990356445312,161.1300048828125,160.77859497070312,160.9499969482422,106735,SPCX
2026-07-06 12:03:00,161.02000427246094,161.17999267578125,160.9001007080078,161.0,72719,SPCX
2026-07-06 12:04:00,160.9499969482422,161.16000366210938,160.89999389648438,161.1300048828125,66471,SPCX
2026-07-06 12:05:00,161.13999938964844,161.1999969482422,160.86000061035156,161.0,75120,SPCX
2026-07-06 12:06:00,161.02000427246094,161.25999450683594,161.0,161.07000732421875,88833,SPCX
2026-07-06 12:07:00,161.14999389648438,161.98989868164062,161.14999389648438,161.9250030517578,212320,SPCX
2026-07-06 12:08:00,161.9199981689453,161.97000122070312,161.6999969482422,161.77999877929688,156246,SPCX
2026-07-06 12:09:00,161.75999450683594,162.0,161.5399932861328,161.56500244140625,169028,SPCX
2026-07-06 12:10:00,161.57000732421875,161.6999969482422,161.50999450683594,161.6634063720703,67836,SPCX
2026-07-06 12:11:00,161.67999267578125,161.6999969482422,161.3000030517578,161.47999572753906,69158,SPCX
2026-07-06 12:12:00,161.4600067138672,161.47000122070312,161.1999969482422,161.24000549316406,67913,SPCX
2026-07-06 12:13:00,161.24000549316406,161.52999877929688,161.2001953125,161.39999389648438,56418,SPCX
2026-07-06 12:14:00,161.36500549316406,161.39999389648438,161.0,161.0,70888,SPCX
2026-07-06 12:15:00,160.99000549316406,161.33999633789062,160.8800048828125,161.27499389648438,115671,SPCX
2026-07-06 12:16:00,161.32989501953125,161.6699981689453,161.24009704589844,161.4199981689453,96863,SPCX
2026-07-06 12:17:00,161.4199981689453,161.63999938964844,161.36000061035156,161.5,60781,SPCX
2026-07-06 12:18:00,161.5500030517578,161.60000610351562,161.4499969482422,161.46499633789062,66513,SPCX
2026-07-06 12:19:00,161.46499633789062,161.5989990234375,161.38999938964844,161.55499267578125,50504,SPCX
2026-07-06 12:20:00,161.57989501953125,161.58999633789062,161.3699951171875,161.4949951171875,59112,SPCX
2026-07-06 12:21:00,161.49000549316406,161.8000030517578,161.44009399414062,161.55999755859375,67141,SPCX
2026-07-06 12:22:00,161.5,161.5749969482422,161.22999572753906,161.22999572753906,64842,SPCX
2026-07-06 12:23:00,161.25,161.47999572753906,161.24000549316406,161.32000732421875,45583,SPCX
2026-07-06 12:24:00,161.32000732421875,161.32989501953125,161.1199951171875,161.16000366210938,57546,SPCX
2026-07-06 12:25:00,161.13690185546875,161.16000366210938,160.82000732421875,160.86000061035156,71397,SPCX
2026-07-06 12:26:00,160.92999267578125,161.05999755859375,160.75999450683594,161.0399932861328,69135,SPCX
2026-07-06 12:27:00,161.0500030517578,161.08999633789062,160.97999572753906,161.0574951171875,69747,SPCX
2026-07-06 12:28:00,161.05499267578125,161.14999389648438,160.9499969482422,161.125,256541,SPCX
2026-07-06 12:29:00,161.13999938964844,161.75999450683594,161.110107421875,161.71499633789062,89034,SPCX
2026-07-06 12:30:00,161.72000122070312,161.8000030517578,161.58009338378906,161.69000244140625,69104,SPCX
2026-07-06 12:31:00,161.6999969482422,161.94000244140625,161.5399932861328,161.9199981689453,88047,SPCX
2026-07-06 12:32:00,161.9149932861328,162.00999450683594,161.6750030517578,161.77000427246094,135440,SPCX
2026-07-06 12:33:00,161.75,162.0500030517578,161.6800994873047,161.92999267578125,91147,SPCX
2026-07-06 12:34:00,161.94000244140625,162.17999267578125,161.89999389648438,162.1269989013672,156706,SPCX
2026-07-06 12:35:00,162.12559509277344,162.27000427246094,161.75999450683594,161.89999389648438,182149,SPCX
2026-07-06 12:36:00,161.8699951171875,162.27999877929688,161.83999633789062,162.24000549316406,136880,SPCX
2026-07-06 12:37:00,162.24000549316406,162.25120544433594,162.10000610351562,162.11000061035156,73925,SPCX
2026-07-06 12:38:00,162.11000061035156,162.2899932861328,162.00369262695312,162.19000244140625,89202,SPCX
2026-07-06 12:39:00,162.17999267578125,162.5,162.14999389648438,162.2949981689453,165978,SPCX
2026-07-06 12:40:00,162.2899932861328,162.41000366210938,162.07000732421875,162.2899932861328,81356,SPCX
2026-07-06 12:41:00,162.25999450683594,162.2899932861328,162.0500030517578,162.2050018310547,64740,SPCX
2026-07-06 12:42:00,162.22999572753906,162.3699951171875,162.1999969482422,162.30999755859375,79735,SPCX
2026-07-06 12:43:00,162.27000427246094,162.2899932861328,162.11000061035156,162.27000427246094,71398,SPCX
2026-07-06 12:44:00,162.27000427246094,162.60000610351562,162.22500610351562,162.33999633789062,97991,SPCX
2026-07-06 12:45:00,162.3300018310547,162.4199981689453,161.9199981689453,162.0800018310547,118096,SPCX
2026-07-06 12:46:00,162.0800018310547,162.2899932861328,162.0019989013672,162.11000061035156,62331,SPCX
2026-07-06 12:47:00,162.08999633789062,162.1999969482422,161.9499969482422,162.0800018310547,55149,SPCX
2026-07-06 12:48:00,162.0800018310547,162.25,161.9499969482422,162.0850067138672,56771,SPCX
2026-07-06 12:49:00,162.05999755859375,162.25,161.75,161.97900390625,107080,SPCX
2026-07-06 12:50:00,161.99000549316406,162.16000366210938,161.9600067138672,162.16000366210938,54599,SPCX
2026-07-06 12:51:00,162.19000244140625,162.3800048828125,162.0800018310547,162.14500427246094,277181,SPCX
2026-07-06 12:52:00,162.13999938964844,162.16000366210938,162.0,162.02499389648438,57414,SPCX
2026-07-06 12:53:00,162.0225067138672,162.3000030517578,161.99000549316406,162.3000030517578,67540,SPCX
2026-07-06 12:54:00,162.3300018310547,162.49000549316406,162.13999938964844,162.27000427246094,103738,SPCX
2026-07-06 12:55:00,162.27499389648438,162.36990356445312,162.0500030517578,162.125,63854,SPCX
2026-07-06 12:56:00,162.08999633789062,162.30999755859375,162.07000732421875,162.22999572753906,51374,SPCX
2026-07-06 12:57:00,162.22999572753906,162.38999938964844,162.22000122070312,162.35000610351562,62384,SPCX
2026-07-06 12:58:00,162.34060668945312,162.3800048828125,161.88999938964844,161.89999389648438,91235,SPCX
2026-07-06 12:59:00,162.0,162.02000427246094,161.72000122070312,161.8300018310547,91199,SPCX
2026-07-06 13:00:00,161.88999938964844,162.1999969482422,161.80999755859375,162.14999389648438,77516,SPCX
2026-07-06 13:01:00,162.14500427246094,162.14500427246094,161.60000610351562,161.6999969482422,83266,SPCX
2026-07-06 13:02:00,161.67999267578125,161.72000122070312,161.3000030517578,161.32000732421875,516920,SPCX
2026-07-06 13:03:00,161.33999633789062,161.44000244140625,161.05999755859375,161.0850067138672,137048,SPCX
2026-07-06 13:04:00,161.08999633789062,161.3300018310547,160.94000244140625,161.0500030517578,133776,SPCX
2026-07-06 13:05:00,161.0,161.00999450683594,160.6300048828125,160.7550048828125,113733,SPCX
2026-07-06 13:06:00,160.7550048828125,161.32000732421875,160.69000244140625,161.20249938964844,86709,SPCX
2026-07-06 13:07:00,161.13999938964844,161.38999938964844,161.00999450683594,161.27499389648438,71977,SPCX
2026-07-06 13:08:00,161.25,161.25999450683594,160.9600067138672,161.14999389648438,91095,SPCX
2026-07-06 13:09:00,161.1199951171875,161.25999450683594,161.05999755859375,161.1699981689453,46708,SPCX
2026-07-06 13:10:00,161.10000610351562,161.27999877929688,160.9199981689453,160.92999267578125,61637,SPCX
2026-07-06 13:11:00,160.97000122070312,161.08999633789062,160.69000244140625,160.78500366210938,85744,SPCX
2026-07-06 13:12:00,160.77000427246094,160.9499969482422,160.64999389648438,160.81539916992188,52865,SPCX
2026-07-06 13:13:00,160.92999267578125,161.22000122070312,160.8800048828125,161.22000122070312,72387,SPCX
2026-07-06 13:14:00,161.22000122070312,161.25,161.0,161.25,76374,SPCX
2026-07-06 13:15:00,161.27499389648438,161.33999633789062,161.08999633789062,161.32000732421875,65185,SPCX
2026-07-06 13:16:00,161.33999633789062,161.3699951171875,161.10150146484375,161.1649932861328,64324,SPCX
2026-07-06 13:17:00,161.13999938964844,161.25,161.05999755859375,161.11500549316406,82614,SPCX
2026-07-06 13:18:00,161.1199951171875,161.22000122070312,161.0,161.10499572753906,62331,SPCX
2026-07-06 13:19:00,161.10499572753906,161.1300048828125,160.75999450683594,160.88999938964844,103584,SPCX
2026-07-06 13:20:00,160.88999938964844,160.9698944091797,160.74000549316406,160.80999755859375,70544,SPCX
2026-07-06 13:21:00,160.77999877929688,160.8699951171875,160.4340057373047,160.63999938964844,158618,SPCX
2026-07-06 13:22:00,160.64500427246094,160.6999053955078,160.4600067138672,160.57000732421875,79644,SPCX
2026-07-06 13:23:00,160.58999633789062,160.60000610351562,160.4499969482422,160.53500366210938,87471,SPCX
2026-07-06 13:24:00,160.5500030517578,160.72999572753906,160.4499969482422,160.6829071044922,66900,SPCX
2026-07-06 13:25:00,160.6750030517578,160.79989624023438,160.61000061035156,160.77000427246094,75639,SPCX
2026-07-06 13:26:00,160.77000427246094,160.8000030517578,160.61000061035156,160.65499877929688,53795,SPCX
2026-07-06 13:27:00,160.65499877929688,160.69000244140625,160.4199981689453,160.52000427246094,81813,SPCX
2026-07-06 13:28:00,160.5,160.63999938964844,160.4499969482422,160.61000061035156,49020,SPCX
2026-07-06 13:29:00,160.61000061035156,160.6649932861328,160.39999389648438,160.50990295410156,65260,SPCX
2026-07-06 13:30:00,160.49000549316406,160.56500244140625,160.3800048828125,160.42999267578125,66334,SPCX
2026-07-06 13:31:00,160.43499755859375,160.49000549316406,160.00999450683594,160.1199951171875,197670,SPCX
2026-07-06 13:32:00,160.13999938964844,160.31500244140625,159.92999267578125,160.22999572753906,272684,SPCX
2026-07-06 13:33:00,160.21499633789062,160.24000549316406,160.08999633789062,160.16000366210938,55714,SPCX
2026-07-06 13:34:00,160.13999938964844,160.25,160.0500030517578,160.1739959716797,62489,SPCX
2026-07-06 13:35:00,160.1699981689453,160.22000122070312,159.77999877929688,160.02999877929688,141815,SPCX
2026-07-06 13:36:00,160.02000427246094,160.07000732421875,159.83999633789062,159.97000122070312,72600,SPCX
2026-07-06 13:37:00,160.0449981689453,160.14990234375,159.8278045654297,160.03500366210938,69302,SPCX
2026-07-06 13:38:00,160.00570678710938,160.10000610351562,159.1199951171875,159.69000244140625,284530,SPCX
2026-07-06 13:39:00,159.71499633789062,159.7899932861328,159.17999267578125,159.2100067138672,141639,SPCX
2026-07-06 13:40:00,159.2100067138672,159.27000427246094,158.57000732421875,158.5800018310547,900165,SPCX
2026-07-06 13:41:00,158.57000732421875,158.71499633789062,158.19000244140625,158.27999877929688,295577,SPCX
2026-07-06 13:42:00,158.2550048828125,158.2899932861328,157.13999938964844,157.50999450683594,524608,SPCX
2026-07-06 13:43:00,157.47500610351562,157.75999450683594,157.35000610351562,157.6699981689453,208132,SPCX
2026-07-06 13:44:00,157.69000244140625,157.69000244140625,157.31500244140625,157.51499938964844,198210,SPCX
2026-07-06 13:45:00,157.4810028076172,158.25,157.47999572753906,158.22000122070312,212730,SPCX
2026-07-06 13:46:00,158.14500427246094,158.22000122070312,157.72500610351562,157.75,194428,SPCX
2026-07-06 13:47:00,157.72000122070312,157.79989624023438,157.11000061035156,157.11000061035156,209839,SPCX
2026-07-06 13:48:00,157.1300048828125,157.1699981689453,156.3800048828125,156.7198944091797,589972,SPCX
2026-07-06 13:49:00,156.68499755859375,156.75369262695312,156.1199951171875,156.16510009765625,303121,SPCX
2026-07-06 13:50:00,156.1300048828125,156.30999755859375,155.85000610351562,155.94000244140625,436391,SPCX
2026-07-06 13:51:00,155.92999267578125,156.22000122070312,155.75,155.97999572753906,667744,SPCX
2026-07-06 13:52:00,155.91000366210938,156.0800018310547,155.5500030517578,155.92999267578125,244656,SPCX
2026-07-06 13:53:00,155.91270446777344,156.25,155.75,156.1300048828125,221387,SPCX
2026-07-06 13:54:00,156.1199951171875,156.3300018310547,155.9199981689453,155.94500732421875,244963,SPCX
2026-07-06 13:55:00,155.96499633789062,156.07000732421875,155.50999450683594,155.8000946044922,301808,SPCX
2026-07-06 13:56:00,155.88999938964844,155.94000244140625,155.5800018310547,155.7050018310547,203579,SPCX
2026-07-06 13:57:00,155.68499755859375,155.68499755859375,155.4499969482422,155.47500610351562,219560,SPCX
2026-07-06 13:58:00,155.4700927734375,155.55999755859375,155.3000030517578,155.40150451660156,177386,SPCX
2026-07-06 13:59:00,155.3800048828125,155.77000427246094,155.25999450683594,155.73939514160156,250071,SPCX
2026-07-06 14:00:00,155.72000122070312,156.0399932861328,155.1699981689453,155.42999267578125,348930,SPCX
2026-07-06 14:01:00,155.38999938964844,155.889892578125,155.3000030517578,155.78810119628906,171254,SPCX
2026-07-06 14:02:00,155.7899932861328,156.07000732421875,155.7100067138672,155.9499969482422,228534,SPCX
2026-07-06 14:03:00,155.97999572753906,156.0800018310547,155.66000366210938,155.6750030517578,202035,SPCX
2026-07-06 14:04:00,155.64999389648438,156.97999572753906,155.50010681152344,156.83999633789062,328355,SPCX
2026-07-06 14:05:00,156.86500549316406,157.0998992919922,156.58999633789062,156.58999633789062,219155,SPCX
2026-07-06 14:06:00,156.61990356445312,156.83999633789062,155.6699981689453,156.13999938964844,225080,SPCX
2026-07-06 14:07:00,156.13999938964844,157.21499633789062,156.02000427246094,157.08999633789062,184976,SPCX
2026-07-06 14:08:00,157.0449981689453,157.4698944091797,157.0,157.3800048828125,173810,SPCX
2026-07-06 14:09:00,157.3997039794922,157.49000549316406,157.11000061035156,157.43499755859375,157143,SPCX
2026-07-06 14:10:00,157.4199981689453,157.5699005126953,156.87010192871094,157.00999450683594,186608,SPCX
2026-07-06 14:11:00,157.0050048828125,157.0500030517578,156.60000610351562,156.72000122070312,108339,SPCX
2026-07-06 14:12:00,156.72999572753906,156.97999572753906,156.50999450683594,156.5399932861328,114273,SPCX
2026-07-06 14:13:00,156.5399932861328,156.75999450683594,156.50999450683594,156.67999267578125,97074,SPCX
2026-07-06 14:14:00,156.67999267578125,157.00999450683594,156.5,156.9250030517578,143751,SPCX
2026-07-06 14:15:00,156.9250030517578,157.47000122070312,156.89999389648438,157.43499755859375,103050,SPCX
2026-07-06 14:16:00,157.43499755859375,157.8865966796875,157.39999389648438,157.57989501953125,182990,SPCX
2026-07-06 14:17:00,157.57000732421875,157.61880493164062,156.86000061035156,157.07949829101562,143422,SPCX
2026-07-06 14:18:00,157.07000732421875,157.3498992919922,156.89999389648438,157.08999633789062,116663,SPCX
2026-07-06 14:19:00,157.09500122070312,157.27000427246094,157.08999633789062,157.21499633789062,73706,SPCX
2026-07-06 14:20:00,157.21499633789062,157.3000030517578,157.0,157.1199951171875,87575,SPCX
2026-07-06 14:21:00,157.14999389648438,157.2353057861328,156.8300018310547,156.88999938964844,105004,SPCX
2026-07-06 14:22:00,156.86050415039062,157.05999755859375,156.845703125,157.0500030517578,79784,SPCX
2026-07-06 14:23:00,157.0596923828125,157.13999938964844,156.8000030517578,156.9499969482422,90953,SPCX
2026-07-06 14:24:00,156.9499969482422,157.04600524902344,156.75999450683594,156.83999633789062,406356,SPCX
2026-07-06 14:25:00,156.8874969482422,156.94000244140625,156.66000366210938,156.7899932861328,78555,SPCX
2026-07-06 14:26:00,156.73500061035156,156.8699951171875,156.6999969482422,156.75,61160,SPCX
2026-07-06 14:27:00,156.75999450683594,156.7899932861328,156.33999633789062,156.3498992919922,329403,SPCX
2026-07-06 14:28:00,156.3300018310547,156.47219848632812,156.27029418945312,156.46749877929688,91825,SPCX
2026-07-06 14:29:00,156.47999572753906,156.60000610351562,156.39999389648438,156.51499938964844,90152,SPCX
2026-07-06 14:30:00,156.39999389648438,156.52349853515625,156.2899932861328,156.44000244140625,77729,SPCX
2026-07-06 14:31:00,156.42999267578125,156.52999877929688,156.27000427246094,156.41000366210938,77531,SPCX
2026-07-06 14:32:00,156.41000366210938,156.47999572753906,156.3000030517578,156.3000030517578,52508,SPCX
2026-07-06 14:33:00,156.27999877929688,156.3699951171875,156.25999450683594,156.3699951171875,74607,SPCX
2026-07-06 14:34:00,156.3699951171875,156.44000244140625,156.25999450683594,156.2819061279297,99976,SPCX
2026-07-06 14:35:00,156.3300018310547,156.52999877929688,156.30999755859375,156.36000061035156,84089,SPCX
2026-07-06 14:36:00,156.37759399414062,156.48989868164062,156.17999267578125,156.4199981689453,96576,SPCX
2026-07-06 14:37:00,156.4199981689453,156.5800018310547,156.3300018310547,156.3699951171875,67035,SPCX
2026-07-06 14:38:00,156.3699951171875,156.50999450683594,156.35000610351562,156.4250030517578,70993,SPCX
2026-07-06 14:39:00,156.41000366210938,156.44000244140625,156.2899932861328,156.3350067138672,68845,SPCX
2026-07-06 14:40:00,156.33999633789062,156.43499755859375,156.18499755859375,156.25,99492,SPCX
2026-07-06 14:41:00,156.24000549316406,156.4683074951172,156.1999969482422,156.42990112304688,71850,SPCX
2026-07-06 14:42:00,156.40499877929688,156.60000610351562,156.3000030517578,156.49000549316406,83912,SPCX
2026-07-06 14:43:00,156.4600067138672,156.5198974609375,156.3209991455078,156.43499755859375,64997,SPCX
2026-07-06 14:44:00,156.4199981689453,156.4600067138672,156.22999572753906,156.2624053955078,87844,SPCX
2026-07-06 14:45:00,156.27999877929688,156.35989379882812,156.19000244140625,156.2899932861328,115861,SPCX
2026-07-06 14:46:00,156.25999450683594,156.39999389648438,156.1199951171875,156.23500061035156,93122,SPCX
2026-07-06 14:47:00,156.25,156.3332061767578,156.1699981689453,156.2449951171875,191375,SPCX
2026-07-06 14:48:00,156.25,156.38999938964844,156.0800018310547,156.1750030517578,123036,SPCX
2026-07-06 14:49:00,156.1750030517578,156.25,155.8800048828125,155.89999389648438,263280,SPCX
2026-07-06 14:50:00,155.91000366210938,156.0800018310547,155.85009765625,156.05499267578125,510136,SPCX
2026-07-06 14:51:00,156.05999755859375,156.25999450683594,155.94000244140625,156.0399932861328,110369,SPCX
2026-07-06 14:52:00,156.03500366210938,156.03500366210938,155.77000427246094,155.8000030517578,104843,SPCX
2026-07-06 14:53:00,155.8000030517578,155.94000244140625,155.72999572753906,155.92999267578125,109218,SPCX
2026-07-06 14:54:00,155.92999267578125,155.9499969482422,155.77499389648438,155.88999938964844,118222,SPCX
2026-07-06 14:55:00,155.88999938964844,156.22999572753906,155.88999938964844,156.16900634765625,153932,SPCX
2026-07-06 14:56:00,156.1699981689453,156.1999969482422,155.9199981689453,156.02999877929688,144348,SPCX
2026-07-06 14:57:00,156.01499938964844,156.13999938964844,155.95010375976562,156.0500030517578,82250,SPCX
2026-07-06 14:58:00,156.11000061035156,156.11000061035156,155.83999633789062,155.83999633789062,120909,SPCX
2026-07-06 14:59:00,155.8000030517578,156.02999877929688,155.7899932861328,155.94000244140625,98904,SPCX
2026-07-06 15:00:00,155.9199981689453,156.25,155.8699951171875,156.01499938964844,122561,SPCX
2026-07-06 15:01:00,156.01499938964844,156.05999755859375,155.88009643554688,156.00999450683594,78704,SPCX
2026-07-06 15:02:00,156.02499389648438,156.0500030517578,155.82000732421875,155.85499572753906,79150,SPCX
2026-07-06 15:03:00,155.83999633789062,155.8800048828125,155.52000427246094,155.6199951171875,192799,SPCX
2026-07-06 15:04:00,155.60499572753906,155.77999877929688,155.55999755859375,155.63040161132812,95623,SPCX
2026-07-06 15:05:00,155.64500427246094,155.92990112304688,155.64500427246094,155.88999938964844,83033,SPCX
2026-07-06 15:06:00,155.88999938964844,156.0399932861328,155.75,156.0399932861328,101540,SPCX
2026-07-06 15:07:00,156.0399932861328,156.0500030517578,155.8000030517578,155.82000732421875,80697,SPCX
2026-07-06 15:08:00,155.85000610351562,155.9499969482422,155.64999389648438,155.89999389648438,134493,SPCX
2026-07-06 15:09:00,155.9199981689453,156.4499969482422,155.8699951171875,156.38499450683594,143615,SPCX
2026-07-06 15:10:00,156.39999389648438,156.6999969482422,156.22000122070312,156.5760040283203,203730,SPCX
2026-07-06 15:11:00,156.5399932861328,156.60000610351562,156.1999969482422,156.46969604492188,191915,SPCX
2026-07-06 15:12:00,156.43499755859375,156.6999969482422,156.33009338378906,156.55999755859375,127476,SPCX
2026-07-06 15:13:00,156.5449981689453,156.64999389648438,156.39999389648438,156.49000549316406,123388,SPCX
2026-07-06 15:14:00,156.47999572753906,156.6699981689453,156.4300994873047,156.60000610351562,113464,SPCX
2026-07-06 15:15:00,156.5800018310547,156.97999572753906,156.25,156.83999633789062,210438,SPCX
2026-07-06 15:16:00,156.8699951171875,156.92999267578125,156.6300048828125,156.77000427246094,147625,SPCX
2026-07-06 15:17:00,156.75999450683594,156.77000427246094,156.55999755859375,156.64999389648438,165977,SPCX
2026-07-06 15:18:00,156.67999267578125,157.08999633789062,156.64999389648438,156.97500610351562,188294,SPCX
2026-07-06 15:19:00,156.97999572753906,157.02000427246094,156.5800018310547,156.61000061035156,210128,SPCX
2026-07-06 15:20:00,156.61000061035156,156.7498016357422,156.27999877929688,156.7498016357422,272395,SPCX
2026-07-06 15:21:00,156.6999969482422,156.8000030517578,156.49000549316406,156.49000549316406,127988,SPCX
2026-07-06 15:22:00,156.52000427246094,156.55499267578125,156.0749969482422,156.31500244140625,156266,SPCX
2026-07-06 15:23:00,156.31500244140625,156.44000244140625,156.22000122070312,156.36500549316406,137323,SPCX
2026-07-06 15:24:00,156.39999389648438,156.5800018310547,156.16009521484375,156.1699981689453,128108,SPCX
2026-07-06 15:25:00,156.19500732421875,156.30999755859375,156.02000427246094,156.2100067138672,146851,SPCX
2026-07-06 15:26:00,156.25,156.3699951171875,156.1699981689453,156.18499755859375,113539,SPCX
2026-07-06 15:27:00,156.17999267578125,156.27999877929688,156.0758056640625,156.14999389648438,137150,SPCX
2026-07-06 15:28:00,156.10000610351562,156.14999389648438,155.72999572753906,155.74000549316406,255043,SPCX
2026-07-06 15:29:00,155.72999572753906,155.86000061035156,155.66000366210938,155.75,170240,SPCX
2026-07-06 15:30:00,155.75999450683594,155.9199981689453,155.4199981689453,155.4499969482422,290561,SPCX
2026-07-06 15:31:00,155.4499969482422,155.72000122070312,155.44000244140625,155.5399932861328,248104,SPCX
2026-07-06 15:32:00,155.5,155.5500030517578,155.42999267578125,155.48939514160156,94842,SPCX
2026-07-06 15:33:00,155.47999572753906,155.60000610351562,155.08999633789062,155.23500061035156,293869,SPCX
2026-07-06 15:34:00,155.24000549316406,155.3350067138672,155.0399932861328,155.21499633789062,261242,SPCX
2026-07-06 15:35:00,155.22000122070312,155.65379333496094,155.22000122070312,155.46580505371094,226228,SPCX
2026-07-06 15:36:00,155.42999267578125,155.64999389648438,155.34230041503906,155.51010131835938,130932,SPCX
2026-07-06 15:37:00,155.47000122070312,155.8498992919922,155.33949279785156,155.77999877929688,128304,SPCX
2026-07-06 15:38:00,155.8000030517578,156.27999877929688,155.75999450683594,156.13999938964844,227469,SPCX
2026-07-06 15:39:00,156.13999938964844,156.3800048828125,156.1199951171875,156.3000030517578,161486,SPCX
2026-07-06 15:40:00,156.3179931640625,156.97999572753906,156.30999755859375,156.95989990234375,297632,SPCX
2026-07-06 15:41:00,156.95989990234375,157.36000061035156,156.93499755859375,157.11500549316406,361462,SPCX
2026-07-06 15:42:00,157.11500549316406,157.24000549316406,156.86000061035156,156.97439575195312,208324,SPCX
2026-07-06 15:43:00,156.97999572753906,157.25,156.9499969482422,157.13999938964844,238810,SPCX
2026-07-06 15:44:00,157.1300048828125,157.60000610351562,157.0,157.25999450683594,419141,SPCX
2026-07-06 15:45:00,157.22999572753906,157.38999938964844,156.97999572753906,157.1699981689453,396215,SPCX
2026-07-06 15:46:00,157.19500732421875,157.41000366210938,157.13999938964844,157.34500122070312,314953,SPCX
2026-07-06 15:47:00,157.3350067138672,157.8000030517578,157.3350067138672,157.66000366210938,361965,SPCX
2026-07-06 15:48:00,157.67999267578125,157.97000122070312,157.52000427246094,157.6999053955078,822602,SPCX
2026-07-06 15:49:00,157.66000366210938,158.0,157.66000366210938,158.0,475769,SPCX
2026-07-06 15:50:00,157.9510040283203,160.3800048828125,157.9510040283203,159.0399932861328,1925691,SPCX
2026-07-06 15:51:00,159.1199951171875,159.1199951171875,158.35000610351562,158.52000427246094,893348,SPCX
2026-07-06 15:52:00,158.52000427246094,159.0,158.2100067138672,158.8699951171875,883653,SPCX
2026-07-06 15:53:00,158.80999755859375,159.5,158.72000122070312,159.25,726599,SPCX
2026-07-06 15:54:00,159.24000549316406,159.72999572753906,158.8699951171875,159.69000244140625,1041612,SPCX
2026-07-06 15:55:00,159.74000549316406,160.47999572753906,159.58900451660156,160.4199981689453,1544713,SPCX
2026-07-06 15:56:00,160.42999267578125,160.75,160.3000030517578,160.3000030517578,979483,SPCX
2026-07-06 15:57:00,160.30499267578125,160.60000610351562,159.8000946044922,160.0399932861328,1489496,SPCX
2026-07-06 15:58:00,160.0399932861328,160.39999389648438,159.61000061035156,160.39999389648438,1393626,SPCX
2026-07-06 15:59:00,160.39999389648438,160.89999389648438,160.27000427246094,160.75,2442287,SPCX
2026-07-07 09:30:00,158.9199981689453,159.14999389648438,157.3000030517578,158.93499755859375,6045632,SPCX
2026-07-07 09:31:00,159.0050048828125,159.29989624023438,157.9600067138672,158.1501007080078,341458,SPCX
2026-07-07 09:32:00,158.19749450683594,158.99000549316406,157.83999633789062,158.5500030517578,345089,SPCX
2026-07-07 09:33:00,158.54010009765625,158.66000366210938,157.6300048828125,157.69000244140625,317782,SPCX
2026-07-07 09:34:00,157.69000244140625,157.75,156.61000061035156,157.0,479460,SPCX
2026-07-07 09:35:00,157.0,157.27549743652344,156.3800048828125,156.49000549316406,296958,SPCX
2026-07-07 09:36:00,156.52999877929688,156.8699951171875,156.22999572753906,156.3249969482422,445200,SPCX
2026-07-07 09:37:00,156.3249969482422,156.63999938964844,156.1300048828125,156.35499572753906,390408,SPCX
2026-07-07 09:38:00,156.33999633789062,156.3800048828125,154.27999877929688,154.875,1651144,SPCX
2026-07-07 09:39:00,154.91000366210938,154.91000366210938,154.1699981689453,154.5749969482422,542758,SPCX
2026-07-07 09:40:00,154.5500030517578,155.94000244140625,154.24000549316406,155.44000244140625,587675,SPCX
2026-07-07 09:41:00,155.44000244140625,155.7899932861328,155.3300018310547,155.47999572753906,314007,SPCX
2026-07-07 09:42:00,155.50990295410156,155.9499969482422,154.92999267578125,155.8000030517578,285692,SPCX
2026-07-07 09:43:00,155.8000030517578,155.93499755859375,155.27000427246094,155.27999877929688,252772,SPCX
2026-07-07 09:44:00,155.26499938964844,155.8800048828125,154.83999633789062,155.8300018310547,425885,SPCX
2026-07-07 09:45:00,155.79750061035156,155.8800048828125,155.41000366210938,155.47000122070312,237800,SPCX
2026-07-07 09:46:00,155.39999389648438,155.77000427246094,155.07000732421875,155.35000610351562,285217,SPCX
2026-07-07 09:47:00,155.3800048828125,155.39999389648438,154.5,154.52969360351562,367931,SPCX
2026-07-07 09:48:00,154.52999877929688,155.4199981689453,154.52999877929688,154.89500427246094,328081,SPCX
2026-07-07 09:49:00,154.89500427246094,154.97999572753906,154.52999877929688,154.7949981689453,247040,SPCX
2026-07-07 09:50:00,154.77999877929688,155.0399932861328,154.31500244140625,154.9600067138672,362127,SPCX
2026-07-07 09:51:00,155.03500366210938,155.10000610351562,154.39999389648438,154.42999267578125,273362,SPCX
2026-07-07 09:52:00,154.4499969482422,154.64999389648438,153.86000061035156,153.9600067138672,615673,SPCX
2026-07-07 09:53:00,153.9600067138672,154.10000610351562,153.60000610351562,153.76010131835938,411896,SPCX
2026-07-07 09:54:00,153.75999450683594,153.75999450683594,153.1020050048828,153.2949981689453,341822,SPCX
2026-07-07 09:55:00,153.2899932861328,153.30999755859375,152.5,152.50999450683594,539359,SPCX
2026-07-07 09:56:00,152.52499389648438,153.0,152.30999755859375,152.8000030517578,429270,SPCX
2026-07-07 09:57:00,152.78700256347656,152.83999633789062,152.2100067138672,152.22500610351562,296971,SPCX
2026-07-07 09:58:00,152.22500610351562,152.74000549316406,152.0399932861328,152.14999389648438,317959,SPCX
2026-07-07 09:59:00,152.16600036621094,153.24000549316406,152.1199951171875,153.0850067138672,333719,SPCX
2026-07-07 10:00:00,153.13999938964844,153.69000244140625,152.9199981689453,153.63499450683594,294914,SPCX
2026-07-07 10:01:00,153.6479949951172,153.9199981689453,153.2310028076172,153.43280029296875,311579,SPCX
2026-07-07 10:02:00,153.3800048828125,153.5,152.9199981689453,153.2449951171875,233378,SPCX
2026-07-07 10:03:00,153.24000549316406,153.4199981689453,152.5200958251953,152.52999877929688,316613,SPCX
2026-07-07 10:04:00,152.52999877929688,153.02000427246094,152.4199981689453,152.97000122070312,196808,SPCX
2026-07-07 10:05:00,152.9951934814453,153.08990478515625,152.41000366210938,152.41050720214844,270766,SPCX
2026-07-07 10:06:00,152.4550018310547,152.9199981689453,152.1999969482422,152.61000061035156,321404,SPCX
2026-07-07 10:07:00,152.66000366210938,152.92999267578125,152.5500030517578,152.82000732421875,147198,SPCX
2026-07-07 10:08:00,152.8354949951172,152.89700317382812,152.3000030517578,152.47000122070312,236555,SPCX
2026-07-07 10:09:00,152.46499633789062,153.00999450683594,152.38999938964844,152.6199951171875,185471,SPCX
2026-07-07 10:10:00,152.55499267578125,152.61000061035156,151.80999755859375,151.9600067138672,641374,SPCX
2026-07-07 10:11:00,151.9600067138672,152.4199981689453,151.91000366210938,152.22000122070312,226583,SPCX
2026-07-07 10:12:00,152.1999969482422,152.30999755859375,151.36000061035156,151.39999389648438,531506,SPCX
2026-07-07 10:13:00,151.39999389648438,151.5,151.2100067138672,151.36000061035156,296124,SPCX
2026-07-07 10:14:00,151.3300018310547,151.4499969482422,150.8000030517578,151.13999938964844,681467,SPCX
2026-07-07 10:15:00,151.125,151.16000366210938,150.85000610351562,151.11000061035156,339397,SPCX
2026-07-07 10:16:00,151.11000061035156,151.3300018310547,150.8699951171875,151.08999633789062,300915,SPCX
2026-07-07 10:17:00,151.11500549316406,151.75999450683594,150.9199981689453,151.66000366210938,271829,SPCX
2026-07-07 10:18:00,151.6699981689453,152.0800018310547,151.6300048828125,151.77000427246094,267695,SPCX
2026-07-07 10:19:00,151.77000427246094,151.77000427246094,151.11000061035156,151.52000427246094,195733,SPCX
2026-07-07 10:20:00,151.55999755859375,151.7899932861328,151.24000549316406,151.55499267578125,194483,SPCX
2026-07-07 10:21:00,151.58999633789062,151.8000030517578,151.4199981689453,151.52999877929688,187171,SPCX
2026-07-07 10:22:00,151.5489959716797,151.61000061035156,151.14999389648438,151.44500732421875,206599,SPCX
2026-07-07 10:23:00,151.40899658203125,151.47000122070312,151.11000061035156,151.25,158478,SPCX
2026-07-07 10:24:00,151.2698974609375,151.44000244140625,150.75,150.7899932861328,321843,SPCX
2026-07-07 10:25:00,150.80999755859375,151.1300048828125,150.5500030517578,150.95989990234375,336681,SPCX
2026-07-07 10:26:00,150.93499755859375,151.19000244140625,150.74000549316406,151.02000427246094,229417,SPCX
2026-07-07 10:27:00,151.02000427246094,151.3000030517578,151.0,151.0800018310547,177316,SPCX
2026-07-07 10:28:00,151.10000610351562,151.29989624023438,150.9499969482422,151.02999877929688,199095,SPCX
2026-07-07 10:29:00,151.03990173339844,152.0,151.02499389648438,151.90499877929688,300702,SPCX
2026-07-07 10:30:00,151.88999938964844,152.10499572753906,151.8699951171875,152.02000427246094,228858,SPCX
2026-07-07 10:31:00,152.05999755859375,152.27000427246094,151.72999572753906,151.8300018310547,211582,SPCX
2026-07-07 10:32:00,151.85499572753906,151.88999938964844,151.3000030517578,151.6999969482422,185220,SPCX
2026-07-07 10:33:00,151.72000122070312,152.1999969482422,151.72000122070312,152.1300048828125,137760,SPCX
2026-07-07 10:34:00,152.05999755859375,152.1300048828125,151.77999877929688,151.83999633789062,138613,SPCX
2026-07-07 10:35:00,151.83999633789062,152.0,151.3000030517578,151.3699951171875,165097,SPCX
2026-07-07 10:36:00,151.3300018310547,151.52000427246094,151.13999938964844,151.35000610351562,302765,SPCX
2026-07-07 10:37:00,151.37669372558594,151.37669372558594,150.86880493164062,151.21499633789062,266597,SPCX
2026-07-07 10:38:00,151.21499633789062,151.60000610351562,151.1300048828125,151.1999969482422,375076,SPCX
2026-07-07 10:39:00,151.1999969482422,151.41990661621094,151.0399932861328,151.2899932861328,119759,SPCX
2026-07-07 10:40:00,151.30999755859375,151.4499969482422,151.0399932861328,151.30499267578125,189368,SPCX
2026-07-07 10:41:00,151.32000732421875,151.37890625,151.10009765625,151.1699981689453,184554,SPCX
2026-07-07 10:42:00,151.11000061035156,151.30999755859375,150.8300018310547,151.19000244140625,239254,SPCX
2026-07-07 10:43:00,151.21499633789062,151.29989624023438,150.87010192871094,150.93499755859375,131197,SPCX
2026-07-07 10:44:00,150.97999572753906,151.02000427246094,150.75999450683594,150.92999267578125,212310,SPCX
2026-07-07 10:45:00,150.91000366210938,151.2899932861328,150.88499450683594,150.9600067138672,178256,SPCX
2026-07-07 10:46:00,150.92999267578125,151.3699951171875,150.72000122070312,151.10499572753906,182088,SPCX
2026-07-07 10:47:00,151.16000366210938,151.2100067138672,150.6699981689453,150.67999267578125,207075,SPCX
2026-07-07 10:48:00,150.72000122070312,150.89999389648438,150.2899932861328,150.5050048828125,420004,SPCX
2026-07-07 10:49:00,150.5800018310547,150.72999572753906,150.39999389648438,150.72999572753906,155761,SPCX
2026-07-07 10:50:00,150.63999938964844,150.9199981689453,150.63999938964844,150.82000732421875,165419,SPCX
2026-07-07 10:51:00,150.82000732421875,151.1199951171875,150.1199951171875,150.28500366210938,468587,SPCX
2026-07-07 10:52:00,150.30999755859375,150.77000427246094,150.22999572753906,150.76849365234375,199998,SPCX
2026-07-07 10:53:00,150.77000427246094,150.86990356445312,150.60000610351562,150.6699981689453,214872,SPCX
2026-07-07 10:54:00,150.67999267578125,150.9499969482422,150.5301055908203,150.91000366210938,188099,SPCX
2026-07-07 10:55:00,150.89999389648438,151.3300018310547,150.88070678710938,151.16000366210938,243973,SPCX
2026-07-07 10:56:00,151.1699981689453,151.3800048828125,150.5601043701172,150.77499389648438,266111,SPCX
2026-07-07 10:57:00,150.75,150.889892578125,150.5500030517578,150.67250061035156,231918,SPCX
2026-07-07 10:58:00,150.6750030517578,151.16000366210938,150.52999877929688,151.1199951171875,175495,SPCX
2026-07-07 10:59:00,151.1199951171875,151.6999969482422,151.08999633789062,151.52499389648438,268020,SPCX
2026-07-07 11:00:00,151.5,151.5,151.27000427246094,151.33999633789062,104739,SPCX
2026-07-07 11:01:00,151.3699951171875,151.63999938964844,151.0,151.5449981689453,126872,SPCX
2026-07-07 11:02:00,151.5843963623047,151.61000061035156,151.1300048828125,151.32000732421875,153521,SPCX
2026-07-07 11:03:00,151.33999633789062,151.41000366210938,151.0500030517578,151.41000366210938,95533,SPCX
2026-07-07 11:04:00,151.35000610351562,151.6199951171875,151.2100067138672,151.47500610351562,112187,SPCX
2026-07-07 11:05:00,151.48800659179688,151.57960510253906,151.17999267578125,151.2198944091797,127898,SPCX
2026-07-07 11:06:00,151.1999969482422,151.47000122070312,151.1300048828125,151.4600067138672,151970,SPCX
2026-07-07 11:07:00,151.4149932861328,151.60000610351562,151.1699981689453,151.5800018310547,106600,SPCX
2026-07-07 11:08:00,151.57000732421875,151.8800048828125,151.5399932861328,151.67999267578125,157223,SPCX
2026-07-07 11:09:00,151.72000122070312,152.1999969482422,151.67999267578125,151.88999938964844,216481,SPCX
2026-07-07 11:10:00,151.89999389648438,151.9499969482422,151.27000427246094,151.48989868164062,158510,SPCX
2026-07-07 11:11:00,151.4250030517578,151.60000610351562,151.3800048828125,151.5399932861328,103739,SPCX
2026-07-07 11:12:00,151.52999877929688,151.8699951171875,151.39999389648438,151.4600067138672,93108,SPCX
2026-07-07 11:13:00,151.42010498046875,151.8000030517578,151.39999389648438,151.8000030517578,83674,SPCX
2026-07-07 11:14:00,151.8000030517578,151.82000732421875,151.5749969482422,151.60000610351562,73257,SPCX
2026-07-07 11:15:00,151.61000061035156,151.72999572753906,151.3800048828125,151.60000610351562,114401,SPCX
2026-07-07 11:16:00,151.68099975585938,151.89999389648438,151.47000122070312,151.7949981689453,104732,SPCX
2026-07-07 11:17:00,151.77000427246094,151.87869262695312,151.38999938964844,151.53050231933594,126834,SPCX
2026-07-07 11:18:00,151.52999877929688,151.6031951904297,151.36000061035156,151.4199981689453,84592,SPCX
2026-07-07 11:19:00,151.4499969482422,151.60000610351562,151.22000122070312,151.4499969482422,98545,SPCX
2026-07-07 11:20:00,151.39999389648438,151.64500427246094,151.22000122070312,151.5800018310547,88929,SPCX
2026-07-07 11:21:00,151.6199951171875,151.97000122070312,151.61000061035156,151.89500427246094,114427,SPCX
2026-07-07 11:22:00,151.86000061035156,151.9698944091797,151.76010131835938,151.8697052001953,76795,SPCX
2026-07-07 11:23:00,151.85499572753906,151.88999938964844,151.64630126953125,151.875,121763,SPCX
2026-07-07 11:24:00,151.8699951171875,151.92999267578125,151.5500030517578,151.6300048828125,106199,SPCX
2026-07-07 11:25:00,151.625,151.9499969482422,151.55999755859375,151.72000122070312,169871,SPCX
2026-07-07 11:26:00,151.6999969482422,151.9698944091797,151.57699584960938,151.86000061035156,101106,SPCX
2026-07-07 11:27:00,151.8350067138672,151.8699951171875,151.67999267578125,151.8000030517578,102721,SPCX
2026-07-07 11:28:00,151.72799682617188,151.8699951171875,151.375,151.3800048828125,183712,SPCX
2026-07-07 11:29:00,151.375,151.60000610351562,151.3300018310547,151.57530212402344,74442,SPCX
2026-07-07 11:30:00,151.60000610351562,151.72999572753906,151.07000732421875,151.13560485839844,123949,SPCX
2026-07-07 11:31:00,151.00999450683594,151.3798065185547,150.7899932861328,151.3249969482422,263179,SPCX
2026-07-07 11:32:00,151.3634033203125,151.5,151.32000732421875,151.5,56120,SPCX
2026-07-07 11:33:00,151.5,151.60000610351562,151.3800048828125,151.60000610351562,88401,SPCX
2026-07-07 11:34:00,151.6199951171875,151.6999969482422,151.3300018310547,151.33419799804688,101810,SPCX
2026-07-07 11:35:00,151.40499877929688,151.64999389648438,151.14999389648438,151.6282958984375,87183,SPCX
2026-07-07 11:36:00,151.67999267578125,151.8699951171875,151.5800018310547,151.60499572753906,88095,SPCX
2026-07-07 11:37:00,151.61500549316406,151.6300048828125,151.3000946044922,151.58999633789062,71883,SPCX
2026-07-07 11:38:00,151.5749969482422,151.60000610351562,150.8800048828125,150.94000244140625,135464,SPCX
2026-07-07 11:39:00,150.94000244140625,150.94000244140625,150.63999938964844,150.71499633789062,136347,SPCX
2026-07-07 11:40:00,150.71499633789062,151.2487030029297,150.360107421875,151.22000122070312,163031,SPCX
2026-07-07 11:41:00,151.22000122070312,151.4499053955078,151.1199951171875,151.3000030517578,99999,SPCX
2026-07-07 11:42:00,151.33999633789062,151.33999633789062,151.0399932861328,151.3300018310547,95507,SPCX
2026-07-07 11:43:00,151.28500366210938,151.41000366210938,151.11000061035156,151.2904052734375,84316,SPCX
2026-07-07 11:44:00,151.35000610351562,151.58999633789062,151.2899932861328,151.42999267578125,105753,SPCX
2026-07-07 11:45:00,151.3800048828125,151.7899932861328,151.3699951171875,151.75,106514,SPCX
2026-07-07 11:46:00,151.72999572753906,151.77969360351562,151.56100463867188,151.6300048828125,74166,SPCX
2026-07-07 11:47:00,151.6300048828125,151.8699951171875,151.6199951171875,151.6300048828125,125460,SPCX
2026-07-07 11:48:00,151.6300048828125,151.75,151.49000549316406,151.5113067626953,109884,SPCX
2026-07-07 11:49:00,151.52000427246094,151.52000427246094,151.17999267578125,151.1999969482422,89470,SPCX
2026-07-07 11:50:00,151.15499877929688,151.4199981689453,151.15499877929688,151.3000030517578,76796,SPCX
2026-07-07 11:51:00,151.32000732421875,151.69000244140625,151.3000030517578,151.61000061035156,104193,SPCX
2026-07-07 11:52:00,151.60000610351562,152.1999969482422,151.3820037841797,151.94500732421875,219568,SPCX
2026-07-07 11:53:00,151.94500732421875,151.97999572753906,151.58999633789062,151.6649932861328,105042,SPCX
2026-07-07 11:54:00,151.6649932861328,151.77760314941406,151.4600067138672,151.7449951171875,98785,SPCX
2026-07-07 11:55:00,151.72000122070312,151.8000030517578,151.47999572753906,151.5800018310547,65750,SPCX
2026-07-07 11:56:00,151.5399932861328,151.75,151.35000610351562,151.49000549316406,79862,SPCX
2026-07-07 11:57:00,151.5487060546875,151.63909912109375,151.39999389648438,151.5500030517578,86420,SPCX
2026-07-07 11:58:00,151.5749969482422,151.5749969482422,150.8300018310547,151.14999389648438,261536,SPCX
2026-07-07 11:59:00,151.22999572753906,151.22999572753906,150.8300018310547,150.85000610351562,136215,SPCX
2026-07-07 12:00:00,150.85000610351562,151.14999389648438,150.64999389648438,151.13999938964844,152737,SPCX
2026-07-07 12:01:00,151.14500427246094,151.39999389648438,150.94000244140625,151.0500030517578,119387,SPCX
2026-07-07 12:02:00,151.08999633789062,151.08999633789062,150.42050170898438,150.6699981689453,304754,SPCX
2026-07-07 12:03:00,150.61000061035156,150.9499053955078,150.58399963378906,150.9499053955078,107927,SPCX
2026-07-07 12:04:00,150.86000061035156,150.9499969482422,150.75999450683594,150.8350067138672,128217,SPCX
2026-07-07 12:05:00,150.8350067138672,151.1300048828125,150.72000122070312,151.1300048828125,135802,SPCX
2026-07-07 12:06:00,151.08999633789062,151.18930053710938,150.9600067138672,151.18910217285156,86418,SPCX
2026-07-07 12:07:00,151.14500427246094,151.19000244140625,150.77999877929688,150.83999633789062,412006,SPCX
2026-07-07 12:08:00,150.83999633789062,151.0,150.60000610351562,150.82009887695312,120371,SPCX
2026-07-07 12:09:00,150.80999755859375,151.02999877929688,150.48080444335938,151.01499938964844,159037,SPCX
2026-07-07 12:10:00,151.0399932861328,151.35000610351562,150.9600067138672,151.0,104290,SPCX
2026-07-07 12:11:00,151.02000427246094,151.39999389648438,150.99000549316406,151.36000061035156,102401,SPCX
2026-07-07 12:12:00,151.35000610351562,151.60000610351562,151.30999755859375,151.60000610351562,109074,SPCX
2026-07-07 12:13:00,151.5800018310547,151.6999969482422,151.5399932861328,151.64520263671875,159217,SPCX
2026-07-07 12:14:00,151.64999389648438,152.14999389648438,151.61000061035156,152.01499938964844,229982,SPCX
2026-07-07 12:15:00,152.0399932861328,152.0500030517578,151.8800048828125,151.96499633789062,113117,SPCX
2026-07-07 12:16:00,151.96499633789062,152.0399932861328,151.8699951171875,151.9499969482422,96021,SPCX
2026-07-07 12:17:00,151.97999572753906,152.1699981689453,151.82000732421875,152.0500030517578,96154,SPCX
2026-07-07 12:18:00,152.08990478515625,152.3699951171875,151.92999267578125,152.04429626464844,206066,SPCX
2026-07-07 12:19:00,152.0800018310547,152.1300048828125,151.94500732421875,152.02999877929688,96718,SPCX
2026-07-07 12:20:00,152.03900146484375,152.99989318847656,152.0,152.6300048828125,326697,SPCX
2026-07-07 12:21:00,152.63499450683594,152.65989685058594,152.39999389648438,152.55999755859375,118538,SPCX
2026-07-07 12:22:00,152.58999633789062,152.8000030517578,152.5800018310547,152.8000030517578,102035,SPCX
2026-07-07 12:23:00,152.75,152.8699951171875,152.4600067138672,152.74000549316406,140792,SPCX
2026-07-07 12:24:00,152.72999572753906,152.74989318847656,152.32000732421875,152.41000366210938,127787,SPCX
2026-07-07 12:25:00,152.3800048828125,152.58999633789062,152.2899932861328,152.4149932861328,91595,SPCX
2026-07-07 12:26:00,152.4499969482422,152.75,152.39999389648438,152.74000549316406,93698,SPCX
2026-07-07 12:27:00,152.71499633789062,152.85000610351562,152.5500030517578,152.7550048828125,129117,SPCX
2026-07-07 12:28:00,152.7550048828125,152.8300018310547,152.6199951171875,152.6649932861328,83392,SPCX
2026-07-07 12:29:00,152.6649932861328,152.72000122070312,152.5800018310547,152.58999633789062,74444,SPCX
2026-07-07 12:30:00,152.55999755859375,152.8000030517578,152.55999755859375,152.7299041748047,69813,SPCX
2026-07-07 12:31:00,152.72999572753906,152.8800048828125,152.47999572753906,152.85000610351562,111749,SPCX
2026-07-07 12:32:00,152.81500244140625,153.0800018310547,152.72999572753906,152.82000732421875,210215,SPCX
2026-07-07 12:33:00,152.83999633789062,152.88999938964844,152.14010620117188,152.32000732421875,201570,SPCX
2026-07-07 12:34:00,152.3000030517578,152.5800018310547,152.27000427246094,152.5399932861328,103860,SPCX
2026-07-07 12:35:00,152.5399932861328,152.64999389648438,152.3300018310547,152.3800048828125,90310,SPCX
2026-07-07 12:36:00,152.3699951171875,152.4550018310547,151.91000366210938,152.0800018310547,212868,SPCX
2026-07-07 12:37:00,152.01499938964844,152.34539794921875,151.96009826660156,152.3000030517578,53723,SPCX
2026-07-07 12:38:00,152.3000030517578,152.35000610351562,152.1199951171875,152.21499633789062,58781,SPCX
2026-07-07 12:39:00,152.21499633789062,152.27999877929688,152.1300048828125,152.25999450683594,42203,SPCX
2026-07-07 12:40:00,152.16000366210938,152.29969787597656,152.11000061035156,152.16270446777344,41142,SPCX
2026-07-07 12:41:00,152.2299041748047,152.2299041748047,151.92010498046875,152.0850067138672,104492,SPCX
2026-07-07 12:42:00,152.1300048828125,152.17999267578125,152.0,152.08900451660156,50472,SPCX
2026-07-07 12:43:00,152.06500244140625,152.15499877929688,151.97999572753906,152.02499389648438,57090,SPCX
2026-07-07 12:44:00,152.02999877929688,152.10000610351562,151.92999267578125,151.98019409179688,46234,SPCX
2026-07-07 12:45:00,151.98500061035156,152.13999938964844,151.97999572753906,152.07000732421875,38170,SPCX
2026-07-07 12:46:00,152.07000732421875,152.14999389648438,151.9199981689453,152.13999938964844,75651,SPCX
2026-07-07 12:47:00,152.14999389648438,152.47000122070312,152.0800018310547,152.41000366210938,72094,SPCX
2026-07-07 12:48:00,152.41000366210938,152.80999755859375,152.39999389648438,152.539794921875,135248,SPCX
2026-07-07 12:49:00,152.50999450683594,152.67999267578125,152.38009643554688,152.67999267578125,76363,SPCX
2026-07-07 12:50:00,152.61309814453125,152.6699981689453,152.34010314941406,152.50999450683594,60239,SPCX
2026-07-07 12:51:00,152.53500366210938,152.64999389648438,152.45010375976562,152.6199951171875,50993,SPCX
2026-07-07 12:52:00,152.59500122070312,152.85000610351562,152.59500122070312,152.77499389648438,81248,SPCX
2026-07-07 12:53:00,152.77999877929688,152.78199768066406,152.3300018310547,152.4199981689453,101538,SPCX
2026-07-07 12:54:00,152.38999938964844,152.44979858398438,152.11000061035156,152.25,150935,SPCX
2026-07-07 12:55:00,152.22000122070312,152.27000427246094,151.77999877929688,151.80999755859375,152361,SPCX
2026-07-07 12:56:00,151.81500244140625,151.89999389648438,151.3249969482422,151.89500427246094,258186,SPCX
2026-07-07 12:57:00,151.9600067138672,151.9600067138672,151.66000366210938,151.72000122070312,108635,SPCX
2026-07-07 12:58:00,151.7100067138672,151.94000244140625,151.69000244140625,151.93499755859375,57795,SPCX
2026-07-07 12:59:00,151.92959594726562,152.07989501953125,151.8800048828125,152.00999450683594,51265,SPCX
2026-07-07 13:00:00,152.0,152.1199951171875,151.89999389648438,151.9550018310547,68080,SPCX
2026-07-07 13:01:00,151.91000366210938,151.91000366210938,151.64500427246094,151.8300018310547,92994,SPCX
2026-07-07 13:02:00,151.85499572753906,151.9600067138672,151.7899932861328,151.88999938964844,51931,SPCX
2026-07-07 13:03:00,151.88999938964844,152.02000427246094,151.6999969482422,151.88999938964844,83412,SPCX
2026-07-07 13:04:00,151.85000610351562,152.02000427246094,151.83009338378906,152.0,62239,SPCX
2026-07-07 13:05:00,152.0,152.25,151.97000122070312,152.20989990234375,91287,SPCX
2026-07-07 13:06:00,152.1649932861328,152.4199981689453,152.05999755859375,152.33999633789062,55098,SPCX
2026-07-07 13:07:00,152.33999633789062,152.41000366210938,152.24020385742188,152.25999450683594,61670,SPCX
2026-07-07 13:08:00,152.2949981689453,152.41990661621094,152.1300048828125,152.15890502929688,81291,SPCX
2026-07-07 13:09:00,152.15499877929688,152.36000061035156,152.0399932861328,152.25079345703125,59770,SPCX
2026-07-07 13:10:00,152.2899932861328,152.3498992919922,152.05999755859375,152.10000610351562,52353,SPCX
2026-07-07 13:11:00,152.11000061035156,152.1999969482422,151.9499969482422,152.17999267578125,77072,SPCX
2026-07-07 13:12:00,152.1750030517578,152.33999633789062,152.08999633789062,152.2949981689453,72079,SPCX
2026-07-07 13:13:00,152.3000030517578,152.3800048828125,152.0500030517578,152.27000427246094,62534,SPCX
2026-07-07 13:14:00,152.23500061035156,152.27999877929688,151.8699951171875,152.0,81677,SPCX
2026-07-07 13:15:00,151.97000122070312,152.06500244140625,151.75010681152344,151.86000061035156,76312,SPCX
2026-07-07 13:16:00,151.86000061035156,151.89990234375,151.63999938964844,151.67999267578125,72593,SPCX
2026-07-07 13:17:00,151.63999938964844,151.88999938964844,151.63999938964844,151.72500610351562,49062,SPCX
2026-07-07 13:18:00,151.67999267578125,151.72999572753906,151.47999572753906,151.51499938964844,105590,SPCX
2026-07-07 13:19:00,151.4801025390625,151.72999572753906,151.39999389648438,151.71499633789062,80780,SPCX
2026-07-07 13:20:00,151.6999969482422,151.8000030517578,151.60000610351562,151.75999450683594,67620,SPCX
2026-07-07 13:21:00,151.77999877929688,152.17990112304688,151.75999450683594,152.08999633789062,62062,SPCX
2026-07-07 13:22:00,152.08999633789062,152.17999267578125,151.99000549316406,152.13150024414062,55038,SPCX
2026-07-07 13:23:00,152.1457977294922,152.1999969482422,151.99000549316406,152.1999969482422,54243,SPCX
2026-07-07 13:24:00,152.2100067138672,152.33999633789062,151.6999969482422,151.72000122070312,98147,SPCX
2026-07-07 13:25:00,151.6999969482422,152.10000610351562,151.66000366210938,152.05990600585938,112269,SPCX
2026-07-07 13:26:00,152.05999755859375,152.0800018310547,151.63999938964844,151.77999877929688,121174,SPCX
2026-07-07 13:27:00,151.77499389648438,151.8000030517578,151.610107421875,151.72999572753906,42350,SPCX
2026-07-07 13:28:00,151.7299041748047,151.85800170898438,151.72000122070312,151.80999755859375,44187,SPCX
2026-07-07 13:29:00,151.78500366210938,152.02999877929688,151.77000427246094,151.9949951171875,45321,SPCX
2026-07-07 13:30:00,152.02999877929688,152.08590698242188,151.80999755859375,151.9199981689453,46078,SPCX
2026-07-07 13:31:00,151.9199981689453,152.0749969482422,151.860107421875,152.0749969482422,33997,SPCX
2026-07-07 13:32:00,152.10000610351562,152.16000366210938,151.80999755859375,151.94000244140625,46296,SPCX
2026-07-07 13:33:00,151.89999389648438,151.9364013671875,151.7100067138672,151.8699951171875,50963,SPCX
2026-07-07 13:34:00,151.85499572753906,151.9499969482422,151.77000427246094,151.9499969482422,36420,SPCX
2026-07-07 13:35:00,151.91639709472656,152.08999633789062,151.91639709472656,152.0500030517578,39177,SPCX
2026-07-07 13:36:00,152.0800018310547,152.21949768066406,152.0500030517578,152.10000610351562,41309,SPCX
2026-07-07 13:37:00,152.10000610351562,152.17999267578125,152.02999877929688,152.0850067138672,27209,SPCX
2026-07-07 13:38:00,152.07000732421875,152.07960510253906,151.85000610351562,151.88499450683594,60403,SPCX
2026-07-07 13:39:00,151.88499450683594,152.16000366210938,151.85000610351562,152.10000610351562,50850,SPCX
2026-07-07 13:40:00,152.1300048828125,152.22999572753906,152.0800018310547,152.16009521484375,48632,SPCX
2026-07-07 13:41:00,152.17999267578125,152.1999969482422,152.08999633789062,152.16000366210938,36556,SPCX
2026-07-07 13:42:00,152.17999267578125,152.25,152.11000061035156,152.25,47231,SPCX
2026-07-07 13:43:00,152.24899291992188,152.3000030517578,152.13999938964844,152.17010498046875,59295,SPCX
2026-07-07 13:44:00,152.1999969482422,152.24000549316406,152.0399932861328,152.1999969482422,54623,SPCX
2026-07-07 13:45:00,152.23899841308594,152.3000030517578,152.05999755859375,152.1490936279297,57147,SPCX
2026-07-07 13:46:00,152.0749969482422,152.10000610351562,151.89999389648438,151.97000122070312,69836,SPCX
2026-07-07 13:47:00,152.02499389648438,152.1136932373047,151.85000610351562,151.92999267578125,52277,SPCX
2026-07-07 13:48:00,151.88999938964844,152.0399932861328,151.83999633789062,151.94500732421875,48367,SPCX
2026-07-07 13:49:00,151.9550018310547,151.9799041748047,151.8000030517578,151.875,53975,SPCX
2026-07-07 13:50:00,151.85000610351562,151.97000122070312,151.80999755859375,151.94000244140625,44750,SPCX
2026-07-07 13:51:00,151.9467010498047,152.14999389648438,151.92999267578125,152.10000610351562,78519,SPCX
2026-07-07 13:52:00,152.08999633789062,152.14999389648438,152.07000732421875,152.13999938964844,29875,SPCX
2026-07-07 13:53:00,152.1199951171875,152.13999938964844,151.9199981689453,151.94000244140625,43005,SPCX
2026-07-07 13:54:00,151.9803009033203,152.05999755859375,151.9199981689453,151.99000549316406,36007,SPCX
2026-07-07 13:55:00,151.99000549316406,152.08770751953125,151.9600067138672,152.07000732421875,45889,SPCX
2026-07-07 13:56:00,152.07000732421875,152.22999572753906,152.07000732421875,152.13999938964844,52826,SPCX
2026-07-07 13:57:00,152.17999267578125,152.17999267578125,152.0800018310547,152.14999389648438,44002,SPCX
2026-07-07 13:58:00,152.11000061035156,152.139892578125,151.8800048828125,151.99000549316406,55485,SPCX
2026-07-07 13:59:00,151.99000549316406,152.1199951171875,151.91000366210938,152.11000061035156,25419,SPCX
2026-07-07 14:00:00,152.1199951171875,152.3800048828125,152.09019470214844,152.36000061035156,75797,SPCX
2026-07-07 14:01:00,152.33999633789062,152.38999938964844,152.22999572753906,152.35000610351562,55499,SPCX
2026-07-07 14:02:00,152.3800048828125,152.52999877929688,152.25,152.33990478515625,82792,SPCX
2026-07-07 14:03:00,152.35000610351562,152.4499969482422,152.16000366210938,152.34910583496094,70573,SPCX
2026-07-07 14:04:00,152.32000732421875,152.38999938964844,152.1999969482422,152.2050018310547,48937,SPCX
2026-07-07 14:05:00,152.2050018310547,152.45970153808594,152.17999267578125,152.38389587402344,35303,SPCX
2026-07-07 14:06:00,152.375,152.41990661621094,152.1199951171875,152.2050018310547,289341,SPCX
2026-07-07 14:07:00,152.24000549316406,152.27999877929688,152.16000366210938,152.2100067138672,47643,SPCX
2026-07-07 14:08:00,152.17999267578125,152.22000122070312,151.89999389648438,151.9600067138672,101988,SPCX
2026-07-07 14:09:00,151.94000244140625,151.9799041748047,151.77000427246094,151.875,88651,SPCX
2026-07-07 14:10:00,151.875,151.97000122070312,151.60000610351562,151.97000122070312,124190,SPCX
2026-07-07 14:11:00,151.9600067138672,152.02999877929688,151.9199981689453,152.00999450683594,51740,SPCX
2026-07-07 14:12:00,152.00999450683594,152.0800018310547,151.89999389648438,152.0800018310547,29655,SPCX
2026-07-07 14:13:00,152.05999755859375,152.13999938964844,151.9499969482422,152.0050048828125,34367,SPCX
2026-07-07 14:14:00,152.00999450683594,152.02999877929688,151.80999755859375,151.8249969482422,47823,SPCX
2026-07-07 14:15:00,151.80999755859375,152.08999633789062,151.66000366210938,151.99000549316406,96336,SPCX
2026-07-07 14:16:00,151.99000549316406,151.99000549316406,151.74000549316406,151.88999938964844,59005,SPCX
2026-07-07 14:17:00,151.88999938964844,152.09979248046875,151.88999938964844,152.0500030517578,30220,SPCX
2026-07-07 14:18:00,151.99000549316406,152.1300048828125,151.92999267578125,152.02499389648438,49057,SPCX
2026-07-07 14:19:00,152.0500030517578,152.1199951171875,151.94009399414062,152.0,56529,SPCX
2026-07-07 14:20:00,151.9403076171875,152.19000244140625,151.77999877929688,152.19000244140625,66813,SPCX
2026-07-07 14:21:00,152.19000244140625,152.19000244140625,152.0399932861328,152.15499877929688,43620,SPCX
2026-07-07 14:22:00,152.15499877929688,152.32000732421875,152.13999938964844,152.1999969482422,97326,SPCX
2026-07-07 14:23:00,152.1999969482422,152.33999633789062,152.13999938964844,152.27000427246094,47259,SPCX
2026-07-07 14:24:00,152.27000427246094,152.27000427246094,152.11000061035156,152.1199951171875,41109,SPCX
2026-07-07 14:25:00,152.1199951171875,152.15899658203125,152.0500030517578,152.1199951171875,46625,SPCX
2026-07-07 14:26:00,152.08999633789062,152.19900512695312,151.97999572753906,152.02499389648438,56629,SPCX
2026-07-07 14:27:00,152.0323028564453,152.22999572753906,151.9600067138672,152.18319702148438,45736,SPCX
2026-07-07 14:28:00,152.1988067626953,152.1999969482422,151.8800048828125,152.0399932861328,87303,SPCX
2026-07-07 14:29:00,152.05999755859375,152.13999938964844,152.0500030517578,152.11000061035156,48110,SPCX
2026-07-07 14:30:00,152.1199951171875,152.1300048828125,151.92999267578125,152.02999877929688,52807,SPCX
2026-07-07 14:31:00,152.02000427246094,152.14999389648438,152.02000427246094,152.13510131835938,41862,SPCX
2026-07-07 14:32:00,152.17999267578125,152.17999267578125,151.9499969482422,151.97999572753906,52890,SPCX
2026-07-07 14:33:00,151.97500610351562,152.0,151.75,151.9199981689453,104029,SPCX
2026-07-07 14:34:00,151.90499877929688,152.08999633789062,151.74000549316406,151.7899932861328,54196,SPCX
2026-07-07 14:35:00,151.83999633789062,151.86000061035156,151.6699981689453,151.8000030517578,79736,SPCX
2026-07-07 14:36:00,151.8000030517578,151.8000030517578,151.63999938964844,151.7449951171875,64184,SPCX
2026-07-07 14:37:00,151.7449951171875,151.7899932861328,151.5,151.5449981689453,82209,SPCX
2026-07-07 14:38:00,151.52000427246094,151.58999633789062,151.30850219726562,151.5850067138672,149315,SPCX
2026-07-07 14:39:00,151.5850067138672,151.6300048828125,151.25,151.28500366210938,82874,SPCX
2026-07-07 14:40:00,151.27000427246094,151.33999633789062,151.08999633789062,151.29989624023438,130699,SPCX
2026-07-07 14:41:00,151.26499938964844,151.38999938964844,151.1999969482422,151.27000427246094,74228,SPCX
2026-07-07 14:42:00,151.2899932861328,151.36000061035156,151.14999389648438,151.36000061035156,68181,SPCX
2026-07-07 14:43:00,151.3697967529297,151.4600067138672,151.32000732421875,151.4499969482422,51812,SPCX
2026-07-07 14:44:00,151.4499969482422,151.52999877929688,151.35000610351562,151.50999450683594,58349,SPCX
2026-07-07 14:45:00,151.52999877929688,151.5399932861328,151.3300018310547,151.4069061279297,61942,SPCX
2026-07-07 14:46:00,151.38499450683594,151.61990356445312,151.38499450683594,151.47000122070312,51938,SPCX
2026-07-07 14:47:00,151.41099548339844,151.52000427246094,151.32000732421875,151.38999938964844,57119,SPCX
2026-07-07 14:48:00,151.3800048828125,151.55999755859375,151.35499572753906,151.52999877929688,40970,SPCX
2026-07-07 14:49:00,151.52499389648438,151.52499389648438,151.14999389648438,151.31500244140625,75029,SPCX
2026-07-07 14:50:00,151.30479431152344,151.32000732421875,151.0500030517578,151.11000061035156,250052,SPCX
2026-07-07 14:51:00,151.09500122070312,151.14990234375,150.75,150.9250030517578,415976,SPCX
2026-07-07 14:52:00,150.9600067138672,151.07989501953125,150.8800048828125,150.91000366210938,68910,SPCX
2026-07-07 14:53:00,150.88999938964844,150.98989868164062,150.77999877929688,150.8278045654297,57385,SPCX
2026-07-07 14:54:00,150.83999633789062,151.1199951171875,150.75999450683594,151.08999633789062,86810,SPCX
2026-07-07 14:55:00,151.0,151.08999633789062,150.94500732421875,150.97000122070312,56373,SPCX
2026-07-07 14:56:00,151.0,151.1300048828125,150.97999572753906,151.08999633789062,48503,SPCX
2026-07-07 14:57:00,151.08999633789062,151.1699981689453,151.0,151.03500366210938,63240,SPCX
2026-07-07 14:58:00,151.03500366210938,151.11000061035156,150.92050170898438,150.93499755859375,1455884,SPCX
2026-07-07 14:59:00,150.9499969482422,150.97999572753906,150.80029296875,150.89999389648438,66426,SPCX
2026-07-07 15:00:00,150.92999267578125,150.9600067138672,150.61000061035156,150.61000061035156,146721,SPCX
2026-07-07 15:01:00,150.6699981689453,150.75999450683594,150.4499969482422,150.74000549316406,193101,SPCX
2026-07-07 15:02:00,150.73500061035156,150.79989624023438,150.6300048828125,150.69000244140625,56179,SPCX
2026-07-07 15:03:00,150.6699981689453,150.6999969482422,150.49000549316406,150.5,85890,SPCX
2026-07-07 15:04:00,150.5,150.52999877929688,150.4199981689453,150.49749755859375,106308,SPCX
2026-07-07 15:05:00,150.47000122070312,150.5500030517578,150.42999267578125,150.5050048828125,186546,SPCX
2026-07-07 15:06:00,150.47000122070312,150.52000427246094,150.3699951171875,150.3699951171875,185820,SPCX
2026-07-07 15:07:00,150.3699951171875,150.3800048828125,150.07000732421875,150.3000030517578,504525,SPCX
2026-07-07 15:08:00,150.2899932861328,150.3000030517578,150.10000610351562,150.2550048828125,136133,SPCX
2026-07-07 15:09:00,150.27999877929688,150.37950134277344,150.1999969482422,150.36000061035156,126226,SPCX
2026-07-07 15:10:00,150.3791046142578,150.52000427246094,150.30999755859375,150.44000244140625,145803,SPCX
2026-07-07 15:11:00,150.4788055419922,150.49000549316406,150.31100463867188,150.38999938964844,103497,SPCX
2026-07-07 15:12:00,150.38999938964844,150.4600067138672,150.2899932861328,150.33999633789062,83733,SPCX
2026-07-07 15:13:00,150.34500122070312,150.4499969482422,150.25999450683594,150.35000610351562,119609,SPCX
2026-07-07 15:14:00,150.375,150.39999389648438,150.24000549316406,150.30499267578125,106440,SPCX
2026-07-07 15:15:00,150.30499267578125,150.3300018310547,150.1802978515625,150.32000732421875,114057,SPCX
2026-07-07 15:16:00,150.2899932861328,150.4250030517578,150.2100067138672,150.3300018310547,117299,SPCX
2026-07-07 15:17:00,150.3300018310547,150.47000122070312,150.27999877929688,150.36000061035156,109409,SPCX
2026-07-07 15:18:00,150.36000061035156,150.38999938964844,150.1199951171875,150.1699981689453,186181,SPCX
2026-07-07 15:19:00,150.1699981689453,150.74000549316406,150.1300048828125,150.64999389648438,247803,SPCX
2026-07-07 15:20:00,150.67999267578125,150.8699951171875,150.39999389648438,150.64500427246094,144672,SPCX
2026-07-07 15:21:00,150.64500427246094,150.69000244140625,150.52000427246094,150.61000061035156,92971,SPCX
2026-07-07 15:22:00,150.61509704589844,150.6575927734375,150.4600067138672,150.5,413568,SPCX
2026-07-07 15:23:00,150.5,150.86000061035156,150.5,150.83999633789062,129567,SPCX
2026-07-07 15:24:00,150.76499938964844,150.8800048828125,150.67010498046875,150.78500366210938,94546,SPCX
2026-07-07 15:25:00,150.75999450683594,150.83990478515625,150.61129760742188,150.63999938964844,101421,SPCX
2026-07-07 15:26:00,150.63999938964844,150.63999938964844,150.35000610351562,150.47999572753906,111962,SPCX
2026-07-07 15:27:00,150.42999267578125,150.6300048828125,150.41000366210938,150.52999877929688,92774,SPCX
2026-07-07 15:28:00,150.52000427246094,150.61500549316406,150.3800048828125,150.44000244140625,112839,SPCX
2026-07-07 15:29:00,150.4149932861328,150.5800018310547,150.3800048828125,150.4199981689453,84249,SPCX
2026-07-07 15:30:00,150.4199981689453,150.75999450683594,150.3800048828125,150.67999267578125,107030,SPCX
2026-07-07 15:31:00,150.64999389648438,150.80999755859375,150.63999938964844,150.8000030517578,122702,SPCX
2026-07-07 15:32:00,150.78970336914062,150.8094940185547,150.5800018310547,150.68499755859375,91313,SPCX
2026-07-07 15:33:00,150.6999969482422,150.72000122070312,150.531005859375,150.5800018310547,103255,SPCX
2026-07-07 15:34:00,150.57090759277344,150.63999938964844,150.5,150.5800018310547,102476,SPCX
2026-07-07 15:35:00,150.5850067138672,150.72000122070312,150.39999389648438,150.44000244140625,197515,SPCX
2026-07-07 15:36:00,150.44000244140625,150.5299072265625,150.3300018310547,150.3699951171875,129153,SPCX
2026-07-07 15:37:00,150.3699951171875,150.4550018310547,150.3300018310547,150.41000366210938,88284,SPCX
2026-07-07 15:38:00,150.39010620117188,150.62989807128906,150.38999938964844,150.53500366210938,72396,SPCX
2026-07-07 15:39:00,150.53500366210938,150.6199951171875,150.4600067138672,150.49000549316406,107402,SPCX
2026-07-07 15:40:00,150.47999572753906,150.52000427246094,150.33299255371094,150.375,101359,SPCX
2026-07-07 15:41:00,150.375,150.39999389648438,150.1999969482422,150.31500244140625,171938,SPCX
2026-07-07 15:42:00,150.32000732421875,150.3300018310547,150.1300048828125,150.2050018310547,221709,SPCX
2026-07-07 15:43:00,150.22000122070312,150.36000061035156,150.19000244140625,150.25,524202,SPCX
2026-07-07 15:44:00,150.2550048828125,150.52999877929688,150.22000122070312,150.32000732421875,155694,SPCX
2026-07-07 15:45:00,150.3000030517578,150.69000244140625,150.3000030517578,150.50999450683594,175548,SPCX
2026-07-07 15:46:00,150.5399932861328,150.5800018310547,150.36839294433594,150.36839294433594,138949,SPCX
2026-07-07 15:47:00,150.375,150.52000427246094,150.3000030517578,150.3699951171875,115977,SPCX
2026-07-07 15:48:00,150.35000610351562,150.4199981689453,150.3000030517578,150.3699951171875,111502,SPCX
2026-07-07 15:49:00,150.33999633789062,150.55999755859375,150.3300018310547,150.52499389648438,126895,SPCX
2026-07-07 15:50:00,150.5399932861328,150.63999938964844,150.44000244140625,150.60499572753906,153189,SPCX
2026-07-07 15:51:00,150.60499572753906,150.60989379882812,150.35000610351562,150.35000610351562,163245,SPCX
2026-07-07 15:52:00,150.360107421875,150.3699951171875,150.2899932861328,150.32000732421875,261438,SPCX
2026-07-07 15:53:00,150.3000030517578,150.34689331054688,150.09010314941406,150.33999633789062,378589,SPCX
2026-07-07 15:54:00,150.33999633789062,150.43499755859375,149.3000030517578,149.47999572753906,3026122,SPCX
2026-07-07 15:55:00,149.42999267578125,149.6199951171875,148.86000061035156,149.08999633789062,1233925,SPCX
2026-07-07 15:56:00,149.10000610351562,149.39999389648438,149.07000732421875,149.125,609749,SPCX
2026-07-07 15:57:00,149.11000061035156,149.4600067138672,148.8699951171875,149.39019775390625,516788,SPCX
2026-07-07 15:58:00,149.39999389648438,149.7899932861328,149.38999938964844,149.63499450683594,682249,SPCX
2026-07-07 15:59:00,149.63999938964844,149.77999877929688,149.38999938964844,149.57000732421875,941391,SPCX
2026-07-09 09:30:00,150.5,151.0500030517578,149.85000610351562,150.69500732421875,3503298,SPCX
2026-07-09 09:31:00,150.64610290527344,151.36000061035156,150.5,151.0500030517578,424503,SPCX
2026-07-09 09:32:00,151.0399932861328,151.17999267578125,149.80999755859375,149.93499755859375,306877,SPCX
2026-07-09 09:33:00,149.9149932861328,150.07000732421875,149.2100067138672,149.74000549316406,489816,SPCX
2026-07-09 09:34:00,149.52999877929688,150.49000549316406,149.4102020263672,149.75,255171,SPCX
2026-07-09 09:35:00,149.6699981689453,150.23989868164062,149.6300048828125,150.0500030517578,248227,SPCX
2026-07-09 09:36:00,150.13319396972656,150.36000061035156,149.3300018310547,149.84500122070312,260011,SPCX
2026-07-09 09:37:00,149.83999633789062,150.17999267578125,149.72000122070312,150.10000610351562,260279,SPCX
2026-07-09 09:38:00,150.10499572753906,150.11500549316406,149.35000610351562,149.4600067138672,207006,SPCX
2026-07-09 09:39:00,149.4600067138672,149.8498992919922,149.32009887695312,149.6300048828125,117334,SPCX
2026-07-09 09:40:00,149.6343994140625,150.11000061035156,149.39999389648438,150.07000732421875,202603,SPCX
2026-07-09 09:41:00,150.02999877929688,150.5699005126953,149.86000061035156,150.3000030517578,252803,SPCX
2026-07-09 09:42:00,150.2949981689453,150.85000610351562,150.09750366210938,150.6750030517578,249968,SPCX
2026-07-09 09:43:00,150.6999969482422,150.6999969482422,150.1999969482422,150.32000732421875,163981,SPCX
2026-07-09 09:44:00,150.25,150.52999877929688,150.0,150.52999877929688,201585,SPCX
2026-07-09 09:45:00,150.5500030517578,150.67999267578125,150.08009338378906,150.30999755859375,111964,SPCX
2026-07-09 09:46:00,150.25999450683594,150.44000244140625,149.57000732421875,149.7100067138672,167143,SPCX
2026-07-09 09:47:00,149.74740600585938,149.75,149.11000061035156,149.33999633789062,222242,SPCX
2026-07-09 09:48:00,149.36500549316406,149.6199951171875,148.61000061035156,148.72000122070312,359309,SPCX
2026-07-09 09:49:00,148.78500366210938,149.0399932861328,148.5500030517578,148.8000030517578,143442,SPCX
2026-07-09 09:50:00,148.77999877929688,148.96499633789062,148.375,148.875,213937,SPCX
2026-07-09 09:51:00,148.9199981689453,149.13999938964844,148.49020385742188,149.05999755859375,160759,SPCX
2026-07-09 09:52:00,149.0399932861328,149.3000030517578,148.80780029296875,149.1750030517578,120031,SPCX
2026-07-09 09:53:00,149.2187957763672,149.9199981689453,149.13999938964844,149.80999755859375,168034,SPCX
2026-07-09 09:54:00,149.82000732421875,150.09300231933594,149.72999572753906,150.0,164739,SPCX
2026-07-09 09:55:00,150.0594940185547,150.2100067138672,149.8065948486328,150.10000610351562,210064,SPCX
2026-07-09 09:56:00,150.0771026611328,150.1300048828125,149.88999938964844,150.1300048828125,149467,SPCX
2026-07-09 09:57:00,150.13999938964844,150.5800018310547,149.9199981689453,150.57000732421875,318832,SPCX
2026-07-09 09:58:00,150.5800018310547,150.97000122070312,150.32000732421875,150.38999938964844,268320,SPCX
2026-07-09 09:59:00,150.38499450683594,150.4600067138672,150.13800048828125,150.41700744628906,108416,SPCX
2026-07-09 10:00:00,150.4290008544922,150.97000122070312,150.16009521484375,150.7989959716797,153525,SPCX
2026-07-09 10:01:00,150.82000732421875,151.0,150.61270141601562,150.6300048828125,173214,SPCX
2026-07-09 10:02:00,150.63499450683594,150.89999389648438,150.50999450683594,150.71510314941406,115256,SPCX
2026-07-09 10:03:00,150.76699829101562,150.89999389648438,150.39999389648438,150.8000030517578,114684,SPCX
2026-07-09 10:04:00,150.8300018310547,150.8800048828125,150.60000610351562,150.69000244140625,78243,SPCX
2026-07-09 10:05:00,150.61000061035156,151.1999969482422,150.4199981689453,151.0,221906,SPCX
2026-07-09 10:06:00,151.0,151.58999633789062,150.88999938964844,151.1990966796875,263047,SPCX
2026-07-09 10:07:00,151.1999969482422,151.1999969482422,150.64010620117188,150.81500244140625,97689,SPCX
2026-07-09 10:08:00,150.85000610351562,150.97999572753906,150.44000244140625,150.52499389648438,120455,SPCX
2026-07-09 10:09:00,150.5,150.69000244140625,150.3000030517578,150.535400390625,98607,SPCX
2026-07-09 10:10:00,150.5,150.5,149.91000366210938,150.00999450683594,178746,SPCX
2026-07-09 10:11:00,149.9949951171875,150.0800018310547,149.60000610351562,149.8800048828125,111024,SPCX
2026-07-09 10:12:00,149.88499450683594,149.93499755859375,149.3300018310547,149.47000122070312,250670,SPCX
2026-07-09 10:13:00,149.57000732421875,149.9499969482422,149.1999969482422,149.8249969482422,175631,SPCX
2026-07-09 10:14:00,149.82510375976562,150.35000610351562,149.77999877929688,149.99000549316406,154368,SPCX
2026-07-09 10:15:00,149.9499969482422,149.97999572753906,149.2100067138672,149.22999572753906,108476,SPCX
2026-07-09 10:16:00,149.1999969482422,149.49000549316406,149.00999450683594,149.47000122070312,150577,SPCX
2026-07-09 10:17:00,149.4550018310547,149.6199951171875,149.08999633789062,149.1199951171875,94543,SPCX
2026-07-09 10:18:00,149.11500549316406,149.14999389648438,148.6999969482422,149.1300048828125,145854,SPCX
2026-07-09 10:19:00,149.0800018310547,149.19000244140625,148.55999755859375,148.8300018310547,115212,SPCX
2026-07-09 10:20:00,148.8350067138672,148.92990112304688,148.41000366210938,148.43080139160156,129436,SPCX
2026-07-09 10:21:00,148.39999389648438,148.50999450683594,148.02000427246094,148.24000549316406,374353,SPCX
2026-07-09 10:22:00,148.24000549316406,148.25999450683594,147.58999633789062,147.94000244140625,390336,SPCX
2026-07-09 10:23:00,147.9499969482422,148.24679565429688,147.8249969482422,148.05999755859375,159792,SPCX
2026-07-09 10:24:00,148.05999755859375,148.33749389648438,147.9700927734375,148.3000030517578,95333,SPCX
2026-07-09 10:25:00,148.3000030517578,148.47000122070312,148.27999877929688,148.44000244140625,150708,SPCX
2026-07-09 10:26:00,148.42999267578125,148.45159912109375,148.0800018310547,148.22500610351562,114832,SPCX
2026-07-09 10:27:00,148.25,148.99000549316406,148.1999969482422,148.8699951171875,144395,SPCX
2026-07-09 10:28:00,148.89999389648438,149.17999267578125,148.8300018310547,148.9398956298828,111438,SPCX
2026-07-09 10:29:00,148.94000244140625,149.16990661621094,148.6309051513672,149.05999755859375,67370,SPCX
2026-07-09 10:30:00,149.0800018310547,149.16000366210938,148.79510498046875,148.88499450683594,62971,SPCX
2026-07-09 10:31:00,148.8300018310547,148.9499053955078,148.05999755859375,148.1750030517578,172982,SPCX
2026-07-09 10:32:00,148.1750030517578,148.8000030517578,148.1199951171875,148.5500030517578,179886,SPCX
2026-07-09 10:33:00,148.52999877929688,148.6999969482422,148.44000244140625,148.6750030517578,72706,SPCX
2026-07-09 10:34:00,148.64999389648438,148.6999053955078,148.44500732421875,148.55999755859375,51254,SPCX
2026-07-09 10:35:00,148.58999633789062,149.05999755859375,148.52999877929688,149.023193359375,75036,SPCX
2026-07-09 10:36:00,148.94000244140625,149.16000366210938,148.83999633789062,148.94500732421875,72345,SPCX
2026-07-09 10:37:00,148.94000244140625,148.97999572753906,148.7346954345703,148.8424072265625,61675,SPCX
2026-07-09 10:38:00,148.84750366210938,149.0,148.8000030517578,148.92959594726562,59117,SPCX
2026-07-09 10:39:00,148.99949645996094,149.08990478515625,148.80999755859375,148.88999938964844,74799,SPCX
2026-07-09 10:40:00,148.85000610351562,149.0998992919922,148.80999755859375,148.9499053955078,64809,SPCX
2026-07-09 10:41:00,148.8531951904297,149.0800018310547,148.72000122070312,148.9499969482422,49558,SPCX
2026-07-09 10:42:00,148.9499969482422,149.2093963623047,148.9499969482422,149.05999755859375,113640,SPCX
2026-07-09 10:43:00,149.08999633789062,149.13999938964844,148.8800048828125,148.89500427246094,63325,SPCX
2026-07-09 10:44:00,148.8800048828125,148.88999938964844,148.60000610351562,148.60000610351562,111232,SPCX
2026-07-09 10:45:00,148.61000061035156,148.8596954345703,148.61000061035156,148.85000610351562,42108,SPCX
2026-07-09 10:46:00,148.85000610351562,149.0699005126953,148.75999450683594,148.9199981689453,59756,SPCX
2026-07-09 10:47:00,148.92999267578125,149.02499389648438,148.64999389648438,148.93499755859375,109070,SPCX
2026-07-09 10:48:00,148.93499755859375,149.0198974609375,148.8300018310547,148.92999267578125,51329,SPCX
2026-07-09 10:49:00,148.92999267578125,149.1999969482422,148.875,148.8791961669922,75228,SPCX
2026-07-09 10:50:00,148.85000610351562,148.95989990234375,148.72999572753906,148.91000366210938,67232,SPCX
2026-07-09 10:51:00,148.91000366210938,148.9499969482422,148.35000610351562,148.5,140982,SPCX
2026-07-09 10:52:00,148.47000122070312,148.60000610351562,148.30999755859375,148.5,73858,SPCX
2026-07-09 10:53:00,148.4600067138672,148.7198944091797,148.4600067138672,148.68499755859375,64853,SPCX
2026-07-09 10:54:00,148.72000122070312,149.3300018310547,148.6699981689453,149.29510498046875,117313,SPCX
2026-07-09 10:55:00,149.3000030517578,149.42999267578125,149.12010192871094,149.3533935546875,77279,SPCX
2026-07-09 10:56:00,149.30499267578125,149.3699951171875,149.1999969482422,149.2100067138672,37857,SPCX
2026-07-09 10:57:00,149.22999572753906,149.47999572753906,149.1699981689453,149.4499969482422,77511,SPCX
2026-07-09 10:58:00,149.42599487304688,149.70989990234375,149.42599487304688,149.57000732421875,127869,SPCX
2026-07-09 10:59:00,149.57000732421875,149.64999389648438,149.47000122070312,149.64840698242188,66823,SPCX
2026-07-09 11:00:00,149.64999389648438,149.75,149.60000610351562,149.69000244140625,49509,SPCX
2026-07-09 11:01:00,149.69000244140625,149.69000244140625,149.50999450683594,149.60000610351562,69682,SPCX
2026-07-09 11:02:00,149.6199951171875,149.94000244140625,149.32000732421875,149.41000366210938,109684,SPCX
2026-07-09 11:03:00,149.3800048828125,149.74000549316406,149.35499572753906,149.63999938964844,44887,SPCX
2026-07-09 11:04:00,149.63499450683594,149.6999969482422,149.5,149.69000244140625,41568,SPCX
2026-07-09 11:05:00,149.72230529785156,149.89999389648438,149.6199951171875,149.80999755859375,47584,SPCX
2026-07-09 11:06:00,149.80999755859375,150.27000427246094,149.80999755859375,150.27000427246094,206587,SPCX
2026-07-09 11:07:00,150.2899932861328,150.44000244140625,150.16000366210938,150.30499267578125,112808,SPCX
2026-07-09 11:08:00,150.27650451660156,150.8800048828125,150.2100067138672,150.8800048828125,165635,SPCX
2026-07-09 11:09:00,150.8800048828125,151.02000427246094,150.3699951171875,150.39999389648438,250999,SPCX
2026-07-09 11:10:00,150.39500427246094,150.52000427246094,150.27000427246094,150.4199981689453,105058,SPCX
2026-07-09 11:11:00,150.33009338378906,150.3800048828125,149.8800048828125,150.00010681152344,150250,SPCX
2026-07-09 11:12:00,150.01609802246094,150.08999633789062,149.86000061035156,149.94810485839844,82176,SPCX
2026-07-09 11:13:00,149.8800048828125,150.89999389648438,149.78500366210938,149.96249389648438,96071,SPCX
2026-07-09 11:14:00,149.96499633789062,150.08999633789062,149.8000030517578,149.875,61329,SPCX
2026-07-09 11:15:00,149.87249755859375,150.22000122070312,149.8300018310547,150.22000122070312,82474,SPCX
2026-07-09 11:16:00,150.19000244140625,150.33999633789062,150.14999389648438,150.28990173339844,44517,SPCX
2026-07-09 11:17:00,150.28919982910156,150.28919982910156,150.0,150.09500122070312,45980,SPCX
2026-07-09 11:18:00,150.10000610351562,150.19000244140625,149.8699951171875,150.17999267578125,106495,SPCX
2026-07-09 11:19:00,150.10000610351562,150.14999389648438,149.9499969482422,150.07000732421875,41410,SPCX
2026-07-09 11:20:00,150.06500244140625,150.1999969482422,150.02000427246094,150.07000732421875,60949,SPCX
2026-07-09 11:21:00,150.05999755859375,150.25,149.97000122070312,150.22509765625,89271,SPCX
2026-07-09 11:22:00,150.22500610351562,150.38999938964844,150.22500610351562,150.3800048828125,83168,SPCX
2026-07-09 11:23:00,150.33999633789062,150.52000427246094,150.3300018310547,150.4250030517578,46776,SPCX
2026-07-09 11:24:00,150.42999267578125,150.49000549316406,150.2216033935547,150.41000366210938,51700,SPCX
2026-07-09 11:25:00,150.41000366210938,150.67999267578125,150.39999389648438,150.5742950439453,96260,SPCX
2026-07-09 11:26:00,150.5800018310547,150.63999938964844,150.35000610351562,150.49029541015625,61996,SPCX
2026-07-09 11:27:00,150.50999450683594,150.75,150.50010681152344,150.59500122070312,69134,SPCX
2026-07-09 11:28:00,150.59500122070312,150.75,150.375,150.48500061035156,69706,SPCX
2026-07-09 11:29:00,150.5500030517578,150.6199951171875,150.3800048828125,150.52999877929688,52200,SPCX
2026-07-09 11:30:00,150.55999755859375,150.6300048828125,150.42999267578125,150.42999267578125,47874,SPCX
2026-07-09 11:31:00,150.47999572753906,150.55999755859375,150.3699951171875,150.42999267578125,51099,SPCX
2026-07-09 11:32:00,150.4499969482422,150.4499969482422,150.1699981689453,150.22000122070312,63298,SPCX
2026-07-09 11:33:00,150.21969604492188,150.3000030517578,150.0800018310547,150.19500732421875,37937,SPCX
2026-07-09 11:34:00,150.19000244140625,150.22500610351562,149.96009826660156,149.9949951171875,157508,SPCX
2026-07-09 11:35:00,150.00999450683594,150.17999267578125,149.9499969482422,150.17880249023438,54645,SPCX
2026-07-09 11:36:00,150.1649932861328,150.50999450683594,150.14999389648438,150.40499877929688,68347,SPCX
2026-07-09 11:37:00,150.4199981689453,150.47999572753906,150.3000030517578,150.35000610351562,43971,SPCX
2026-07-09 11:38:00,150.35000610351562,150.50999450683594,150.21929931640625,150.47999572753906,31755,SPCX
2026-07-09 11:39:00,150.4499969482422,150.4550018310547,150.35009765625,150.38999938964844,36654,SPCX
2026-07-09 11:40:00,150.38999938964844,150.5,150.38999938964844,150.48500061035156,49080,SPCX
2026-07-09 11:41:00,150.4499969482422,150.50999450683594,150.3000030517578,150.375,59117,SPCX
2026-07-09 11:42:00,150.3800048828125,150.60000610351562,150.27999877929688,150.5800018310547,101415,SPCX
2026-07-09 11:43:00,150.60000610351562,150.6300048828125,150.1199951171875,150.13499450683594,88054,SPCX
2026-07-09 11:44:00,150.13499450683594,150.16000366210938,149.9499969482422,150.0500030517578,66497,SPCX
2026-07-09 11:45:00,150.0500030517578,150.25999450683594,150.0500030517578,150.25999450683594,26959,SPCX
2026-07-09 11:46:00,150.25999450683594,150.4499969482422,150.2100067138672,150.38999938964844,40248,SPCX
2026-07-09 11:47:00,150.4001007080078,150.49000549316406,150.1199951171875,150.2899932861328,47419,SPCX
2026-07-09 11:48:00,150.2899932861328,150.3000030517578,150.16000366210938,150.22000122070312,32774,SPCX
2026-07-09 11:49:00,150.22000122070312,150.30999755859375,150.19949340820312,150.25799560546875,26337,SPCX
2026-07-09 11:50:00,150.27000427246094,150.41000366210938,150.22999572753906,150.32000732421875,98599,SPCX
2026-07-09 11:51:00,150.3101043701172,150.50999450683594,150.16000366210938,150.4799041748047,69934,SPCX
2026-07-09 11:52:00,150.41319274902344,150.52000427246094,150.41000366210938,150.51019287109375,39719,SPCX
2026-07-09 11:53:00,150.5050048828125,150.51809692382812,150.36090087890625,150.39500427246094,33810,SPCX
2026-07-09 11:54:00,150.41000366210938,150.5399932861328,150.23500061035156,150.33999633789062,69732,SPCX
2026-07-09 11:55:00,150.32000732421875,150.77000427246094,150.30999755859375,150.5800018310547,114173,SPCX
2026-07-09 11:56:00,150.5500030517578,150.69000244140625,150.5,150.5749969482422,93272,SPCX
2026-07-09 11:57:00,150.55999755859375,150.7899932861328,150.5,150.77999877929688,72521,SPCX
2026-07-09 11:58:00,150.77999877929688,151.14999389648438,150.7523956298828,151.10000610351562,161387,SPCX
2026-07-09 11:59:00,151.1300048828125,151.17999267578125,150.85000610351562,150.86000061035156,106517,SPCX
2026-07-09 12:00:00,150.875,150.92990112304688,150.6199951171875,150.82000732421875,80674,SPCX
2026-07-09 12:01:00,150.8350067138672,150.91000366210938,150.74000549316406,150.75,52147,SPCX
2026-07-09 12:02:00,150.75999450683594,150.77340698242188,150.5,150.54330444335938,102336,SPCX
2026-07-09 12:03:00,150.5399932861328,150.69000244140625,150.18499755859375,150.22999572753906,104391,SPCX
2026-07-09 12:04:00,150.28990173339844,150.49000549316406,149.92999267578125,150.4499969482422,167393,SPCX
2026-07-09 12:05:00,150.4199981689453,150.67999267578125,150.0399932861328,150.375,124251,SPCX
2026-07-09 12:06:00,150.42999267578125,150.75999450683594,150.3300018310547,150.6699981689453,91151,SPCX
2026-07-09 12:07:00,150.72000122070312,150.85000610351562,150.69000244140625,150.83999633789062,49636,SPCX
2026-07-09 12:08:00,150.86000061035156,151.0399932861328,150.81570434570312,151.00999450683594,78810,SPCX
2026-07-09 12:09:00,151.00999450683594,151.14999389648438,150.88999938964844,150.95370483398438,95303,SPCX
2026-07-09 12:10:00,150.94009399414062,151.2299041748047,150.94009399414062,151.17999267578125,79846,SPCX
2026-07-09 12:11:00,151.18499755859375,151.50999450683594,151.13999938964844,151.30499267578125,286711,SPCX
2026-07-09 12:12:00,151.27000427246094,151.3000030517578,151.02000427246094,151.0449981689453,56698,SPCX
2026-07-09 12:13:00,151.0449981689453,151.0449981689453,150.8000030517578,150.9600067138672,80255,SPCX
2026-07-09 12:14:00,150.9199981689453,150.9199981689453,150.58999633789062,150.75,74127,SPCX
2026-07-09 12:15:00,150.6999969482422,150.8000030517578,150.57000732421875,150.60000610351562,60962,SPCX
2026-07-09 12:16:00,150.60000610351562,150.6300048828125,150.3800048828125,150.40199279785156,54732,SPCX
2026-07-09 12:17:00,150.4199981689453,150.42999267578125,150.27999877929688,150.32000732421875,48807,SPCX
2026-07-09 12:18:00,150.33999633789062,150.36990356445312,150.08999633789062,150.12579345703125,43970,SPCX
2026-07-09 12:19:00,150.1584930419922,150.27000427246094,150.05999755859375,150.2509002685547,69244,SPCX
2026-07-09 12:20:00,150.2696075439453,150.27000427246094,150.0500030517578,150.14500427246094,49358,SPCX
2026-07-09 12:21:00,150.1199951171875,150.28399658203125,150.1009979248047,150.19500732421875,36175,SPCX
2026-07-09 12:22:00,150.1699981689453,150.2100067138672,150.02999877929688,150.08279418945312,39370,SPCX
2026-07-09 12:23:00,150.1199951171875,150.19000244140625,149.89999389648438,149.93499755859375,130573,SPCX
2026-07-09 12:24:00,149.92999267578125,151.10000610351562,149.58999633789062,149.6750030517578,502720,SPCX
2026-07-09 12:25:00,149.6750030517578,149.82000732421875,149.6407928466797,149.72999572753906,47472,SPCX
2026-07-09 12:26:00,149.72999572753906,149.77499389648438,149.63999938964844,149.68499755859375,346132,SPCX
2026-07-09 12:27:00,149.69500732421875,149.72999572753906,149.4600067138672,149.53500366210938,127462,SPCX
2026-07-09 12:28:00,149.53500366210938,149.5800018310547,149.2100067138672,149.5800018310547,142361,SPCX
2026-07-09 12:29:00,149.58999633789062,149.92999267578125,149.50999450683594,149.88999938964844,52792,SPCX
2026-07-09 12:30:00,149.92999267578125,150.05999755859375,149.85499572753906,150.00999450683594,104026,SPCX
2026-07-09 12:31:00,149.9600067138672,150.01499938964844,149.85000610351562,149.94500732421875,26630,SPCX
2026-07-09 12:32:00,149.91000366210938,150.07000732421875,149.80999755859375,150.03289794921875,42112,SPCX
2026-07-09 12:33:00,150.0449981689453,150.2100067138672,150.01800537109375,150.11000061035156,40204,SPCX
2026-07-09 12:34:00,150.0843963623047,150.30999755859375,150.0843963623047,150.24000549316406,71316,SPCX
2026-07-09 12:35:00,150.25999450683594,150.30990600585938,149.8800048828125,149.8804931640625,50249,SPCX
2026-07-09 12:36:00,149.88999938964844,150.1999053955078,149.80999755859375,150.1999053955078,83337,SPCX
2026-07-09 12:37:00,150.14999389648438,150.30999755859375,150.10009765625,150.2899932861328,23312,SPCX
2026-07-09 12:38:00,150.25070190429688,150.35000610351562,150.22999572753906,150.3000030517578,43703,SPCX
2026-07-09 12:39:00,150.3000030517578,150.4600067138672,150.25,150.40130615234375,29443,SPCX
2026-07-09 12:40:00,150.4499969482422,150.4600067138672,150.2657928466797,150.32000732421875,40937,SPCX
2026-07-09 12:41:00,150.32000732421875,150.3876953125,150.25,150.36000061035156,39364,SPCX
2026-07-09 12:42:00,150.39849853515625,150.56959533691406,150.35000610351562,150.5301055908203,56799,SPCX
2026-07-09 12:43:00,150.52769470214844,150.69000244140625,150.5,150.52000427246094,54977,SPCX
2026-07-09 12:44:00,150.55499267578125,150.6300048828125,150.52000427246094,150.57000732421875,31679,SPCX
2026-07-09 12:45:00,150.58999633789062,150.6999969482422,150.52000427246094,150.66000366210938,44861,SPCX
2026-07-09 12:46:00,150.66000366210938,150.7100067138672,150.44009399414062,150.47000122070312,54033,SPCX
2026-07-09 12:47:00,150.47999572753906,150.60000610351562,150.39999389648438,150.4550018310547,161900,SPCX
2026-07-09 12:48:00,150.42149353027344,150.60000610351562,150.42149353027344,150.52999877929688,23200,SPCX
2026-07-09 12:49:00,150.64999389648438,150.8000030517578,150.5500030517578,150.72999572753906,34406,SPCX
2026-07-09 12:50:00,150.72000122070312,150.8000030517578,150.67999267578125,150.71499633789062,41348,SPCX
2026-07-09 12:51:00,150.75999450683594,151.15989685058594,150.73500061035156,151.0612030029297,111730,SPCX
2026-07-09 12:52:00,151.0500030517578,151.27000427246094,150.9600067138672,151.19500732421875,84026,SPCX
2026-07-09 12:53:00,151.21499633789062,151.27000427246094,151.02999877929688,151.02999877929688,80355,SPCX
2026-07-09 12:54:00,151.02999877929688,151.24000549316406,151.02000427246094,151.19000244140625,49106,SPCX
2026-07-09 12:55:00,151.19000244140625,151.2198944091797,150.72999572753906,150.7449951171875,70103,SPCX
2026-07-09 12:56:00,150.7449951171875,150.99000549316406,150.7449951171875,150.97059631347656,45774,SPCX
2026-07-09 12:57:00,150.97999572753906,151.05999755859375,150.66200256347656,150.75,66450,SPCX
2026-07-09 12:58:00,150.79989624023438,150.79989624023438,150.55999755859375,150.63499450683594,49057,SPCX
2026-07-09 12:59:00,150.625,150.6300048828125,150.52000427246094,150.52999877929688,28616,SPCX
2026-07-09 13:00:00,150.52000427246094,150.67999267578125,150.52000427246094,150.67999267578125,27933,SPCX
2026-07-09 13:01:00,150.69000244140625,150.9600067138672,150.69000244140625,150.88999938964844,33217,SPCX
2026-07-09 13:02:00,150.90699768066406,150.9199981689453,150.75,150.75999450683594,24648,SPCX
2026-07-09 13:03:00,150.75999450683594,150.8800048828125,150.6999969482422,150.8300018310547,31130,SPCX
2026-07-09 13:04:00,150.85000610351562,150.92999267578125,150.77000427246094,150.90159606933594,23147,SPCX
2026-07-09 13:05:00,150.8699951171875,150.9199981689453,150.6300048828125,150.66990661621094,30535,SPCX
2026-07-09 13:06:00,150.63499450683594,150.85000610351562,150.60000610351562,150.77499389648438,28389,SPCX
2026-07-09 13:07:00,150.7301025390625,150.88999938964844,150.7301025390625,150.8000030517578,17069,SPCX
2026-07-09 13:08:00,150.82000732421875,150.9600067138672,150.77499389648438,150.9199981689453,20863,SPCX
2026-07-09 13:09:00,150.9199981689453,150.92999267578125,150.80999755859375,150.8800048828125,26303,SPCX
2026-07-09 13:10:00,150.8800048828125,151.30999755859375,150.85000610351562,151.26719665527344,150010,SPCX
2026-07-09 13:11:00,151.28500366210938,151.9199981689453,151.25,151.58999633789062,382312,SPCX
2026-07-09 13:12:00,151.59500122070312,151.75,151.35000610351562,151.38909912109375,67208,SPCX
2026-07-09 13:13:00,151.3800048828125,151.5,151.25999450683594,151.49000549316406,57556,SPCX
2026-07-09 13:14:00,151.4499969482422,151.58999633789062,151.3000030517578,151.3800048828125,42345,SPCX
2026-07-09 13:15:00,151.39169311523438,151.5,150.91000366210938,151.25,229946,SPCX
2026-07-09 13:16:00,151.19000244140625,151.33999633789062,151.0399932861328,151.3249969482422,64765,SPCX
2026-07-09 13:17:00,151.32000732421875,151.55999755859375,151.11000061035156,151.5301055908203,61614,SPCX
2026-07-09 13:18:00,151.5435028076172,151.9290008544922,151.52000427246094,151.8800048828125,111448,SPCX
2026-07-09 13:19:00,151.85800170898438,152.35000610351562,151.85800170898438,152.22000122070312,449962,SPCX
2026-07-09 13:20:00,152.22000122070312,152.3000030517578,151.8809051513672,152.1999969482422,138489,SPCX
2026-07-09 13:21:00,152.19500732421875,152.25,152.02000427246094,152.02000427246094,84327,SPCX
2026-07-09 13:22:00,152.00999450683594,152.14999389648438,151.89999389648438,152.0,59640,SPCX
2026-07-09 13:23:00,151.97999572753906,152.14999389648438,151.9300994873047,152.05999755859375,100132,SPCX
2026-07-09 13:24:00,152.05999755859375,152.1699981689453,152.0048065185547,152.125,56409,SPCX
2026-07-09 13:25:00,152.14930725097656,152.25999450683594,151.95010375976562,152.21499633789062,105461,SPCX
2026-07-09 13:26:00,152.21499633789062,152.22999572753906,151.9199981689453,151.94000244140625,62759,SPCX
2026-07-09 13:27:00,151.9510040283203,152.14999389648438,151.9199981689453,152.00999450683594,43234,SPCX
2026-07-09 13:28:00,151.9949951171875,152.32530212402344,151.9949951171875,152.22999572753906,64440,SPCX
2026-07-09 13:29:00,152.22999572753906,152.52000427246094,152.2259063720703,152.47000122070312,126027,SPCX
2026-07-09 13:30:00,152.47999572753906,152.60000610351562,152.27000427246094,152.60000610351562,108895,SPCX
2026-07-09 13:31:00,152.60000610351562,152.7899932861328,152.5,152.5299072265625,119958,SPCX
2026-07-09 13:32:00,152.5,152.7480926513672,152.46499633789062,152.61000061035156,147489,SPCX
2026-07-09 13:33:00,152.5800018310547,152.72999572753906,152.5399932861328,152.65499877929688,54658,SPCX
2026-07-09 13:34:00,152.64999389648438,152.64999389648438,152.35000610351562,152.5,108861,SPCX
2026-07-09 13:35:00,152.5,152.60000610351562,152.3699951171875,152.4600067138672,51998,SPCX
2026-07-09 13:36:00,152.4199981689453,152.48199462890625,152.19009399414062,152.33999633789062,69718,SPCX
2026-07-09 13:37:00,152.33999633789062,152.55299377441406,152.30999755859375,152.49000549316406,40274,SPCX
2026-07-09 13:38:00,152.45660400390625,152.48989868164062,152.1699981689453,152.1999053955078,33994,SPCX
2026-07-09 13:39:00,152.19720458984375,152.29989624023438,152.08999633789062,152.13999938964844,56859,SPCX
2026-07-09 13:40:00,152.16000366210938,152.1999969482422,151.99000549316406,152.02999877929688,75404,SPCX
2026-07-09 13:41:00,152.0050048828125,152.24000549316406,152.0050048828125,152.22999572753906,39803,SPCX
2026-07-09 13:42:00,152.2200927734375,152.23989868164062,152.16000366210938,152.1699981689453,30356,SPCX
2026-07-09 13:43:00,152.18499755859375,152.5,152.17999267578125,152.4149932861328,66911,SPCX
2026-07-09 13:44:00,152.41749572753906,152.5,152.3101043701172,152.3300018310547,49439,SPCX
2026-07-09 13:45:00,152.32000732421875,152.4499969482422,152.22999572753906,152.41000366210938,33589,SPCX
2026-07-09 13:46:00,152.4127960205078,152.5,152.3300018310547,152.46420288085938,48835,SPCX
2026-07-09 13:47:00,152.4783935546875,152.5800018310547,152.4499969482422,152.49330139160156,48904,SPCX
2026-07-09 13:48:00,152.5500030517578,152.75,152.5500030517578,152.67999267578125,77212,SPCX
2026-07-09 13:49:00,152.67990112304688,152.6999969482422,152.5,152.5,70047,SPCX
2026-07-09 13:50:00,152.42999267578125,152.5,152.27999877929688,152.4600067138672,45862,SPCX
2026-07-09 13:51:00,152.46499633789062,152.72000122070312,152.3800048828125,152.6999969482422,44232,SPCX
2026-07-09 13:52:00,152.7100067138672,152.77699279785156,152.589599609375,152.7050018310547,51504,SPCX
2026-07-09 13:53:00,152.6750030517578,152.75,152.62010192871094,152.73500061035156,33305,SPCX
2026-07-09 13:54:00,152.73500061035156,152.7899932861328,152.58999633789062,152.6342010498047,46116,SPCX
2026-07-09 13:55:00,152.64500427246094,152.6699981689453,152.5,152.66000366210938,43480,SPCX
2026-07-09 13:56:00,152.59019470214844,152.60450744628906,152.4199981689453,152.48570251464844,38667,SPCX
2026-07-09 13:57:00,152.49000549316406,152.55990600585938,152.32000732421875,152.39500427246094,38274,SPCX
2026-07-09 13:58:00,152.375,152.38999938964844,152.16200256347656,152.2899932861328,42332,SPCX
2026-07-09 13:59:00,152.23049926757812,152.3699951171875,152.23049926757812,152.3699951171875,33821,SPCX
2026-07-09 14:00:00,152.3699951171875,152.4799041748047,152.25999450683594,152.28500366210938,44193,SPCX
2026-07-09 14:01:00,152.27000427246094,152.38999938964844,152.19000244140625,152.35000610351562,35062,SPCX
2026-07-09 14:02:00,152.35000610351562,152.58999633789062,152.25,152.5,70739,SPCX
2026-07-09 14:03:00,152.5399932861328,152.6999969482422,152.47000122070312,152.63499450683594,55940,SPCX
2026-07-09 14:04:00,152.63499450683594,152.76109313964844,152.54080200195312,152.61500549316406,58097,SPCX
2026-07-09 14:05:00,152.58999633789062,152.81100463867188,152.5399932861328,152.75999450683594,63463,SPCX
2026-07-09 14:06:00,152.7200927734375,152.91000366210938,152.6999969482422,152.77499389648438,81753,SPCX
2026-07-09 14:07:00,152.8000030517578,152.85000610351562,152.7100067138672,152.81500244140625,46661,SPCX
2026-07-09 14:08:00,152.8000030517578,152.83880615234375,152.75,152.7899932861328,95107,SPCX
2026-07-09 14:09:00,152.7550048828125,152.85000610351562,152.6300048828125,152.6522979736328,42996,SPCX
2026-07-09 14:10:00,152.6699981689453,152.6699981689453,152.4429931640625,152.5850067138672,45335,SPCX
2026-07-09 14:11:00,152.55589294433594,152.7097930908203,152.50999450683594,152.7097930908203,22567,SPCX
2026-07-09 14:12:00,152.70989990234375,153.30799865722656,152.69000244140625,153.22999572753906,354231,SPCX
2026-07-09 14:13:00,153.22999572753906,153.4398956298828,153.0500030517578,153.09500122070312,101364,SPCX
2026-07-09 14:14:00,153.1300048828125,153.19000244140625,152.83999633789062,152.91929626464844,74705,SPCX
2026-07-09 14:15:00,152.881103515625,153.1999969482422,152.86000061035156,153.14999389648438,80066,SPCX
2026-07-09 14:16:00,153.1300048828125,153.4499969482422,153.10000610351562,153.3101043701172,71625,SPCX
2026-07-09 14:17:00,153.3350067138672,153.3979949951172,153.10000610351562,153.32000732421875,58290,SPCX
2026-07-09 14:18:00,153.35499572753906,153.39999389648438,153.30999755859375,153.35000610351562,41226,SPCX
2026-07-09 14:19:00,153.35000610351562,153.49000549316406,153.21499633789062,153.35009765625,75810,SPCX
2026-07-09 14:20:00,153.42999267578125,153.47000122070312,153.22520446777344,153.25010681152344,63355,SPCX
2026-07-09 14:21:00,153.30999755859375,153.35000610351562,153.25,153.3300018310547,29258,SPCX
2026-07-09 14:22:00,153.3249969482422,153.39999389648438,153.17999267578125,153.2899932861328,63139,SPCX
2026-07-09 14:23:00,153.27999877929688,153.3000030517578,152.97000122070312,152.97000122070312,68408,SPCX
2026-07-09 14:24:00,152.97000122070312,153.0998992919922,152.90199279785156,153.00999450683594,36713,SPCX
2026-07-09 14:25:00,153.0,153.02999877929688,152.69000244140625,152.85499572753906,109783,SPCX
2026-07-09 14:26:00,152.85499572753906,152.89999389648438,152.6999969482422,152.73199462890625,39257,SPCX
2026-07-09 14:27:00,152.6999969482422,152.83999633789062,152.64999389648438,152.7899932861328,46081,SPCX
2026-07-09 14:28:00,152.7899932861328,152.8699951171875,152.5500030517578,152.643798828125,139535,SPCX
2026-07-09 14:29:00,152.63999938964844,152.75,152.50999450683594,152.63499450683594,41733,SPCX
2026-07-09 14:30:00,152.63499450683594,152.8699951171875,152.63499450683594,152.8300018310547,41865,SPCX
2026-07-09 14:31:00,152.7899932861328,153.0,152.7899932861328,152.88999938964844,24027,SPCX
2026-07-09 14:32:00,152.88999938964844,153.02000427246094,152.77999877929688,152.7949981689453,61667,SPCX
2026-07-09 14:33:00,152.82000732421875,152.9499969482422,152.77000427246094,152.77999877929688,36812,SPCX
2026-07-09 14:34:00,152.80999755859375,152.8988037109375,152.77999877929688,152.88999938964844,27929,SPCX
2026-07-09 14:35:00,152.85000610351562,153.05999755859375,152.83999633789062,153.03030395507812,69974,SPCX
2026-07-09 14:36:00,153.10000610351562,153.1699981689453,153.02999877929688,153.0399932861328,44836,SPCX
2026-07-09 14:37:00,153.02999877929688,153.24000549316406,153.02999877929688,153.14999389648438,40299,SPCX
2026-07-09 14:38:00,153.08999633789062,153.17999267578125,152.94500732421875,152.94500732421875,36938,SPCX
2026-07-09 14:39:00,152.94500732421875,153.0500030517578,152.90879821777344,152.94659423828125,40413,SPCX
2026-07-09 14:40:00,152.92010498046875,153.10000610351562,152.92010498046875,152.97999572753906,37187,SPCX
2026-07-09 14:41:00,152.97000122070312,153.17999267578125,152.93499755859375,153.09500122070312,50039,SPCX
2026-07-09 14:42:00,153.07000732421875,153.3000030517578,153.07000732421875,153.26499938964844,51579,SPCX
2026-07-09 14:43:00,153.25,153.27000427246094,153.0,153.1649932861328,45913,SPCX
2026-07-09 14:44:00,153.1649932861328,153.3800048828125,153.13499450683594,153.22500610351562,44777,SPCX
2026-07-09 14:45:00,153.22500610351562,153.29989624023438,153.1793975830078,153.29989624023438,23544,SPCX
2026-07-09 14:46:00,153.22999572753906,153.22999572753906,153.0,153.11500549316406,56722,SPCX
2026-07-09 14:47:00,153.11500549316406,153.22999572753906,153.0399932861328,153.20010375976562,40648,SPCX
2026-07-09 14:48:00,153.1999969482422,153.38999938964844,153.1300048828125,153.3699951171875,52691,SPCX
2026-07-09 14:49:00,153.3350067138672,153.5,153.1699981689453,153.1999969482422,96864,SPCX
2026-07-09 14:50:00,153.24000549316406,153.2799072265625,153.10000610351562,153.13999938964844,34638,SPCX
2026-07-09 14:51:00,153.15989685058594,153.19000244140625,152.9499969482422,153.03500366210938,62314,SPCX
2026-07-09 14:52:00,153.05999755859375,153.11000061035156,153.00999450683594,153.0500030517578,23292,SPCX
2026-07-09 14:53:00,153.05499267578125,153.05499267578125,152.69000244140625,152.80999755859375,93023,SPCX
2026-07-09 14:54:00,152.8249969482422,153.00999450683594,152.78199768066406,152.78269958496094,51920,SPCX
2026-07-09 14:55:00,152.80999755859375,152.8800048828125,152.6999969482422,152.75999450683594,56029,SPCX
2026-07-09 14:56:00,152.75,152.92999267578125,152.75,152.8350067138672,54111,SPCX
2026-07-09 14:57:00,152.85000610351562,152.92999267578125,152.75999450683594,152.92999267578125,58402,SPCX
2026-07-09 14:58:00,152.92990112304688,152.97000122070312,152.8300018310547,152.8800048828125,41832,SPCX
2026-07-09 14:59:00,152.92999267578125,153.1999969482422,152.89999389648438,153.07000732421875,57424,SPCX
2026-07-09 15:00:00,153.0792999267578,153.22000122070312,152.8000030517578,152.83999633789062,121812,SPCX
2026-07-09 15:01:00,152.86990356445312,152.97000122070312,152.33009338378906,152.44000244140625,117948,SPCX
2026-07-09 15:02:00,152.5321044921875,152.72000122070312,152.32000732421875,152.414306640625,89617,SPCX
2026-07-09 15:03:00,152.43499755859375,152.9600067138672,152.38059997558594,152.89990234375,36316,SPCX
2026-07-09 15:04:00,152.85499572753906,153.3800048828125,152.79010009765625,153.3300018310547,85136,SPCX
2026-07-09 15:05:00,153.36000061035156,153.47000122070312,153.10000610351562,153.1999053955078,149183,SPCX
2026-07-09 15:06:00,153.15499877929688,153.3000030517578,152.97999572753906,153.0500030517578,72365,SPCX
2026-07-09 15:07:00,153.02999877929688,153.13999938964844,152.85009765625,152.9499969482422,66620,SPCX
2026-07-09 15:08:00,152.97500610351562,153.00999450683594,152.60000610351562,152.8000030517578,60093,SPCX
2026-07-09 15:09:00,152.81500244140625,152.9149932861328,152.7100067138672,152.80999755859375,57086,SPCX
2026-07-09 15:10:00,152.8249969482422,152.8699951171875,152.6699981689453,152.75999450683594,49305,SPCX
2026-07-09 15:11:00,152.74000549316406,153.19000244140625,152.74000549316406,153.08999633789062,67714,SPCX
2026-07-09 15:12:00,153.1300048828125,153.35000610351562,153.10000610351562,153.3000030517578,43838,SPCX
2026-07-09 15:13:00,153.3000030517578,153.33999633789062,153.22000122070312,153.2899932861328,49608,SPCX
2026-07-09 15:14:00,153.3300018310547,153.39999389648438,153.2100067138672,153.22500610351562,55269,SPCX
2026-07-09 15:15:00,153.24000549316406,153.35000610351562,153.1649932861328,153.19960021972656,46848,SPCX
2026-07-09 15:16:00,153.2100067138672,153.42999267578125,153.2100067138672,153.40499877929688,97101,SPCX
2026-07-09 15:17:00,153.42349243164062,153.4600067138672,153.33999633789062,153.4199981689453,57059,SPCX
2026-07-09 15:18:00,153.40499877929688,153.47000122070312,153.27999877929688,153.31219482421875,53647,SPCX
2026-07-09 15:19:00,153.32679748535156,153.35000610351562,152.72779846191406,152.99000549316406,142622,SPCX
2026-07-09 15:20:00,153.05999755859375,153.19000244140625,153.0,153.10000610351562,82638,SPCX
2026-07-09 15:21:00,153.0749969482422,153.19000244140625,152.9199981689453,153.0,147744,SPCX
2026-07-09 15:22:00,153.0,153.0800018310547,152.75,152.92990112304688,86967,SPCX
2026-07-09 15:23:00,152.88009643554688,152.98989868164062,152.79010009765625,152.9250030517578,55110,SPCX
2026-07-09 15:24:00,152.9250030517578,152.9799041748047,152.77999877929688,152.80499267578125,48617,SPCX
2026-07-09 15:25:00,152.85000610351562,152.92999267578125,152.77980041503906,152.89840698242188,36355,SPCX
2026-07-09 15:26:00,152.82000732421875,152.92999267578125,152.67999267578125,152.8300018310547,58228,SPCX
2026-07-09 15:27:00,152.8699951171875,153.10000610351562,152.8184051513672,152.9250030517578,60594,SPCX
2026-07-09 15:28:00,152.9156951904297,152.98500061035156,152.78500366210938,152.78500366210938,49502,SPCX
2026-07-09 15:29:00,152.7899932861328,152.9499969482422,152.7449951171875,152.7899932861328,59443,SPCX
2026-07-09 15:30:00,152.7899932861328,152.8000030517578,152.60000610351562,152.6300048828125,75634,SPCX
2026-07-09 15:31:00,152.65499877929688,152.8300018310547,152.64010620117188,152.6999969482422,45600,SPCX
2026-07-09 15:32:00,152.697998046875,152.76499938964844,152.55999755859375,152.57000732421875,57818,SPCX
2026-07-09 15:33:00,152.61000061035156,152.61000061035156,152.39999389648438,152.43499755859375,93942,SPCX
2026-07-09 15:34:00,152.43499755859375,152.5399932861328,152.0399932861328,152.14999389648438,188602,SPCX
2026-07-09 15:35:00,152.14999389648438,152.25,151.75,152.05499267578125,152516,SPCX
2026-07-09 15:36:00,152.00999450683594,152.09469604492188,151.77999877929688,151.8350067138672,47815,SPCX
2026-07-09 15:37:00,151.8800048828125,152.16000366210938,151.75999450683594,152.07000732421875,91927,SPCX
2026-07-09 15:38:00,152.07000732421875,152.10989379882812,151.80999755859375,152.0,45102,SPCX
2026-07-09 15:39:00,151.97000122070312,152.10000610351562,151.88999938964844,152.08999633789062,53844,SPCX
2026-07-09 15:40:00,152.08999633789062,152.3300018310547,152.00999450683594,152.1300048828125,63750,SPCX
2026-07-09 15:41:00,152.19000244140625,152.3300018310547,152.1199951171875,152.1699981689453,62766,SPCX
2026-07-09 15:42:00,152.1750030517578,152.27999877929688,152.08999633789062,152.08999633789062,49266,SPCX
2026-07-09 15:43:00,152.10000610351562,152.125,151.8800048828125,152.00999450683594,42949,SPCX
2026-07-09 15:44:00,152.0,152.14999389648438,151.85159301757812,151.89999389648438,56250,SPCX
2026-07-09 15:45:00,151.89500427246094,152.0399932861328,151.8300018310547,152.03500366210938,44341,SPCX
2026-07-09 15:46:00,152.0399932861328,152.17999267578125,151.89999389648438,152.0399932861328,72939,SPCX
2026-07-09 15:47:00,152.00999450683594,152.05999755859375,151.89999389648438,151.97999572753906,62899,SPCX
2026-07-09 15:48:00,151.9600067138672,151.9600067138672,151.5500030517578,151.5500030517578,109730,SPCX
2026-07-09 15:49:00,151.54010009765625,151.56500244140625,151.3800048828125,151.3907928466797,186988,SPCX
2026-07-09 15:50:00,151.39999389648438,151.4600067138672,151.1999969482422,151.39979553222656,128051,SPCX
2026-07-09 15:51:00,151.38499450683594,152.0,150.8000030517578,150.89500427246094,204217,SPCX
2026-07-09 15:52:00,150.88999938964844,151.0,150.55999755859375,150.6199951171875,215124,SPCX
2026-07-09 15:53:00,150.6199951171875,150.6199951171875,149.92999267578125,150.02999877929688,600841,SPCX
2026-07-09 15:54:00,150.0050048828125,150.83990478515625,150.0050048828125,150.5850067138672,195799,SPCX
2026-07-09 15:55:00,150.5850067138672,151.74000549316406,150.5850067138672,151.57000732421875,345724,SPCX
2026-07-09 15:56:00,151.56500244140625,151.8699951171875,151.4499969482422,151.85000610351562,311625,SPCX
2026-07-09 15:57:00,151.85000610351562,151.8800048828125,151.6699981689453,151.86000061035156,372931,SPCX
2026-07-09 15:58:00,151.86500549316406,151.9600067138672,151.77000427246094,151.85499572753906,368537,SPCX
2026-07-09 15:59:00,151.86000061035156,152.24000549316406,151.8000030517578,152.1199951171875,811531,SPCX
2026-07-10 09:30:00,150.125,150.30999755859375,149.0,149.3350067138672,3178163,SPCX
2026-07-10 09:31:00,149.27000427246094,150.0,148.85000610351562,149.2899932861328,341610,SPCX
2026-07-10 09:32:00,149.2100067138672,149.8699951171875,148.8000030517578,149.3699951171875,321586,SPCX
2026-07-10 09:33:00,149.30499267578125,149.6199951171875,149.0399932861328,149.45050048828125,231984,SPCX
2026-07-10 09:34:00,149.4199981689453,149.83999633789062,149.25999450683594,149.61500549316406,187983,SPCX
2026-07-10 09:35:00,149.61000061035156,150.57000732421875,149.25,149.33009338378906,365359,SPCX
2026-07-10 09:36:00,149.3300018310547,149.60000610351562,148.89999389648438,149.11000061035156,268112,SPCX
2026-07-10 09:37:00,149.11000061035156,149.35000610351562,148.97000122070312,149.22999572753906,166911,SPCX
2026-07-10 09:38:00,149.1199951171875,149.3000030517578,148.8800048828125,149.0,194703,SPCX
2026-07-10 09:39:00,149.0,149.19000244140625,148.64999389648438,149.1199951171875,295659,SPCX
2026-07-10 09:40:00,149.2100067138672,149.3300018310547,149.02000427246094,149.32000732421875,97416,SPCX
2026-07-10 09:41:00,149.24000549316406,149.4149932861328,149.07000732421875,149.10499572753906,98279,SPCX
2026-07-10 09:42:00,149.0800018310547,149.38999938964844,148.89999389648438,149.3350067138672,112090,SPCX
2026-07-10 09:43:00,149.32000732421875,149.4499053955078,149.1300048828125,149.3300018310547,59421,SPCX
2026-07-10 09:44:00,149.32400512695312,149.4600067138672,149.0,149.14999389648438,89461,SPCX
2026-07-10 09:45:00,149.25999450683594,149.5,149.25,149.41000366210938,100500,SPCX
2026-07-10 09:46:00,149.3699951171875,149.5,148.88999938964844,149.49819946289062,136866,SPCX
2026-07-10 09:47:00,149.39999389648438,149.668701171875,149.24000549316406,149.58999633789062,111924,SPCX
2026-07-10 09:48:00,149.58999633789062,149.6199951171875,149.25,149.3000030517578,60021,SPCX
2026-07-10 09:49:00,149.2740020751953,149.6300048828125,149.27000427246094,149.5,67330,SPCX
2026-07-10 09:50:00,149.5399932861328,149.69900512695312,149.25,149.33990478515625,76200,SPCX
2026-07-10 09:51:00,149.3000030517578,149.5699005126953,149.24000549316406,149.45010375976562,53256,SPCX
2026-07-10 09:52:00,149.48500061035156,149.6999969482422,149.25,149.32000732421875,80611,SPCX
2026-07-10 09:53:00,149.3000030517578,149.4499969482422,149.05999755859375,149.24000549316406,92856,SPCX
2026-07-10 09:54:00,149.1699981689453,149.24000549316406,148.52999877929688,148.60000610351562,252519,SPCX
2026-07-10 09:55:00,148.55999755859375,148.69000244140625,148.05999755859375,148.1472930908203,360258,SPCX
2026-07-10 09:56:00,148.17999267578125,148.5399932861328,148.0500030517578,148.38999938964844,168849,SPCX
2026-07-10 09:57:00,148.38499450683594,148.47999572753906,148.0800018310547,148.2100067138672,222412,SPCX
2026-07-10 09:58:00,148.13999938964844,148.39999389648438,147.88999938964844,148.27999877929688,480575,SPCX
2026-07-10 09:59:00,148.22500610351562,148.33799743652344,148.06080627441406,148.1999053955078,110154,SPCX
2026-07-10 10:00:00,148.14999389648438,148.27999877929688,148.02000427246094,148.07000732421875,125343,SPCX
2026-07-10 10:01:00,148.0800018310547,148.1024932861328,147.75,147.83999633789062,307603,SPCX
2026-07-10 10:02:00,147.78489685058594,148.11000061035156,147.6501007080078,148.07000732421875,168222,SPCX
2026-07-10 10:03:00,148.05499267578125,148.08990478515625,147.7899932861328,147.87989807128906,115439,SPCX
2026-07-10 10:04:00,147.87989807128906,147.87989807128906,147.5800018310547,147.73500061035156,141315,SPCX
2026-07-10 10:05:00,147.77000427246094,148.1999969482422,147.72999572753906,148.17010498046875,242748,SPCX
2026-07-10 10:06:00,148.17999267578125,148.52999877929688,148.0800018310547,148.4949951171875,209165,SPCX
2026-07-10 10:07:00,148.47410583496094,148.6999969482422,148.32000732421875,148.4499969482422,122455,SPCX
2026-07-10 10:08:00,148.44509887695312,148.66000366210938,148.30999755859375,148.64500427246094,152777,SPCX
2026-07-10 10:09:00,148.6300048828125,148.74000549316406,148.52999877929688,148.69859313964844,180342,SPCX
2026-07-10 10:10:00,148.55990600585938,148.6300048828125,148.39999389648438,148.4600067138672,54348,SPCX
2026-07-10 10:11:00,148.42999267578125,148.5,148.33009338378906,148.46499633789062,15887,SPCX
2026-07-10 10:12:00,148.4499969482422,148.55999755859375,148.11000061035156,148.1199951171875,190855,SPCX
2026-07-10 10:13:00,148.13499450683594,148.3300018310547,147.9499969482422,148.22999572753906,126965,SPCX
2026-07-10 10:14:00,148.21499633789062,148.2436981201172,148.09500122070312,148.11500549316406,55470,SPCX
2026-07-10 10:15:00,148.09500122070312,148.25,147.9600067138672,148.19479370117188,124854,SPCX
2026-07-10 10:16:00,148.1699981689453,148.39999389648438,148.14999389648438,148.32000732421875,54164,SPCX
2026-07-10 10:17:00,148.3249969482422,148.3249969482422,148.00999450683594,148.0500030517578,120508,SPCX
2026-07-10 10:18:00,148.0,148.17999267578125,147.85000610351562,148.0,115309,SPCX
2026-07-10 10:19:00,147.98500061035156,148.02999877929688,147.6699981689453,147.7100067138672,200215,SPCX
2026-07-10 10:20:00,147.72500610351562,147.75,147.410400390625,147.63499450683594,281084,SPCX
2026-07-10 10:21:00,147.66000366210938,147.71310424804688,147.25010681152344,147.28680419921875,208319,SPCX
2026-07-10 10:22:00,147.30999755859375,147.3800048828125,147.07000732421875,147.10000610351562,179218,SPCX
2026-07-10 10:23:00,147.0800018310547,147.389892578125,147.0500030517578,147.32000732421875,135910,SPCX
2026-07-10 10:24:00,147.33999633789062,147.75,147.3000030517578,147.67990112304688,162731,SPCX
2026-07-10 10:25:00,147.65499877929688,147.77000427246094,147.4801025390625,147.57000732421875,101666,SPCX
2026-07-10 10:26:00,147.57000732421875,147.7100067138672,147.3424072265625,147.6096954345703,92441,SPCX
2026-07-10 10:27:00,147.6322021484375,147.97000122070312,147.61000061035156,147.8300018310547,99484,SPCX
2026-07-10 10:28:00,147.8300018310547,147.9600067138672,147.7899932861328,147.92999267578125,69483,SPCX
2026-07-10 10:29:00,147.95989990234375,147.97999572753906,147.8000030517578,147.835205078125,66703,SPCX
2026-07-10 10:30:00,147.84500122070312,147.90150451660156,147.67999267578125,147.77000427246094,81459,SPCX
2026-07-10 10:31:00,147.75999450683594,148.0399932861328,147.66000366210938,147.99000549316406,125441,SPCX
2026-07-10 10:32:00,148.0,148.3000030517578,147.11000061035156,147.19349670410156,282668,SPCX
2026-07-10 10:33:00,147.10169982910156,147.60499572753906,146.74000549316406,147.5749969482422,475706,SPCX
2026-07-10 10:34:00,147.56829833984375,147.7899932861328,147.49000549316406,147.69219970703125,93967,SPCX
2026-07-10 10:35:00,147.63999938964844,147.9246063232422,147.5,147.53500366210938,87312,SPCX
2026-07-10 10:36:00,147.53500366210938,147.89990234375,147.5,147.83009338378906,90236,SPCX
2026-07-10 10:37:00,147.8300018310547,147.9499969482422,147.75,147.9199981689453,73242,SPCX
2026-07-10 10:38:00,147.92999267578125,148.02000427246094,147.77999877929688,147.99000549316406,81671,SPCX
2026-07-10 10:39:00,147.97740173339844,148.2100067138672,147.92999267578125,148.1649932861328,80759,SPCX
2026-07-10 10:40:00,148.1649932861328,148.3800048828125,148.0500030517578,148.3300018310547,99769,SPCX
2026-07-10 10:41:00,148.2899932861328,148.2899932861328,147.89999389648438,147.94000244140625,87203,SPCX
2026-07-10 10:42:00,147.9499969482422,148.1699981689453,147.82000732421875,147.8800048828125,100311,SPCX
2026-07-10 10:43:00,147.88499450683594,148.0,147.75,147.78500366210938,53711,SPCX
2026-07-10 10:44:00,147.8000030517578,148.0052947998047,147.6199951171875,147.93499755859375,59152,SPCX
2026-07-10 10:45:00,147.93499755859375,148.07000732421875,147.80999755859375,147.9669952392578,68958,SPCX
2026-07-10 10:46:00,147.9600067138672,148.0,147.82000732421875,147.8699951171875,46351,SPCX
2026-07-10 10:47:00,147.85000610351562,148.05990600585938,147.85000610351562,148.0,55581,SPCX
2026-07-10 10:48:00,147.9600067138672,148.07949829101562,147.8000030517578,147.85000610351562,50887,SPCX
2026-07-10 10:49:00,147.86000061035156,148.1990966796875,147.86000061035156,148.11000061035156,54728,SPCX
2026-07-10 10:50:00,148.08999633789062,148.08999633789062,147.66000366210938,147.7050018310547,90019,SPCX
2026-07-10 10:51:00,147.7449951171875,147.7899932861328,147.57000732421875,147.7799072265625,44593,SPCX
2026-07-10 10:52:00,147.7205047607422,147.9199981689453,147.7100067138672,147.85000610351562,42444,SPCX
2026-07-10 10:53:00,147.85000610351562,147.8800048828125,147.64999389648438,147.75999450683594,61232,SPCX
2026-07-10 10:54:00,147.82000732421875,147.86000061035156,147.69000244140625,147.7899932861328,79694,SPCX
2026-07-10 10:55:00,147.82000732421875,147.92430114746094,147.58999633789062,147.60000610351562,95896,SPCX
2026-07-10 10:56:00,147.5800018310547,147.60989379882812,147.38999938964844,147.4799041748047,140753,SPCX
2026-07-10 10:57:00,147.47999572753906,147.79989624023438,147.44500732421875,147.6699981689453,77575,SPCX
2026-07-10 10:58:00,147.72500610351562,147.8800048828125,147.60000610351562,147.80479431152344,80872,SPCX
2026-07-10 10:59:00,147.7978973388672,147.99000549316406,147.710205078125,147.92999267578125,58272,SPCX
2026-07-10 11:00:00,147.92999267578125,147.99000549316406,147.85000610351562,147.88499450683594,66774,SPCX
2026-07-10 11:01:00,147.88499450683594,147.92999267578125,147.5399932861328,147.72000122070312,84538,SPCX
2026-07-10 11:02:00,147.73500061035156,147.91000366210938,147.60000610351562,147.86000061035156,92112,SPCX
2026-07-10 11:03:00,147.8677978515625,148.0399932861328,147.847900390625,147.9199981689453,125918,SPCX
2026-07-10 11:04:00,147.94000244140625,148.00990295410156,147.85000610351562,147.85009765625,64423,SPCX
2026-07-10 11:05:00,147.88499450683594,147.9600067138672,147.75,147.89999389648438,74944,SPCX
2026-07-10 11:06:00,147.89999389648438,148.02999877929688,147.8000030517578,147.86000061035156,124159,SPCX
2026-07-10 11:07:00,147.83999633789062,148.3300018310547,147.82000732421875,148.22500610351562,148285,SPCX
2026-07-10 11:08:00,148.20010375976562,148.22999572753906,148.02000427246094,148.09620666503906,120983,SPCX
2026-07-10 11:09:00,148.1300048828125,148.2899932861328,148.11000061035156,148.22500610351562,74288,SPCX
2026-07-10 11:10:00,148.22500610351562,148.35989379882812,148.1300048828125,148.33999633789062,59858,SPCX
2026-07-10 11:11:00,148.32029724121094,148.3800048828125,148.1999969482422,148.2050018310547,62447,SPCX
2026-07-10 11:12:00,148.2050018310547,148.25,148.0800018310547,148.25,47862,SPCX
2026-07-10 11:13:00,148.22000122070312,148.27999877929688,148.10000610351562,148.1699981689453,49647,SPCX
2026-07-10 11:14:00,148.15379333496094,148.1999053955078,147.8000030517578,147.9320068359375,90758,SPCX
2026-07-10 11:15:00,147.9199981689453,148.2899932861328,147.9199981689453,148.2696990966797,40883,SPCX
2026-07-10 11:16:00,148.26870727539062,148.57000732421875,148.26870727539062,148.4499969482422,88065,SPCX
2026-07-10 11:17:00,148.47999572753906,148.5800018310547,148.3800048828125,148.5,76354,SPCX
2026-07-10 11:18:00,148.5,148.5399932861328,148.25,148.3300018310547,59080,SPCX
2026-07-10 11:19:00,148.34979248046875,148.36990356445312,148.17999267578125,148.3350067138672,51948,SPCX
2026-07-10 11:20:00,148.35000610351562,148.5,148.2899932861328,148.3000030517578,68097,SPCX
2026-07-10 11:21:00,148.30499267578125,148.47000122070312,148.30499267578125,148.44000244140625,30390,SPCX
2026-07-10 11:22:00,148.47000122070312,148.52000427246094,148.3300018310547,148.5019989013672,56259,SPCX
2026-07-10 11:23:00,148.4949951171875,148.55999755859375,148.4199981689453,148.49000549316406,106443,SPCX
2026-07-10 11:24:00,148.5,148.9600067138672,148.41000366210938,148.9199981689453,208969,SPCX
2026-07-10 11:25:00,148.9250030517578,149.1300048828125,148.85000610351562,149.0399932861328,196019,SPCX
2026-07-10 11:26:00,149.05999755859375,149.32969665527344,149.0301055908203,149.23500061035156,120333,SPCX
2026-07-10 11:27:00,149.22500610351562,149.74989318847656,149.1699981689453,149.57000732421875,309627,SPCX
2026-07-10 11:28:00,149.5399932861328,149.55999755859375,149.36900329589844,149.42999267578125,150385,SPCX
2026-07-10 11:29:00,149.5,149.58999633789062,149.4199981689453,149.49000549316406,123825,SPCX
2026-07-10 11:30:00,149.52999877929688,149.58999633789062,149.25,149.28500366210938,87218,SPCX
2026-07-10 11:31:00,149.28500366210938,149.36000061035156,149.13999938964844,149.33009338378906,76218,SPCX
2026-07-10 11:32:00,149.35499572753906,149.4199981689453,149.11000061035156,149.11000061035156,51108,SPCX
2026-07-10 11:33:00,149.10000610351562,149.21400451660156,148.89999389648438,148.94000244140625,112011,SPCX
2026-07-10 11:34:00,148.94500732421875,149.15170288085938,148.92999267578125,149.1300048828125,70769,SPCX
2026-07-10 11:35:00,149.1300048828125,149.1300048828125,148.8292999267578,148.8300018310547,58118,SPCX
2026-07-10 11:36:00,148.84500122070312,148.88999938964844,148.74000549316406,148.77000427246094,53384,SPCX
2026-07-10 11:37:00,148.77000427246094,148.91000366210938,148.66990661621094,148.72000122070312,51741,SPCX
2026-07-10 11:38:00,148.72000122070312,148.8000030517578,148.5500030517578,148.5500030517578,49925,SPCX
2026-07-10 11:39:00,148.58999633789062,148.72000122070312,148.52999877929688,148.66000366210938,49759,SPCX
2026-07-10 11:40:00,148.60000610351562,148.88999938964844,148.5399932861328,148.7799072265625,59500,SPCX
2026-07-10 11:41:00,148.73019409179688,148.7899932861328,148.36219787597656,148.37330627441406,79473,SPCX
2026-07-10 11:42:00,148.4149932861328,148.4149932861328,148.02000427246094,148.06500244140625,88176,SPCX
2026-07-10 11:43:00,148.06500244140625,148.10000610351562,147.8000030517578,148.04010009765625,132777,SPCX
2026-07-10 11:44:00,148.0399932861328,148.18499755859375,147.77000427246094,148.17039489746094,136858,SPCX
2026-07-10 11:45:00,148.08999633789062,148.3000030517578,148.0500030517578,148.0800018310547,69225,SPCX
2026-07-10 11:46:00,148.07960510253906,148.25,148.0500030517578,148.22950744628906,49716,SPCX
2026-07-10 11:47:00,148.2100067138672,148.5500030517578,148.14999389648438,148.42999267578125,86151,SPCX
2026-07-10 11:48:00,148.47000122070312,148.5500030517578,148.3000030517578,148.3249969482422,44362,SPCX
2026-07-10 11:49:00,148.35000610351562,148.47999572753906,148.3300018310547,148.4105987548828,57738,SPCX
2026-07-10 11:50:00,148.41000366210938,148.4591064453125,148.25,148.3800048828125,43329,SPCX
2026-07-10 11:51:00,148.38499450683594,148.4499969482422,148.17999267578125,148.2635955810547,43552,SPCX
2026-07-10 11:52:00,148.25999450683594,148.5,148.25999450683594,148.4600067138672,43111,SPCX
2026-07-10 11:53:00,148.41749572753906,148.47000122070312,148.3000946044922,148.39999389648438,64802,SPCX
2026-07-10 11:54:00,148.36000061035156,148.52000427246094,148.36000061035156,148.46499633789062,66445,SPCX
2026-07-10 11:55:00,148.46499633789062,148.69000244140625,148.43499755859375,148.64500427246094,88048,SPCX
2026-07-10 11:56:00,148.67999267578125,148.75,148.55650329589844,148.61000061035156,552462,SPCX
2026-07-10 11:57:00,148.61000061035156,148.6999969482422,148.47999572753906,148.6999053955078,44758,SPCX
2026-07-10 11:58:00,148.6999969482422,148.83999633789062,148.5,148.75599670410156,59332,SPCX
2026-07-10 11:59:00,148.75999450683594,148.89999389648438,148.69000244140625,148.77499389648438,62617,SPCX
2026-07-10 12:00:00,148.82000732421875,148.9199981689453,148.64999389648438,148.9199981689453,79609,SPCX
2026-07-10 12:01:00,148.9199981689453,149.11000061035156,148.8699951171875,148.91000366210938,86254,SPCX
2026-07-10 12:02:00,148.9199981689453,148.9394989013672,148.66000366210938,148.77000427246094,69264,SPCX
2026-07-10 12:03:00,148.789306640625,148.85000610351562,148.6699981689453,148.69000244140625,45372,SPCX
2026-07-10 12:04:00,148.6699981689453,148.77000427246094,148.64010620117188,148.64010620117188,48165,SPCX
2026-07-10 12:05:00,148.6750030517578,148.74009704589844,148.56039428710938,148.56039428710938,56573,SPCX
2026-07-10 12:06:00,148.5800018310547,148.66000366210938,148.45010375976562,148.5198974609375,71123,SPCX
2026-07-10 12:07:00,148.47999572753906,148.7790069580078,148.42999267578125,148.74000549316406,61515,SPCX
2026-07-10 12:08:00,148.73500061035156,149.0,148.67999267578125,148.98989868164062,52721,SPCX
2026-07-10 12:09:00,148.95010375976562,148.964599609375,148.8101043701172,148.9199981689453,34208,SPCX
2026-07-10 12:10:00,148.9250030517578,148.97000122070312,148.8300018310547,148.968994140625,30091,SPCX
2026-07-10 12:11:00,148.968994140625,149.10000610351562,148.1699981689453,148.57989501953125,262930,SPCX
2026-07-10 12:12:00,148.5449981689453,148.639892578125,147.72000122070312,148.07000732421875,368663,SPCX
2026-07-10 12:13:00,148.11000061035156,148.2198944091797,147.5399932861328,147.7050018310547,243064,SPCX
2026-07-10 12:14:00,147.69000244140625,147.89999389648438,147.52000427246094,147.85499572753906,121924,SPCX
2026-07-10 12:15:00,147.87379455566406,148.05999755859375,147.80999755859375,147.99349975585938,79185,SPCX
2026-07-10 12:16:00,147.97500610351562,148.0800018310547,147.9499969482422,148.07000732421875,60655,SPCX
2026-07-10 12:17:00,148.05979919433594,148.14999389648438,148.02999877929688,148.14999389648438,51202,SPCX
2026-07-10 12:18:00,148.13999938964844,148.1699981689453,147.88999938964844,147.97000122070312,83273,SPCX
2026-07-10 12:19:00,147.94509887695312,148.35000610351562,147.8800048828125,148.2899932861328,68588,SPCX
2026-07-10 12:20:00,148.3498992919922,148.4600067138672,148.25,148.35000610351562,73696,SPCX
2026-07-10 12:21:00,148.35000610351562,148.4199981689453,148.2050018310547,148.39500427246094,35188,SPCX
2026-07-10 12:22:00,148.3800048828125,148.41000366210938,148.27999877929688,148.38999938964844,37153,SPCX
2026-07-10 12:23:00,148.3800048828125,148.6699981689453,148.33999633789062,148.5500030517578,105983,SPCX
2026-07-10 12:24:00,148.5500030517578,148.64999389648438,148.49000549316406,148.49000549316406,39924,SPCX
2026-07-10 12:25:00,148.48500061035156,148.52000427246094,148.27999877929688,148.33999633789062,51874,SPCX
2026-07-10 12:26:00,148.33999633789062,148.50999450683594,148.33999633789062,148.48500061035156,55079,SPCX
2026-07-10 12:27:00,148.47999572753906,148.60000610351562,148.4600067138672,148.52999877929688,33073,SPCX
2026-07-10 12:28:00,148.55679321289062,148.55679321289062,148.27000427246094,148.38999938964844,32953,SPCX
2026-07-10 12:29:00,148.3800048828125,148.42999267578125,148.19000244140625,148.42999267578125,60291,SPCX
2026-07-10 12:30:00,148.44000244140625,148.57989501953125,148.33999633789062,148.4550018310547,41388,SPCX
2026-07-10 12:31:00,148.47000122070312,148.57000732421875,148.4001007080078,148.47999572753906,32644,SPCX
2026-07-10 12:32:00,148.47999572753906,148.52999877929688,148.4080047607422,148.47999572753906,25694,SPCX
2026-07-10 12:33:00,148.4499969482422,148.52000427246094,148.38499450683594,148.41400146484375,38656,SPCX
2026-07-10 12:34:00,148.41009521484375,148.52000427246094,148.35499572753906,148.38499450683594,36166,SPCX
2026-07-10 12:35:00,148.38499450683594,148.4600067138672,148.3300018310547,148.4600067138672,50569,SPCX
2026-07-10 12:36:00,148.4600067138672,148.57000732421875,148.41000366210938,148.55999755859375,32577,SPCX
2026-07-10 12:37:00,148.55099487304688,148.5800018310547,148.39999389648438,148.50999450683594,31787,SPCX
2026-07-10 12:38:00,148.50999450683594,148.60000610351562,148.47999572753906,148.58999633789062,27081,SPCX
2026-07-10 12:39:00,148.61000061035156,148.7198028564453,148.5749969482422,148.69960021972656,25783,SPCX
2026-07-10 12:40:00,148.72000122070312,148.75,148.6199951171875,148.7100067138672,450677,SPCX
2026-07-10 12:41:00,148.72000122070312,148.72000122070312,148.52000427246094,148.55360412597656,27499,SPCX
2026-07-10 12:42:00,148.5500030517578,148.5699005126953,148.4199981689453,148.52999877929688,43230,SPCX
2026-07-10 12:43:00,148.52499389648438,148.68980407714844,148.50010681152344,148.6649932861328,27007,SPCX
2026-07-10 12:44:00,148.63999938964844,148.66940307617188,148.52999877929688,148.5800018310547,35607,SPCX
2026-07-10 12:45:00,148.5800018310547,148.64999389648438,148.5301055908203,148.58999633789062,28153,SPCX
2026-07-10 12:46:00,148.5800018310547,148.74000549316406,148.5800018310547,148.63999938964844,55172,SPCX
2026-07-10 12:47:00,148.63999938964844,148.80999755859375,148.63999938964844,148.75999450683594,36004,SPCX
2026-07-10 12:48:00,148.77999877929688,148.8000030517578,148.7301025390625,148.7301025390625,22489,SPCX
2026-07-10 12:49:00,148.75999450683594,148.80540466308594,148.6800994873047,148.8000030517578,39962,SPCX
2026-07-10 12:50:00,148.80999755859375,148.89999389648438,148.76980590820312,148.8300018310547,40569,SPCX
2026-07-10 12:51:00,148.8300018310547,148.85000610351562,148.64999389648438,148.72999572753906,36632,SPCX
2026-07-10 12:52:00,148.72000122070312,148.77000427246094,148.6999969482422,148.6999969482422,29614,SPCX
2026-07-10 12:53:00,148.6999969482422,148.75,148.55999755859375,148.5800018310547,45994,SPCX
2026-07-10 12:54:00,148.5800018310547,148.60000610351562,148.49000549316406,148.5500030517578,39802,SPCX
2026-07-10 12:55:00,148.5500030517578,148.5800018310547,148.33999633789062,148.40499877929688,49174,SPCX
2026-07-10 12:56:00,148.39999389648438,148.5500030517578,148.39999389648438,148.53500366210938,39212,SPCX
2026-07-10 12:57:00,148.52999877929688,148.63999938964844,148.52999877929688,148.60079956054688,18550,SPCX
2026-07-10 12:58:00,148.6199951171875,148.7899932861328,148.61729431152344,148.77000427246094,46829,SPCX
2026-07-10 12:59:00,148.77000427246094,148.8000030517578,148.72999572753906,148.77999877929688,33516,SPCX
2026-07-10 13:00:00,148.75999450683594,148.94000244140625,148.6999969482422,148.8699951171875,67815,SPCX
2026-07-10 13:01:00,148.8780059814453,148.8800048828125,148.69000244140625,148.6999969482422,22085,SPCX
2026-07-10 13:02:00,148.68499755859375,148.72999572753906,148.60000610351562,148.6699981689453,20368,SPCX
2026-07-10 13:03:00,148.64999389648438,148.66000366210938,148.55999755859375,148.58999633789062,30164,SPCX
2026-07-10 13:04:00,148.59500122070312,148.69009399414062,148.5800018310547,148.69009399414062,29382,SPCX
2026-07-10 13:05:00,148.6999969482422,148.75,148.60000610351562,148.72500610351562,37709,SPCX
2026-07-10 13:06:00,148.69500732421875,148.7899932861328,148.68499755859375,148.72999572753906,36580,SPCX
2026-07-10 13:07:00,148.72500610351562,148.72500610351562,148.5399932861328,148.55999755859375,39939,SPCX
2026-07-10 13:08:00,148.5500030517578,148.63999938964844,148.52999877929688,148.6199951171875,25669,SPCX
2026-07-10 13:09:00,148.6199951171875,148.66000366210938,148.56300354003906,148.61000061035156,37812,SPCX
2026-07-10 13:10:00,148.61000061035156,148.6999969482422,148.59500122070312,148.64990234375,18680,SPCX
2026-07-10 13:11:00,148.6199951171875,148.63999938964844,148.5800018310547,148.61000061035156,20726,SPCX
2026-07-10 13:12:00,148.6103973388672,148.63999938964844,148.56239318847656,148.60000610351562,18129,SPCX
2026-07-10 13:13:00,148.58999633789062,148.58999633789062,148.47999572753906,148.5050048828125,33609,SPCX
2026-07-10 13:14:00,148.5050048828125,148.6999969482422,148.4499969482422,148.67999267578125,34606,SPCX
2026-07-10 13:15:00,148.6750030517578,148.7100067138672,148.60000610351562,148.63499450683594,19048,SPCX
2026-07-10 13:16:00,148.64999389648438,148.7899932861328,148.64999389648438,148.72000122070312,30834,SPCX
2026-07-10 13:17:00,148.70030212402344,148.75999450683594,148.64999389648438,148.7100067138672,20031,SPCX
2026-07-10 13:18:00,148.72500610351562,148.77000427246094,148.6501007080078,148.75999450683594,18675,SPCX
2026-07-10 13:19:00,148.72999572753906,148.75999450683594,148.61000061035156,148.63999938964844,37982,SPCX
2026-07-10 13:20:00,148.63999938964844,148.66000366210938,148.5800018310547,148.65989685058594,46238,SPCX
2026-07-10 13:21:00,148.66000366210938,148.77999877929688,148.66000366210938,148.77000427246094,43209,SPCX
2026-07-10 13:22:00,148.77000427246094,148.8000030517578,148.67999267578125,148.71499633789062,30578,SPCX
2026-07-10 13:23:00,148.72000122070312,148.72000122070312,148.6199951171875,148.639892578125,25913,SPCX
2026-07-10 13:24:00,148.64999389648438,148.75,148.64999389648438,148.75,28625,SPCX
2026-07-10 13:25:00,148.73500061035156,148.8000030517578,148.7100067138672,148.72999572753906,33058,SPCX
2026-07-10 13:26:00,148.74000549316406,148.8000030517578,148.7200927734375,148.7449951171875,26863,SPCX
2026-07-10 13:27:00,148.7449951171875,148.77999877929688,148.7100067138672,148.74000549316406,21111,SPCX
2026-07-10 13:28:00,148.72999572753906,148.74099731445312,148.4600067138672,148.55499267578125,44640,SPCX
2026-07-10 13:29:00,148.58030700683594,148.63999938964844,148.5,148.57000732421875,24531,SPCX
2026-07-10 13:30:00,148.56500244140625,148.56500244140625,148.25,148.33999633789062,73822,SPCX
2026-07-10 13:31:00,148.35000610351562,148.4499053955078,148.30499267578125,148.42990112304688,29649,SPCX
2026-07-10 13:32:00,148.4149932861328,148.5850067138672,148.40130615234375,148.5449981689453,40322,SPCX
2026-07-10 13:33:00,148.5399932861328,148.67999267578125,148.5399932861328,148.60009765625,22496,SPCX
2026-07-10 13:34:00,148.6300048828125,148.65499877929688,148.5,148.55999755859375,37199,SPCX
2026-07-10 13:35:00,148.52000427246094,148.54640197753906,148.44000244140625,148.5399932861328,38718,SPCX
2026-07-10 13:36:00,148.55999755859375,148.72999572753906,148.55999755859375,148.68600463867188,37050,SPCX
2026-07-10 13:37:00,148.71499633789062,148.7899932861328,148.6739959716797,148.7550048828125,33508,SPCX
2026-07-10 13:38:00,148.75,148.7899932861328,148.55999755859375,148.6300048828125,32508,SPCX
2026-07-10 13:39:00,148.6300048828125,148.65989685058594,148.60000610351562,148.63119506835938,19346,SPCX
2026-07-10 13:40:00,148.64500427246094,148.75,148.55999755859375,148.5749969482422,29627,SPCX
2026-07-10 13:41:00,148.5399932861328,148.60000610351562,148.50999450683594,148.5800018310547,25420,SPCX
2026-07-10 13:42:00,148.5800018310547,148.60499572753906,148.5399932861328,148.5800018310547,22368,SPCX
2026-07-10 13:43:00,148.59129333496094,148.67999267578125,148.58009338378906,148.63369750976562,18324,SPCX
2026-07-10 13:44:00,148.64999389648438,148.77000427246094,148.63270568847656,148.72999572753906,36425,SPCX
2026-07-10 13:45:00,148.72999572753906,148.77000427246094,148.69000244140625,148.75,48061,SPCX
2026-07-10 13:46:00,148.73500061035156,148.7799072265625,148.70010375976562,148.7799072265625,13998,SPCX
2026-07-10 13:47:00,148.77000427246094,148.77000427246094,148.61000061035156,148.67999267578125,32883,SPCX
2026-07-10 13:48:00,148.6750030517578,148.7899932861328,148.65879821777344,148.7550048828125,29431,SPCX
2026-07-10 13:49:00,148.76710510253906,148.79969787597656,148.72999572753906,148.7449951171875,23113,SPCX
2026-07-10 13:50:00,148.72000122070312,148.76980590820312,148.6999969482422,148.72500610351562,27232,SPCX
2026-07-10 13:51:00,148.73989868164062,148.73989868164062,148.63999938964844,148.63999938964844,24126,SPCX
2026-07-10 13:52:00,148.66000366210938,148.8000030517578,148.66000366210938,148.78810119628906,24711,SPCX
2026-07-10 13:53:00,148.77769470214844,148.77769470214844,148.68600463867188,148.73500061035156,16473,SPCX
2026-07-10 13:54:00,148.7449951171875,148.7899932861328,148.71499633789062,148.76499938964844,19641,SPCX
2026-07-10 13:55:00,148.76499938964844,148.85000610351562,148.7100067138672,148.8300018310547,82536,SPCX
2026-07-10 13:56:00,148.80999755859375,148.8800048828125,148.8000030517578,148.82000732421875,24437,SPCX
2026-07-10 13:57:00,148.8300018310547,148.83990478515625,148.73500061035156,148.8300018310547,40195,SPCX
2026-07-10 13:58:00,148.85000610351562,148.94000244140625,148.8249969482422,148.9199981689453,26161,SPCX
2026-07-10 13:59:00,148.91000366210938,148.92999267578125,148.85000610351562,148.91000366210938,26568,SPCX
2026-07-10 14:00:00,148.90499877929688,149.0800018310547,148.90049743652344,149.0655975341797,73363,SPCX
2026-07-10 14:01:00,149.06410217285156,149.08999633789062,148.9600067138672,148.96499633789062,43220,SPCX
2026-07-10 14:02:00,148.9499969482422,148.97000122070312,148.8699951171875,148.91009521484375,28968,SPCX
2026-07-10 14:03:00,148.9250030517578,149.06500244140625,148.91000366210938,148.98500061035156,51375,SPCX
2026-07-10 14:04:00,148.98500061035156,149.0299072265625,148.8699951171875,148.9499969482422,27008,SPCX
2026-07-10 14:05:00,148.9499969482422,149.0500030517578,148.9499969482422,149.03500366210938,31258,SPCX
2026-07-10 14:06:00,149.03500366210938,149.05999755859375,148.91000366210938,148.94500732421875,51347,SPCX
2026-07-10 14:07:00,148.9595947265625,148.9600067138672,148.89599609375,148.92999267578125,33287,SPCX
2026-07-10 14:08:00,148.92999267578125,149.05999755859375,148.88999938964844,149.02999877929688,31459,SPCX
2026-07-10 14:09:00,149.05960083007812,149.22000122070312,149.01499938964844,149.0500030517578,69314,SPCX
2026-07-10 14:10:00,149.05990600585938,149.1999969482422,149.0,149.1999969482422,56144,SPCX
2026-07-10 14:11:00,149.14500427246094,149.17999267578125,149.0399932861328,149.0800018310547,36235,SPCX
2026-07-10 14:12:00,149.06500244140625,149.13999938964844,149.02999877929688,149.05999755859375,19117,SPCX
2026-07-10 14:13:00,149.06460571289062,149.06460571289062,148.86000061035156,148.86500549316406,37151,SPCX
2026-07-10 14:14:00,148.86500549316406,148.8800048828125,148.71409606933594,148.82179260253906,47138,SPCX
2026-07-10 14:15:00,148.80999755859375,148.80999755859375,148.69500732421875,148.72000122070312,33553,SPCX
2026-07-10 14:16:00,148.7100067138672,148.71949768066406,148.61000061035156,148.6199951171875,60696,SPCX
2026-07-10 14:17:00,148.66990661621094,148.67999267578125,148.55999755859375,148.60000610351562,52611,SPCX
2026-07-10 14:18:00,148.58999633789062,148.6197052001953,148.50010681152344,148.61000061035156,30608,SPCX
2026-07-10 14:19:00,148.61000061035156,148.65989685058594,148.50999450683594,148.63999938964844,35234,SPCX
2026-07-10 14:20:00,148.6300048828125,148.63999938964844,148.52000427246094,148.55999755859375,38573,SPCX
2026-07-10 14:21:00,148.55999755859375,148.6699981689453,148.53500366210938,148.66000366210938,47604,SPCX
2026-07-10 14:22:00,148.6501007080078,148.77999877929688,148.6501007080078,148.73500061035156,40085,SPCX
2026-07-10 14:23:00,148.7498016357422,148.7899932861328,148.70010375976562,148.73500061035156,30404,SPCX
2026-07-10 14:24:00,148.77000427246094,148.86000061035156,148.7100067138672,148.82000732421875,23705,SPCX
2026-07-10 14:25:00,148.84500122070312,148.9499969482422,148.8000030517578,148.83999633789062,23292,SPCX
2026-07-10 14:26:00,148.82000732421875,148.86000061035156,148.7720947265625,148.7720947265625,25762,SPCX
2026-07-10 14:27:00,148.77000427246094,148.80999755859375,148.7301025390625,148.7550048828125,26425,SPCX
2026-07-10 14:28:00,148.75,148.75999450683594,148.65049743652344,148.65049743652344,37744,SPCX
2026-07-10 14:29:00,148.6699981689453,148.6999969482422,148.6300048828125,148.66000366210938,27393,SPCX
2026-07-10 14:30:00,148.66000366210938,148.77999877929688,148.66000366210938,148.76499938964844,22111,SPCX
2026-07-10 14:31:00,148.77999877929688,148.82000732421875,148.75,148.77499389648438,21231,SPCX
2026-07-10 14:32:00,148.77499389648438,148.7899932861328,148.71389770507812,148.72999572753906,23056,SPCX
2026-07-10 14:33:00,148.72000122070312,148.8000030517578,148.72000122070312,148.75999450683594,37856,SPCX
2026-07-10 14:34:00,148.75999450683594,148.8300018310547,148.75999450683594,148.82000732421875,34258,SPCX
2026-07-10 14:35:00,148.80999755859375,148.8800048828125,148.8000030517578,148.8800048828125,27999,SPCX
2026-07-10 14:36:00,148.875,148.8800048828125,148.75,148.75999450683594,23754,SPCX
2026-07-10 14:37:00,148.77499389648438,148.78990173339844,148.67999267578125,148.67999267578125,23655,SPCX
2026-07-10 14:38:00,148.68569946289062,148.7198944091797,148.64999389648438,148.6750030517578,22032,SPCX
2026-07-10 14:39:00,148.6898956298828,148.85000610351562,148.6699981689453,148.8300018310547,29035,SPCX
2026-07-10 14:40:00,148.8350067138672,148.9600067138672,148.81039428710938,148.94000244140625,30798,SPCX
2026-07-10 14:41:00,148.9600067138672,148.9600067138672,148.802001953125,148.8699951171875,24618,SPCX
2026-07-10 14:42:00,148.8699951171875,148.97999572753906,148.83999633789062,148.94000244140625,32738,SPCX
2026-07-10 14:43:00,148.9600067138672,148.9600067138672,148.82000732421875,148.88499450683594,27578,SPCX
2026-07-10 14:44:00,148.8800048828125,148.89999389648438,148.77000427246094,148.78500366210938,25673,SPCX
2026-07-10 14:45:00,148.77999877929688,148.8000030517578,148.7200927734375,148.77000427246094,19987,SPCX
2026-07-10 14:46:00,148.77999877929688,148.89999389648438,148.75999450683594,148.89500427246094,29456,SPCX
2026-07-10 14:47:00,148.8800048828125,148.92999267578125,148.80999755859375,148.8350067138672,29592,SPCX
2026-07-10 14:48:00,148.8350067138672,148.85000610351562,148.5749969482422,148.5749969482422,63818,SPCX
2026-07-10 14:49:00,148.59500122070312,148.639892578125,148.50999450683594,148.52999877929688,28846,SPCX
2026-07-10 14:50:00,148.5399932861328,148.5500030517578,148.3800048828125,148.44009399414062,52625,SPCX
2026-07-10 14:51:00,148.4600067138672,148.55990600585938,148.42100524902344,148.4694061279297,38121,SPCX
2026-07-10 14:52:00,148.46499633789062,148.58999633789062,148.4499969482422,148.58999633789062,46299,SPCX
2026-07-10 14:53:00,148.58999633789062,148.58999633789062,148.47999572753906,148.57000732421875,28325,SPCX
2026-07-10 14:54:00,148.57449340820312,148.58999633789062,148.5,148.55999755859375,23447,SPCX
2026-07-10 14:55:00,148.58999633789062,148.60000610351562,148.5,148.55499267578125,37159,SPCX
2026-07-10 14:56:00,148.55499267578125,148.63580322265625,148.49000549316406,148.5,33094,SPCX
2026-07-10 14:57:00,148.52000427246094,148.61000061035156,148.52000427246094,148.5749969482422,32074,SPCX
2026-07-10 14:58:00,148.57000732421875,148.64999389648438,148.50999450683594,148.64999389648438,21548,SPCX
2026-07-10 14:59:00,148.61000061035156,148.69000244140625,148.50999450683594,148.52000427246094,51321,SPCX
2026-07-10 15:00:00,148.52000427246094,148.52000427246094,148.41000366210938,148.42999267578125,44328,SPCX
2026-07-10 15:01:00,148.42999267578125,148.49000549316406,148.39999389648438,148.47500610351562,30377,SPCX
2026-07-10 15:02:00,148.49000549316406,148.49000549316406,148.32000732421875,148.36000061035156,43407,SPCX
2026-07-10 15:03:00,148.3800048828125,148.38999938964844,148.1300048828125,148.35499572753906,99288,SPCX
2026-07-10 15:04:00,148.36500549316406,148.44000244140625,148.3000030517578,148.44000244140625,50304,SPCX
2026-07-10 15:05:00,148.4199981689453,148.42999267578125,148.3699951171875,148.41000366210938,21922,SPCX
2026-07-10 15:06:00,148.4199981689453,148.4199981689453,148.22000122070312,148.3300018310547,52185,SPCX
2026-07-10 15:07:00,148.35000610351562,148.44000244140625,148.27999877929688,148.28900146484375,35321,SPCX
2026-07-10 15:08:00,148.2899932861328,148.35000610351562,148.25010681152344,148.3300018310547,82381,SPCX
2026-07-10 15:09:00,148.30999755859375,148.3498992919922,148.25999450683594,148.27999877929688,30106,SPCX
2026-07-10 15:10:00,148.3000030517578,148.32000732421875,148.27000427246094,148.2949981689453,32882,SPCX
2026-07-10 15:11:00,148.2949981689453,148.39999389648438,148.1999969482422,148.20350646972656,40643,SPCX
2026-07-10 15:12:00,148.19009399414062,148.27000427246094,148.1605987548828,148.23910522460938,38076,SPCX
2026-07-10 15:13:00,148.27000427246094,148.2899932861328,148.22000122070312,148.24000549316406,34945,SPCX
2026-07-10 15:14:00,148.2449951171875,148.25999450683594,148.13999938964844,148.22999572753906,78554,SPCX
2026-07-10 15:15:00,148.25,148.25,148.1699981689453,148.2050018310547,61557,SPCX
2026-07-10 15:16:00,148.20989990234375,148.30999755859375,148.2097930908203,148.2899932861328,42158,SPCX
2026-07-10 15:17:00,148.25999450683594,148.27000427246094,148.14999389648438,148.1649932861328,50837,SPCX
2026-07-10 15:18:00,148.15040588378906,148.17999267578125,148.0800018310547,148.1300048828125,69688,SPCX
2026-07-10 15:19:00,148.1300048828125,148.14999389648438,148.08999633789062,148.13499450683594,34483,SPCX
2026-07-10 15:20:00,148.13499450683594,148.13499450683594,148.00999450683594,148.0850067138672,52707,SPCX
2026-07-10 15:21:00,148.0850067138672,148.16000366210938,148.0800018310547,148.13499450683594,37782,SPCX
2026-07-10 15:22:00,148.15980529785156,148.19000244140625,148.0800018310547,148.0800018310547,39963,SPCX
2026-07-10 15:23:00,148.0601043701172,148.14999389648438,148.02000427246094,148.14500427246094,39949,SPCX
2026-07-10 15:24:00,148.1750030517578,148.19000244140625,148.11000061035156,148.1699981689453,24386,SPCX
2026-07-10 15:25:00,148.16000366210938,148.19000244140625,148.12010192871094,148.14999389648438,31619,SPCX
2026-07-10 15:26:00,148.14999389648438,148.25,148.1300048828125,148.23500061035156,50740,SPCX
2026-07-10 15:27:00,148.23500061035156,148.25,148.17999267578125,148.19000244140625,40872,SPCX
2026-07-10 15:28:00,148.19000244140625,148.1999969482422,148.14999389648438,148.16000366210938,36473,SPCX
2026-07-10 15:29:00,148.1699981689453,148.2100067138672,148.11000061035156,148.1199951171875,31856,SPCX
2026-07-10 15:30:00,148.1199951171875,148.1199951171875,147.86000061035156,148.02000427246094,250188,SPCX
2026-07-10 15:31:00,148.02999877929688,148.11000061035156,147.99000549316406,148.02499389648438,76161,SPCX
2026-07-10 15:32:00,148.00999450683594,148.1898956298828,147.97000122070312,148.0800018310547,53922,SPCX
2026-07-10 15:33:00,148.08999633789062,148.08999633789062,147.89999389648438,147.91000366210938,64669,SPCX
2026-07-10 15:34:00,147.9199981689453,147.9199981689453,147.77999877929688,147.84500122070312,83966,SPCX
2026-07-10 15:35:00,147.84500122070312,147.88999938964844,147.72000122070312,147.80999755859375,93036,SPCX
2026-07-10 15:36:00,147.8350067138672,147.851806640625,147.67010498046875,147.8300018310547,108288,SPCX
2026-07-10 15:37:00,147.83999633789062,148.05999755859375,147.75,148.03030395507812,114588,SPCX
2026-07-10 15:38:00,148.0478057861328,148.08999633789062,147.88999938964844,147.93499755859375,60854,SPCX
2026-07-10 15:39:00,147.93499755859375,147.97000122070312,147.6300048828125,147.6699981689453,95729,SPCX
2026-07-10 15:40:00,147.6649932861328,147.75,147.6199951171875,147.7100067138672,87682,SPCX
2026-07-10 15:41:00,147.71499633789062,147.75,147.63999938964844,147.6898956298828,72481,SPCX
2026-07-10 15:42:00,147.67999267578125,147.6898956298828,147.55999755859375,147.5850067138672,103259,SPCX
2026-07-10 15:43:00,147.55999755859375,147.60989379882812,147.45550537109375,147.50999450683594,159859,SPCX
2026-07-10 15:44:00,147.50999450683594,147.52999877929688,147.41050720214844,147.47000122070312,115106,SPCX
2026-07-10 15:45:00,147.47000122070312,147.57000732421875,147.4600067138672,147.5500030517578,84975,SPCX
2026-07-10 15:46:00,147.5500030517578,147.58999633789062,147.47000122070312,147.47999572753906,65326,SPCX
2026-07-10 15:47:00,147.47999572753906,147.4936981201172,147.3000030517578,147.38999938964844,147334,SPCX
2026-07-10 15:48:00,147.41000366210938,147.4600067138672,147.32000732421875,147.41000366210938,90553,SPCX
2026-07-10 15:49:00,147.4073028564453,147.55999755859375,147.38999938964844,147.5,112839,SPCX
2026-07-10 15:50:00,147.52000427246094,147.63999938964844,147.3699951171875,147.61000061035156,164129,SPCX
2026-07-10 15:51:00,147.61000061035156,147.91990661621094,147.61000061035156,147.91000366210938,149054,SPCX
2026-07-10 15:52:00,147.91000366210938,148.19000244140625,147.75,147.78500366210938,216583,SPCX
2026-07-10 15:53:00,147.77999877929688,147.77999877929688,147.110107421875,147.27999877929688,501996,SPCX
2026-07-10 15:54:00,147.27000427246094,147.52000427246094,146.47999572753906,146.47999572753906,932600,SPCX
2026-07-10 15:55:00,146.4600067138672,146.51719665527344,145.91000366210938,146.0,1144961,SPCX
2026-07-10 15:56:00,145.99000549316406,146.0,145.6199951171875,145.6999969482422,879956,SPCX
2026-07-10 15:57:00,145.6999969482422,145.92999267578125,145.25,145.2550048828125,1172096,SPCX
2026-07-10 15:58:00,145.25999450683594,145.5,145.25,145.27999877929688,1014358,SPCX
2026-07-10 15:59:00,145.28500366210938,145.47000122070312,145.07000732421875,145.4199981689453,2179486,SPCX
2026-07-13 09:30:00,144.59030151367188,144.8800048828125,143.5,143.6699981689453,4379139,SPCX
2026-07-13 09:31:00,143.6999969482422,144.1199951171875,142.8800048828125,143.44439697265625,463311,SPCX
2026-07-13 09:32:00,143.42999267578125,143.49000549316406,142.42999267578125,142.92999267578125,595550,SPCX
2026-07-13 09:33:00,142.7449951171875,142.7449951171875,142.7100067138672,142.7100067138672,2035,SPCX
2026-07-13 09:34:00,142.7449951171875,143.14999389648438,142.61000061035156,142.95010375976562,87830,SPCX
2026-07-13 09:35:00,142.86000061035156,142.9199981689453,142.5500030517578,142.618896484375,273949,SPCX
2026-07-13 09:36:00,142.5500030517578,142.6898956298828,142.0399932861328,142.23300170898438,272422,SPCX
2026-07-13 09:37:00,142.1999969482422,142.25999450683594,141.41000366210938,141.4499969482422,616703,SPCX
2026-07-13 09:38:00,141.49000549316406,142.0,141.39999389648438,141.63999938964844,351876,SPCX
2026-07-13 09:39:00,141.63499450683594,141.94000244140625,141.61000061035156,141.875,212643,SPCX
2026-07-13 09:40:00,141.875,141.8800048828125,140.80999755859375,140.8699951171875,592972,SPCX
2026-07-13 09:41:00,140.85000610351562,141.19000244140625,140.77000427246094,140.9635009765625,380263,SPCX
2026-07-13 09:42:00,140.9600067138672,140.99830627441406,140.6999969482422,140.6999969482422,238023,SPCX
2026-07-13 09:43:00,140.72500610351562,140.75999450683594,140.4149932861328,140.42010498046875,361678,SPCX
2026-07-13 09:44:00,140.4499969482422,140.80999755859375,140.41000366210938,140.59500122070312,414117,SPCX
2026-07-13 09:45:00,140.5500030517578,140.7698974609375,140.1999969482422,140.625,417221,SPCX
2026-07-13 09:46:00,140.625,141.0399932861328,140.39999389648438,140.99000549316406,496062,SPCX
2026-07-13 09:47:00,140.98049926757812,141.25,140.82000732421875,141.05499267578125,197818,SPCX
2026-07-13 09:48:00,141.05999755859375,141.3300018310547,140.96929931640625,141.27999877929688,240666,SPCX
2026-07-13 09:49:00,141.27999877929688,141.52999877929688,141.10000610351562,141.36500549316406,421344,SPCX
2026-07-13 09:50:00,141.36000061035156,141.44839477539062,141.0449981689453,141.0449981689453,145081,SPCX
2026-07-13 09:51:00,141.05999755859375,141.11000061035156,140.5800018310547,140.64999389648438,202457,SPCX
2026-07-13 09:52:00,140.6699981689453,140.86000061035156,140.5850067138672,140.85499572753906,123875,SPCX
2026-07-13 09:53:00,140.85499572753906,140.89999389648438,140.72500610351562,140.7899932861328,98855,SPCX
2026-07-13 09:54:00,140.7949981689453,140.89999389648438,140.4499969482422,140.547607421875,218433,SPCX
2026-07-13 09:55:00,140.52999877929688,140.5800018310547,140.24000549316406,140.29110717773438,201782,SPCX
2026-07-13 09:56:00,140.25999450683594,140.3197021484375,140.1300048828125,140.16000366210938,314563,SPCX
2026-07-13 09:57:00,140.16990661621094,140.38999938964844,140.1199951171875,140.34500122070312,222629,SPCX
2026-07-13 09:58:00,140.34500122070312,140.58999633789062,140.25,140.52000427246094,198469,SPCX
2026-07-13 09:59:00,140.48500061035156,140.69000244140625,140.39999389648438,140.47999572753906,225498,SPCX
2026-07-13 10:00:00,140.47500610351562,140.64999389648438,140.41000366210938,140.55999755859375,190762,SPCX
2026-07-13 10:01:00,140.54949951171875,140.55999755859375,140.24000549316406,140.25,196153,SPCX
2026-07-13 10:02:00,140.26499938964844,140.57000732421875,140.24000549316406,140.35499572753906,203670,SPCX
2026-07-13 10:03:00,140.33999633789062,140.38999938964844,140.0800018310547,140.32000732421875,360656,SPCX
2026-07-13 10:04:00,140.3594970703125,140.36000061035156,138.8800048828125,138.95899963378906,3442535,SPCX
2026-07-13 10:05:00,138.9550018310547,139.11599731445312,138.3800048828125,138.39999389648438,686655,SPCX
2026-07-13 10:06:00,138.39999389648438,138.8300018310547,138.1699981689453,138.42999267578125,557012,SPCX
2026-07-13 10:07:00,138.4199981689453,138.60000610351562,137.78500366210938,137.7899932861328,825089,SPCX
2026-07-13 10:08:00,137.77999877929688,138.02999877929688,137.67999267578125,137.8300018310547,564924,SPCX
2026-07-13 10:09:00,137.82510375976562,138.27169799804688,137.74000549316406,138.2550048828125,493871,SPCX
2026-07-13 10:10:00,138.25999450683594,138.39999389648438,138.13999938964844,138.2899932861328,328943,SPCX
2026-07-13 10:11:00,138.27999877929688,138.36000061035156,137.9199981689453,138.27000427246094,284862,SPCX
2026-07-13 10:12:00,138.25070190429688,138.2899932861328,137.89999389648438,138.22000122070312,254308,SPCX
2026-07-13 10:13:00,138.22000122070312,138.69500732421875,138.1614990234375,138.60000610351562,365129,SPCX
2026-07-13 10:14:00,138.60000610351562,138.67999267578125,138.33999633789062,138.33999633789062,226869,SPCX
2026-07-13 10:15:00,138.35000610351562,138.60000610351562,138.30999755859375,138.57000732421875,187247,SPCX
2026-07-13 10:16:00,138.5399932861328,138.8800048828125,138.13999938964844,138.6199951171875,414134,SPCX
2026-07-13 10:17:00,138.61000061035156,138.85000610351562,138.4001007080078,138.74000549316406,246914,SPCX
2026-07-13 10:18:00,138.7100067138672,139.19000244140625,138.61000061035156,138.97999572753906,229165,SPCX
2026-07-13 10:19:00,138.97999572753906,139.17999267578125,138.9425048828125,139.13999938964844,173332,SPCX
2026-07-13 10:20:00,139.13499450683594,139.3751983642578,139.04010009765625,139.14500427246094,179654,SPCX
2026-07-13 10:21:00,139.14500427246094,139.3800048828125,139.0500030517578,139.17999267578125,183712,SPCX
2026-07-13 10:22:00,139.14500427246094,139.3000030517578,139.0,139.2100067138672,168916,SPCX
2026-07-13 10:23:00,139.22999572753906,139.3791046142578,139.13999938964844,139.19000244140625,146934,SPCX
2026-07-13 10:24:00,139.22500610351562,139.75,139.0,139.75,206861,SPCX
2026-07-13 10:25:00,139.72999572753906,139.9499969482422,139.610107421875,139.64500427246094,172601,SPCX
2026-07-13 10:26:00,139.61000061035156,139.77999877929688,139.42999267578125,139.6199951171875,123145,SPCX
2026-07-13 10:27:00,139.61000061035156,139.6750030517578,139.5,139.58999633789062,125519,SPCX
2026-07-13 10:28:00,139.61000061035156,139.83999633789062,139.50790405273438,139.75010681152344,110141,SPCX
2026-07-13 10:29:00,139.75,140.14999389648438,139.75,139.9949951171875,246937,SPCX
2026-07-13 10:30:00,139.99000549316406,140.30999755859375,139.82000732421875,140.23500061035156,260864,SPCX
2026-07-13 10:31:00,140.22999572753906,140.22999572753906,139.7100067138672,139.74000549316406,189539,SPCX
2026-07-13 10:32:00,139.77000427246094,139.99000549316406,139.74000549316406,139.85000610351562,107524,SPCX
2026-07-13 10:33:00,139.83999633789062,139.85000610351562,139.5399932861328,139.7550048828125,132881,SPCX
2026-07-13 10:34:00,139.7550048828125,139.83999633789062,139.4199981689453,139.42999267578125,106754,SPCX
2026-07-13 10:35:00,139.4600067138672,139.52999877929688,139.2174072265625,139.2799072265625,129420,SPCX
2026-07-13 10:36:00,139.25,139.27999877929688,139.11000061035156,139.13999938964844,91841,SPCX
2026-07-13 10:37:00,139.1699981689453,139.1999053955078,139.0,139.02000427246094,126081,SPCX
2026-07-13 10:38:00,139.05999755859375,139.35000610351562,139.02999877929688,139.33999633789062,108664,SPCX
2026-07-13 10:39:00,139.35000610351562,139.39990234375,138.91000366210938,138.9499969482422,178847,SPCX
2026-07-13 10:40:00,138.97000122070312,139.0,138.69000244140625,138.85830688476562,139856,SPCX
2026-07-13 10:41:00,138.84500122070312,139.0,138.7949981689453,138.85000610351562,121749,SPCX
2026-07-13 10:42:00,138.8988037109375,139.15989685058594,138.77000427246094,139.1300048828125,85580,SPCX
2026-07-13 10:43:00,139.1300048828125,139.3000030517578,139.0500946044922,139.2100067138672,88798,SPCX
2026-07-13 10:44:00,139.22979736328125,139.3800048828125,139.1750030517578,139.30999755859375,98543,SPCX
2026-07-13 10:45:00,139.3491973876953,139.3491973876953,139.10000610351562,139.11549377441406,86449,SPCX
2026-07-13 10:46:00,139.125,139.30990600585938,138.94000244140625,139.14999389648438,148563,SPCX
2026-07-13 10:47:00,139.15499877929688,139.30999755859375,139.11000061035156,139.16000366210938,107672,SPCX
2026-07-13 10:48:00,139.14999389648438,139.30999755859375,139.11000061035156,139.13999938964844,95969,SPCX
2026-07-13 10:49:00,139.23980712890625,139.58990478515625,139.13999938964844,139.5,108308,SPCX
2026-07-13 10:50:00,139.4600067138672,139.7299041748047,139.4600067138672,139.60499572753906,101888,SPCX
2026-07-13 10:51:00,139.55999755859375,139.6699981689453,139.30999755859375,139.5399932861328,78970,SPCX
2026-07-13 10:52:00,139.5399932861328,139.58990478515625,139.3000030517578,139.5,79624,SPCX
2026-07-13 10:53:00,139.5,139.60000610351562,139.36000061035156,139.5850067138672,72396,SPCX
2026-07-13 10:54:00,139.57000732421875,139.6699981689453,139.46009826660156,139.63999938964844,73853,SPCX
2026-07-13 10:55:00,139.62010192871094,139.8300018310547,139.52000427246094,139.67010498046875,95424,SPCX
2026-07-13 10:56:00,139.66000366210938,139.67999267578125,139.49000549316406,139.63999938964844,121253,SPCX
2026-07-13 10:57:00,139.63499450683594,139.67999267578125,139.50999450683594,139.60989379882812,79522,SPCX
2026-07-13 10:58:00,139.63499450683594,139.6999969482422,139.3000030517578,139.47000122070312,114351,SPCX
2026-07-13 10:59:00,139.44000244140625,139.57000732421875,139.3000030517578,139.52000427246094,77222,SPCX
2026-07-13 11:00:00,139.52499389648438,139.8699951171875,139.47000122070312,139.80999755859375,180820,SPCX
2026-07-13 11:01:00,139.8699951171875,140.0,139.6800994873047,139.77000427246094,167304,SPCX
2026-07-13 11:02:00,139.74000549316406,139.77000427246094,139.5,139.60000610351562,83521,SPCX
2026-07-13 11:03:00,139.52000427246094,139.66000366210938,139.24000549316406,139.24000549316406,105810,SPCX
2026-07-13 11:04:00,139.25999450683594,139.33999633789062,139.0500030517578,139.13999938964844,81273,SPCX
2026-07-13 11:05:00,139.14500427246094,139.25999450683594,139.0500030517578,139.18499755859375,90056,SPCX
2026-07-13 11:06:00,139.1750030517578,139.27999877929688,139.12229919433594,139.25,42528,SPCX
2026-07-13 11:07:00,139.2530059814453,139.4499969482422,139.1300048828125,139.18499755859375,66818,SPCX
2026-07-13 11:08:00,139.22000122070312,139.25999450683594,139.11500549316406,139.19000244140625,65695,SPCX
2026-07-13 11:09:00,139.19000244140625,139.25999450683594,139.10000610351562,139.2301025390625,54027,SPCX
2026-07-13 11:10:00,139.25,139.3000030517578,139.11000061035156,139.27999877929688,51171,SPCX
2026-07-13 11:11:00,139.273193359375,139.33999633789062,139.13999938964844,139.1999969482422,55941,SPCX
2026-07-13 11:12:00,139.24989318847656,139.24989318847656,138.83999633789062,138.91000366210938,168896,SPCX
2026-07-13 11:13:00,138.8800048828125,138.9199981689453,138.60000610351562,138.64999389648438,164403,SPCX
2026-07-13 11:14:00,138.610107421875,138.67840576171875,138.32249450683594,138.39999389648438,205470,SPCX
2026-07-13 11:15:00,138.39999389648438,138.6999969482422,138.33999633789062,138.52000427246094,117272,SPCX
2026-07-13 11:16:00,138.50999450683594,138.75,138.49000549316406,138.72500610351562,104054,SPCX
2026-07-13 11:17:00,138.72500610351562,138.75,138.5,138.6999969482422,85983,SPCX
2026-07-13 11:18:00,138.74000549316406,138.75999450683594,138.60000610351562,138.64500427246094,92470,SPCX
2026-07-13 11:19:00,138.67999267578125,138.74989318847656,138.5001983642578,138.72000122070312,66609,SPCX
2026-07-13 11:20:00,138.69009399414062,138.75,138.52999877929688,138.5449981689453,63871,SPCX
2026-07-13 11:21:00,138.5449981689453,138.61000061035156,138.4499969482422,138.51499938964844,95677,SPCX
2026-07-13 11:22:00,138.51499938964844,138.66000366210938,138.5,138.64010620117188,63414,SPCX
2026-07-13 11:23:00,138.6649932861328,138.82000732421875,138.6300048828125,138.72000122070312,140222,SPCX
2026-07-13 11:24:00,138.7100067138672,138.77499389648438,138.58700561523438,138.63999938964844,59845,SPCX
2026-07-13 11:25:00,138.6300048828125,138.6300048828125,138.4600067138672,138.5,74967,SPCX
2026-07-13 11:26:00,138.49110412597656,138.58999633789062,138.4199981689453,138.44500732421875,77851,SPCX
2026-07-13 11:27:00,138.4550018310547,138.64999389648438,138.4199981689453,138.64999389648438,107589,SPCX
2026-07-13 11:28:00,138.6199951171875,138.72500610351562,138.55999755859375,138.63999938964844,114345,SPCX
2026-07-13 11:29:00,138.6699981689453,138.82000732421875,138.64999389648438,138.67999267578125,138224,SPCX
2026-07-13 11:30:00,138.67999267578125,138.69740295410156,138.52000427246094,138.60000610351562,72824,SPCX
2026-07-13 11:31:00,138.58999633789062,138.82000732421875,138.52999877929688,138.74000549316406,93979,SPCX
2026-07-13 11:32:00,138.74000549316406,138.95989990234375,138.74000549316406,138.8699951171875,156061,SPCX
2026-07-13 11:33:00,138.91000366210938,138.92999267578125,138.7100067138672,138.9199981689453,99021,SPCX
2026-07-13 11:34:00,138.9199981689453,139.32000732421875,138.86500549316406,139.24000549316406,154125,SPCX
2026-07-13 11:35:00,139.2100067138672,139.24000549316406,138.92010498046875,138.92999267578125,3627345,SPCX
2026-07-13 11:36:00,138.92999267578125,139.1999969482422,138.92999267578125,139.0449981689453,59402,SPCX
2026-07-13 11:37:00,139.0449981689453,139.07960510253906,138.9199981689453,139.02000427246094,82246,SPCX
2026-07-13 11:38:00,139.05999755859375,139.17999267578125,138.90390014648438,139.17999267578125,94016,SPCX
2026-07-13 11:39:00,139.17889404296875,139.1999969482422,139.0,139.05499267578125,75338,SPCX
2026-07-13 11:40:00,139.05999755859375,139.1750030517578,138.88999938964844,139.11000061035156,127913,SPCX
2026-07-13 11:41:00,139.11000061035156,139.16000366210938,139.0572052001953,139.10000610351562,49593,SPCX
2026-07-13 11:42:00,139.09500122070312,139.22500610351562,139.02000427246094,139.19000244140625,110722,SPCX
2026-07-13 11:43:00,139.14500427246094,139.5198974609375,139.110107421875,139.33999633789062,112989,SPCX
2026-07-13 11:44:00,139.30499267578125,139.33999633789062,139.0500030517578,139.1074981689453,50342,SPCX
2026-07-13 11:45:00,139.09500122070312,139.1199951171875,138.89999389648438,139.10000610351562,87664,SPCX
2026-07-13 11:46:00,139.0800018310547,139.2899932861328,139.00010681152344,139.02000427246094,69105,SPCX
2026-07-13 11:47:00,139.05499267578125,139.07000732421875,138.89999389648438,139.0,76143,SPCX
2026-07-13 11:48:00,139.0050048828125,139.0050048828125,138.86000061035156,139.0,60978,SPCX
2026-07-13 11:49:00,139.0,139.27999877929688,138.89999389648438,139.22000122070312,133262,SPCX
2026-07-13 11:50:00,139.25999450683594,139.27999877929688,139.02099609375,139.14500427246094,860342,SPCX
2026-07-13 11:51:00,139.14500427246094,139.17999267578125,139.0,139.02999877929688,48987,SPCX
2026-07-13 11:52:00,139.02499389648438,139.24000549316406,138.9499969482422,139.22500610351562,133306,SPCX
2026-07-13 11:53:00,139.2100067138672,139.60000610351562,139.17999267578125,139.53709411621094,128650,SPCX
2026-07-13 11:54:00,139.58999633789062,139.58999633789062,139.37240600585938,139.47999572753906,56996,SPCX
2026-07-13 11:55:00,139.47000122070312,139.5050048828125,139.36000061035156,139.42999267578125,58969,SPCX
2026-07-13 11:56:00,139.44500732421875,139.63999938964844,139.39999389648438,139.55499267578125,93361,SPCX
2026-07-13 11:57:00,139.55499267578125,139.6300048828125,139.35000610351562,139.6199951171875,100518,SPCX
2026-07-13 11:58:00,139.6199951171875,139.8498992919922,139.57000732421875,139.74009704589844,95435,SPCX
2026-07-13 11:59:00,139.71499633789062,139.82000732421875,139.47000122070312,139.75900268554688,72852,SPCX
2026-07-13 12:00:00,139.71499633789062,139.88580322265625,139.6800994873047,139.86000061035156,49815,SPCX
2026-07-13 12:01:00,139.82000732421875,139.8594970703125,139.62100219726562,139.75489807128906,84018,SPCX
2026-07-13 12:02:00,139.6999969482422,139.77999877929688,139.6199951171875,139.66000366210938,65142,SPCX
2026-07-13 12:03:00,139.66009521484375,139.75,139.64999389648438,139.67799377441406,47189,SPCX
2026-07-13 12:04:00,139.69000244140625,139.77999877929688,139.6300048828125,139.7449951171875,56094,SPCX
2026-07-13 12:05:00,139.72999572753906,139.75,139.54010009765625,139.64999389648438,57535,SPCX
2026-07-13 12:06:00,139.64999389648438,139.77999877929688,139.6300048828125,139.77000427246094,74552,SPCX
2026-07-13 12:07:00,139.7899932861328,139.8000030517578,139.64999389648438,139.75,46766,SPCX
2026-07-13 12:08:00,139.77000427246094,139.89999389648438,139.74600219726562,139.8249969482422,53947,SPCX
2026-07-13 12:09:00,139.8159942626953,139.89999389648438,139.77000427246094,139.8699951171875,50290,SPCX
2026-07-13 12:10:00,139.86500549316406,140.10000610351562,139.8000030517578,140.0,201774,SPCX
2026-07-13 12:11:00,139.94000244140625,140.37989807128906,139.91000366210938,140.06500244140625,162733,SPCX
2026-07-13 12:12:00,140.06500244140625,140.1300048828125,139.60000610351562,139.8350067138672,103483,SPCX
2026-07-13 12:13:00,139.83999633789062,140.0,139.6199951171875,139.6199951171875,118931,SPCX
2026-07-13 12:14:00,139.67999267578125,139.75,139.47000122070312,139.55499267578125,115182,SPCX
2026-07-13 12:15:00,139.58999633789062,139.6699981689453,139.41000366210938,139.4600067138672,84312,SPCX
2026-07-13 12:16:00,139.4600067138672,139.6300048828125,139.35009765625,139.57000732421875,61895,SPCX
2026-07-13 12:17:00,139.6300048828125,139.6999969482422,139.42999267578125,139.66000366210938,51409,SPCX
2026-07-13 12:18:00,139.67999267578125,139.6999969482422,139.48800659179688,139.55999755859375,50757,SPCX
2026-07-13 12:19:00,139.51010131835938,139.60000610351562,139.39999389648438,139.5050048828125,88402,SPCX
2026-07-13 12:20:00,139.50999450683594,139.52000427246094,139.3000030517578,139.49400329589844,103394,SPCX
2026-07-13 12:21:00,139.52000427246094,139.5500030517578,139.14700317382812,139.1699981689453,70579,SPCX
2026-07-13 12:22:00,139.1300048828125,139.16000366210938,139.00999450683594,139.0399932861328,78681,SPCX
2026-07-13 12:23:00,139.05650329589844,139.0800018310547,138.7899932861328,138.8699951171875,147552,SPCX
2026-07-13 12:24:00,138.8939971923828,138.9600067138672,138.75,138.93499755859375,146990,SPCX
2026-07-13 12:25:00,138.9499969482422,138.99989318847656,138.80999755859375,138.88999938964844,64904,SPCX
2026-07-13 12:26:00,138.91000366210938,138.91000366210938,138.7104949951172,138.7299041748047,122901,SPCX
2026-07-13 12:27:00,138.7299041748047,138.7299041748047,138.56199645996094,138.5800018310547,172274,SPCX
2026-07-13 12:28:00,138.5800018310547,138.60499572753906,138.42999267578125,138.5800018310547,246920,SPCX
2026-07-13 12:29:00,138.5800018310547,138.5800018310547,138.42999267578125,138.5399932861328,85571,SPCX
2026-07-13 12:30:00,138.5399932861328,138.5449981689453,138.35000610351562,138.4499969482422,93330,SPCX
2026-07-13 12:31:00,138.43499755859375,138.48989868164062,138.3000030517578,138.4499969482422,88073,SPCX
2026-07-13 12:32:00,138.49989318847656,138.6741943359375,138.42999267578125,138.65499877929688,74153,SPCX
2026-07-13 12:33:00,138.64999389648438,138.77000427246094,138.5449981689453,138.7198944091797,107234,SPCX
2026-07-13 12:34:00,138.6999969482422,138.72999572753906,138.4600067138672,138.4600067138672,73921,SPCX
2026-07-13 12:35:00,138.4600067138672,138.47999572753906,138.27999877929688,138.3000030517578,81350,SPCX
2026-07-13 12:36:00,138.32000732421875,138.3300018310547,138.14999389648438,138.25,151418,SPCX
2026-07-13 12:37:00,138.22999572753906,138.35499572753906,138.2200927734375,138.2949981689453,106600,SPCX
2026-07-13 12:38:00,138.3000030517578,138.8699951171875,138.25999450683594,138.86000061035156,142916,SPCX
2026-07-13 12:39:00,138.86000061035156,138.99000549316406,138.8000030517578,138.9149932861328,110770,SPCX
2026-07-13 12:40:00,138.94000244140625,139.08799743652344,138.72500610351562,138.7550048828125,143745,SPCX
2026-07-13 12:41:00,138.78990173339844,138.83999633789062,138.6999969482422,138.7550048828125,117085,SPCX
2026-07-13 12:42:00,138.7550048828125,138.88999938964844,138.63999938964844,138.8800048828125,73795,SPCX
2026-07-13 12:43:00,138.88999938964844,138.97000122070312,138.75999450683594,138.9698944091797,66929,SPCX
2026-07-13 12:44:00,138.9550018310547,139.0699005126953,138.8000030517578,138.94500732421875,108930,SPCX
2026-07-13 12:45:00,138.94500732421875,139.0,138.82000732421875,138.8350067138672,58788,SPCX
2026-07-13 12:46:00,138.86500549316406,139.10000610351562,138.86500549316406,139.0800018310547,81564,SPCX
2026-07-13 12:47:00,139.08399963378906,139.17999267578125,139.00999450683594,139.00999450683594,97465,SPCX
2026-07-13 12:48:00,139.0366973876953,139.20989990234375,138.99000549316406,139.1699981689453,79164,SPCX
2026-07-13 12:49:00,139.1300048828125,139.289794921875,139.1199951171875,139.13499450683594,56213,SPCX
2026-07-13 12:50:00,139.1300048828125,139.1300048828125,138.55999755859375,138.63999938964844,199521,SPCX
2026-07-13 12:51:00,138.66000366210938,138.82000732421875,138.63999938964844,138.82000732421875,47800,SPCX
2026-07-13 12:52:00,138.85000610351562,138.94000244140625,138.75999450683594,138.80999755859375,46678,SPCX
2026-07-13 12:53:00,138.80999755859375,139.0,138.7978057861328,138.94000244140625,62664,SPCX
2026-07-13 12:54:00,138.9250030517578,139.07000732421875,138.84010314941406,138.94500732421875,47851,SPCX
2026-07-13 12:55:00,138.94000244140625,139.02999877929688,138.8800048828125,138.97999572753906,42334,SPCX
2026-07-13 12:56:00,138.97999572753906,139.14999389648438,138.96499633789062,139.14500427246094,65631,SPCX
2026-07-13 12:57:00,139.1475067138672,139.25,139.10000610351562,139.16000366210938,42914,SPCX
2026-07-13 12:58:00,139.1300048828125,139.14999389648438,138.8800048828125,138.9499969482422,70360,SPCX
2026-07-13 12:59:00,138.9320068359375,138.97999572753906,138.8699951171875,138.8699951171875,40338,SPCX
2026-07-13 13:00:00,138.8699951171875,138.89999389648438,138.7700958251953,138.86000061035156,45289,SPCX
2026-07-13 13:01:00,138.86500549316406,139.02000427246094,138.86500549316406,138.97999572753906,42298,SPCX
2026-07-13 13:02:00,138.97000122070312,139.00999450683594,138.88499450683594,138.94000244140625,42752,SPCX
2026-07-13 13:03:00,138.9199981689453,139.1898956298828,138.9199981689453,139.15499877929688,88944,SPCX
2026-07-13 13:04:00,139.1199951171875,139.17999267578125,139.00999450683594,139.02499389648438,43867,SPCX
2026-07-13 13:05:00,139.00999450683594,139.14999389648438,138.97999572753906,139.12989807128906,58784,SPCX
2026-07-13 13:06:00,139.1199951171875,139.36000061035156,139.08999633789062,139.1699981689453,106962,SPCX
2026-07-13 13:07:00,139.1699981689453,139.27999877929688,139.13169860839844,139.27670288085938,38608,SPCX
2026-07-13 13:08:00,139.27999877929688,139.27999877929688,139.14999389648438,139.25,43969,SPCX
2026-07-13 13:09:00,139.3000030517578,139.35989379882812,139.2301025390625,139.32000732421875,46332,SPCX
2026-07-13 13:10:00,139.32000732421875,139.47999572753906,139.27049255371094,139.32000732421875,96524,SPCX
2026-07-13 13:11:00,139.32000732421875,139.4149932861328,139.26010131835938,139.30999755859375,40721,SPCX
2026-07-13 13:12:00,139.3300018310547,139.3800048828125,139.10000610351562,139.1793975830078,40390,SPCX
2026-07-13 13:13:00,139.15499877929688,139.1999969482422,139.08999633789062,139.08999633789062,42509,SPCX
2026-07-13 13:14:00,139.07000732421875,139.11000061035156,139.00999450683594,139.11000061035156,61904,SPCX
2026-07-13 13:15:00,139.1300048828125,139.1300048828125,139.00999450683594,139.0500030517578,28913,SPCX
2026-07-13 13:16:00,139.07000732421875,139.1999969482422,139.02000427246094,139.1999969482422,41617,SPCX
2026-07-13 13:17:00,139.1999969482422,139.2100067138672,139.0399932861328,139.1750030517578,47901,SPCX
2026-07-13 13:18:00,139.1750030517578,139.3800048828125,139.14999389648438,139.3800048828125,56378,SPCX
2026-07-13 13:19:00,139.3699951171875,139.60000610351562,139.3699951171875,139.52000427246094,66165,SPCX
2026-07-13 13:20:00,139.5,139.5500030517578,139.43240356445312,139.43240356445312,103173,SPCX
2026-07-13 13:21:00,139.42999267578125,139.44000244140625,139.25050354003906,139.27499389648438,33480,SPCX
2026-07-13 13:22:00,139.26499938964844,139.42999267578125,139.26499938964844,139.36500549316406,37696,SPCX
2026-07-13 13:23:00,139.36000061035156,139.3699951171875,139.27000427246094,139.27999877929688,42960,SPCX
2026-07-13 13:24:00,139.3090057373047,139.3090057373047,138.90029907226562,138.94000244140625,401922,SPCX
2026-07-13 13:25:00,138.94000244140625,139.00999450683594,138.77999877929688,138.8300018310547,61257,SPCX
2026-07-13 13:26:00,138.83990478515625,138.8699951171875,138.72999572753906,138.8350067138672,72831,SPCX
2026-07-13 13:27:00,138.8350067138672,138.86000061035156,138.75010681152344,138.81500244140625,38244,SPCX
2026-07-13 13:28:00,138.81500244140625,138.8199005126953,138.55999755859375,138.6699981689453,92555,SPCX
2026-07-13 13:29:00,138.64999389648438,138.89999389648438,138.5,138.58999633789062,113664,SPCX
2026-07-13 13:30:00,138.61000061035156,138.66000366210938,138.42999267578125,138.58999633789062,112949,SPCX
2026-07-13 13:31:00,138.60000610351562,138.6199951171875,138.47999572753906,138.5800018310547,51594,SPCX
2026-07-13 13:32:00,138.5800018310547,138.74000549316406,138.57000732421875,138.73500061035156,58787,SPCX
2026-07-13 13:33:00,138.74000549316406,138.82809448242188,138.70050048828125,138.72999572753906,1514654,SPCX
2026-07-13 13:34:00,138.74000549316406,138.8699951171875,138.7100067138672,138.7899932861328,70692,SPCX
2026-07-13 13:35:00,138.8000030517578,138.86000061035156,138.61000061035156,138.67999267578125,47908,SPCX
2026-07-13 13:36:00,138.6699981689453,138.67999267578125,138.5399932861328,138.5749969482422,45265,SPCX
2026-07-13 13:37:00,138.5800018310547,138.5800018310547,138.2899932861328,138.3000030517578,86173,SPCX
2026-07-13 13:38:00,138.3000030517578,138.30999755859375,138.1999969482422,138.2100067138672,105148,SPCX
2026-07-13 13:39:00,138.2194061279297,138.24000549316406,138.0500030517578,138.13499450683594,146728,SPCX
2026-07-13 13:40:00,138.13499450683594,138.1699981689453,138.0449981689453,138.14999389648438,80224,SPCX
2026-07-13 13:41:00,138.1199951171875,138.22000122070312,138.08009338378906,138.1649932861328,74527,SPCX
2026-07-13 13:42:00,138.1649932861328,138.24000549316406,137.5500946044922,137.7899932861328,622107,SPCX
2026-07-13 13:43:00,137.7899932861328,137.99000549316406,137.7899932861328,137.8988037109375,102546,SPCX
2026-07-13 13:44:00,137.85499572753906,137.9600067138672,137.67999267578125,137.77999877929688,172975,SPCX
2026-07-13 13:45:00,137.78500366210938,137.89999389648438,137.75,137.7899932861328,96649,SPCX
2026-07-13 13:46:00,137.78500366210938,137.89999389648438,137.75999450683594,137.88499450683594,89558,SPCX
2026-07-13 13:47:00,137.88499450683594,137.99000549316406,137.875,137.89999389648438,120177,SPCX
2026-07-13 13:48:00,137.88499450683594,137.88999938964844,137.6999969482422,137.72999572753906,77673,SPCX
2026-07-13 13:49:00,137.72999572753906,137.74000549316406,137.6501007080078,137.6750030517578,107781,SPCX
2026-07-13 13:50:00,137.6898956298828,137.6999969482422,137.5,137.6013946533203,202920,SPCX
2026-07-13 13:51:00,137.59959411621094,137.63999938964844,137.5,137.55999755859375,88186,SPCX
2026-07-13 13:52:00,137.55999755859375,137.82000732421875,137.52999877929688,137.7899932861328,67866,SPCX
2026-07-13 13:53:00,137.78500366210938,137.8000030517578,137.5500030517578,137.61500549316406,80150,SPCX
2026-07-13 13:54:00,137.60000610351562,137.69000244140625,137.52000427246094,137.69000244140625,92434,SPCX
2026-07-13 13:55:00,137.6699981689453,137.7198944091797,137.57000732421875,137.6300048828125,71171,SPCX
2026-07-13 13:56:00,137.62010192871094,137.63999938964844,137.5,137.52000427246094,112337,SPCX
2026-07-13 13:57:00,137.52999877929688,137.5399932861328,137.35000610351562,137.43499755859375,174211,SPCX
2026-07-13 13:58:00,137.42999267578125,137.44000244140625,137.35000610351562,137.39999389648438,174240,SPCX
2026-07-13 13:59:00,137.38999938964844,137.61000061035156,137.38999938964844,137.53990173339844,73813,SPCX
2026-07-13 14:00:00,137.52000427246094,137.9499969482422,137.50050354003906,137.8699951171875,116579,SPCX
2026-07-13 14:01:00,137.84500122070312,137.94000244140625,137.66000366210938,137.77999877929688,154294,SPCX
2026-07-13 14:02:00,137.77999877929688,137.8498992919922,137.42080688476562,137.4600067138672,127626,SPCX
2026-07-13 14:03:00,137.4550018310547,137.47999572753906,137.35000610351562,137.38999938964844,117286,SPCX
2026-07-13 14:04:00,137.38499450683594,137.41000366210938,137.25,137.25999450683594,103017,SPCX
2026-07-13 14:05:00,137.2528076171875,137.27999877929688,137.11000061035156,137.27000427246094,241294,SPCX
2026-07-13 14:06:00,137.27999877929688,137.3800048828125,137.22999572753906,137.3800048828125,96682,SPCX
2026-07-13 14:07:00,137.3699951171875,137.3800048828125,137.25999450683594,137.3699951171875,60896,SPCX
2026-07-13 14:08:00,137.39410400390625,137.39410400390625,137.21029663085938,137.22500610351562,64444,SPCX
2026-07-13 14:09:00,137.1999969482422,137.27999877929688,137.1999969482422,137.22999572753906,55592,SPCX
2026-07-13 14:10:00,137.22999572753906,137.26499938964844,137.0800018310547,137.11500549316406,114921,SPCX
2026-07-13 14:11:00,137.11500549316406,137.19000244140625,137.0800018310547,137.17999267578125,72783,SPCX
2026-07-13 14:12:00,137.1699981689453,137.1999969482422,137.1199951171875,137.19859313964844,56486,SPCX
2026-07-13 14:13:00,137.19500732421875,137.25,137.1699981689453,137.2050018310547,57188,SPCX
2026-07-13 14:14:00,137.2100067138672,137.25999450683594,137.14999389648438,137.24000549316406,72506,SPCX
2026-07-13 14:15:00,137.25,137.32000732421875,137.17999267578125,137.2949981689453,59999,SPCX
2026-07-13 14:16:00,137.3199005126953,137.3300018310547,137.17050170898438,137.2050018310547,69156,SPCX
2026-07-13 14:17:00,137.22999572753906,137.24000549316406,137.11000061035156,137.1699981689453,72264,SPCX
2026-07-13 14:18:00,137.16000366210938,137.1699981689453,136.77999877929688,136.81399536132812,606733,SPCX
2026-07-13 14:19:00,136.8000030517578,136.9694061279297,136.8000030517578,136.9694061279297,117458,SPCX
2026-07-13 14:20:00,136.97999572753906,137.1300048828125,136.95010375976562,137.0399932861328,85213,SPCX
2026-07-13 14:21:00,137.02000427246094,137.16000366210938,137.0,137.15989685058594,65372,SPCX
2026-07-13 14:22:00,137.18499755859375,137.2899932861328,137.14999389648438,137.2100067138672,63654,SPCX
2026-07-13 14:23:00,137.25149536132812,137.39999389648438,137.13999938964844,137.38499450683594,82151,SPCX
2026-07-13 14:24:00,137.44000244140625,137.47999572753906,137.30999755859375,137.4799041748047,84686,SPCX
2026-07-13 14:25:00,137.47000122070312,137.47909545898438,137.3300018310547,137.39999389648438,54144,SPCX
2026-07-13 14:26:00,137.39999389648438,137.44000244140625,137.33999633789062,137.33999633789062,57025,SPCX
2026-07-13 14:27:00,137.35000610351562,137.42999267578125,137.3000030517578,137.36000061035156,64611,SPCX
2026-07-13 14:28:00,137.39999389648438,137.43190002441406,137.3300018310547,137.38999938964844,54959,SPCX
2026-07-13 14:29:00,137.39999389648438,137.48500061035156,137.36000061035156,137.44000244140625,62708,SPCX
2026-07-13 14:30:00,137.41000366210938,137.41000366210938,137.14999389648438,137.24000549316406,112352,SPCX
2026-07-13 14:31:00,137.22999572753906,137.30999755859375,137.17999267578125,137.2899932861328,63214,SPCX
2026-07-13 14:32:00,137.30999755859375,137.4398956298828,137.2550048828125,137.36500549316406,47354,SPCX
2026-07-13 14:33:00,137.3800048828125,137.42999267578125,137.35000610351562,137.39039611816406,61221,SPCX
2026-07-13 14:34:00,137.4199981689453,137.44000244140625,137.24000549316406,137.24000549316406,70492,SPCX
2026-07-13 14:35:00,137.2100067138672,137.2899932861328,137.19000244140625,137.27000427246094,53282,SPCX
2026-07-13 14:36:00,137.27000427246094,137.2899932861328,137.11000061035156,137.14999389648438,57470,SPCX
2026-07-13 14:37:00,137.1300048828125,137.17999267578125,137.02999877929688,137.14999389648438,76524,SPCX
2026-07-13 14:38:00,137.14999389648438,137.55990600585938,137.14999389648438,137.25999450683594,69973,SPCX
2026-07-13 14:39:00,137.27999877929688,137.36000061035156,137.26870727539062,137.3000030517578,62617,SPCX
2026-07-13 14:40:00,137.31500244140625,137.3300018310547,137.1999969482422,137.32000732421875,42944,SPCX
2026-07-13 14:41:00,137.32000732421875,137.39999389648438,137.24009704589844,137.2899932861328,66203,SPCX
2026-07-13 14:42:00,137.27000427246094,137.38999938964844,137.25,137.3000030517578,49358,SPCX
2026-07-13 14:43:00,137.33990478515625,137.58999633789062,137.33990478515625,137.42999267578125,82927,SPCX
2026-07-13 14:44:00,137.39999389648438,137.5,137.27999877929688,137.33999633789062,71722,SPCX
2026-07-13 14:45:00,137.36500549316406,137.4799041748047,137.25999450683594,137.32000732421875,56808,SPCX
2026-07-13 14:46:00,137.36000061035156,137.5,137.27999877929688,137.49000549316406,77844,SPCX
2026-07-13 14:47:00,137.47000122070312,137.60000610351562,137.4499969482422,137.5500030517578,74293,SPCX
2026-07-13 14:48:00,137.5399932861328,137.58990478515625,137.4499969482422,137.57000732421875,56706,SPCX
2026-07-13 14:49:00,137.57000732421875,137.6501007080078,137.52999877929688,137.63499450683594,56372,SPCX
2026-07-13 14:50:00,137.64999389648438,137.65989685058594,137.5399932861328,137.58929443359375,48739,SPCX
2026-07-13 14:51:00,137.58999633789062,137.74989318847656,137.5330047607422,137.74000549316406,74090,SPCX
2026-07-13 14:52:00,137.75,137.8000030517578,137.52999877929688,137.5800018310547,79826,SPCX
2026-07-13 14:53:00,137.55499267578125,137.88999938964844,137.47999572753906,137.83999633789062,258503,SPCX
2026-07-13 14:54:00,137.83999633789062,137.9499969482422,137.66400146484375,137.67999267578125,156772,SPCX
2026-07-13 14:55:00,137.66000366210938,137.67999267578125,137.52000427246094,137.55999755859375,61711,SPCX
2026-07-13 14:56:00,137.55499267578125,137.69000244140625,137.41000366210938,137.52999877929688,87366,SPCX
2026-07-13 14:57:00,137.53500366210938,137.58999633789062,137.39999389648438,137.56500244140625,64742,SPCX
2026-07-13 14:58:00,137.56500244140625,137.83999633789062,137.5625,137.7100067138672,147647,SPCX
2026-07-13 14:59:00,137.7449951171875,137.94000244140625,137.7449951171875,137.85499572753906,70203,SPCX
2026-07-13 15:00:00,137.8699951171875,137.88499450683594,137.6300048828125,137.72000122070312,71636,SPCX
2026-07-13 15:01:00,137.72000122070312,137.83999633789062,137.3000030517578,137.52999877929688,146373,SPCX
2026-07-13 15:02:00,137.52000427246094,137.58999633789062,137.47999572753906,137.58999633789062,54522,SPCX
2026-07-13 15:03:00,137.56500244140625,137.58990478515625,137.3300018310547,137.37530517578125,66998,SPCX
2026-07-13 15:04:00,137.38999938964844,137.48989868164062,137.3101043701172,137.3699951171875,56301,SPCX
2026-07-13 15:05:00,137.3800048828125,137.52479553222656,137.34010314941406,137.52479553222656,52506,SPCX
2026-07-13 15:06:00,137.52999877929688,137.57000732421875,137.44000244140625,137.47000122070312,62890,SPCX
2026-07-13 15:07:00,137.4600067138672,137.52000427246094,137.27000427246094,137.27000427246094,68311,SPCX
2026-07-13 15:08:00,137.28500366210938,137.39999389648438,137.24000549316406,137.3300018310547,1823774,SPCX
2026-07-13 15:09:00,137.3699951171875,137.49000549316406,137.34559631347656,137.375,64969,SPCX
2026-07-13 15:10:00,137.39999389648438,137.5399932861328,137.3300018310547,137.44000244140625,92633,SPCX
2026-07-13 15:11:00,137.50900268554688,137.52000427246094,137.4199981689453,137.4499969482422,48530,SPCX
2026-07-13 15:12:00,137.4600067138672,137.46499633789062,137.3000030517578,137.36500549316406,73611,SPCX
2026-07-13 15:13:00,137.3800048828125,137.60000610351562,137.35000610351562,137.50999450683594,82150,SPCX
2026-07-13 15:14:00,137.50999450683594,137.60000610351562,137.44000244140625,137.50999450683594,60550,SPCX
2026-07-13 15:15:00,137.57000732421875,137.63999938964844,137.42999267578125,137.50999450683594,124937,SPCX
2026-07-13 15:16:00,137.48779296875,137.7100067138672,137.4199981689453,137.6699981689453,199429,SPCX
2026-07-13 15:17:00,137.67999267578125,138.10000610351562,137.58999633789062,137.9001007080078,193356,SPCX
2026-07-13 15:18:00,137.94500732421875,137.9499969482422,137.6199951171875,137.6199951171875,74350,SPCX
2026-07-13 15:19:00,137.6300048828125,137.72999572753906,137.5800018310547,137.6300048828125,75721,SPCX
2026-07-13 15:20:00,137.64999389648438,137.91000366210938,137.64990234375,137.76499938964844,70171,SPCX
2026-07-13 15:21:00,137.77000427246094,137.8800048828125,137.72999572753906,137.86000061035156,66418,SPCX
2026-07-13 15:22:00,137.860107421875,137.97000122070312,137.8000030517578,137.85000610351562,86778,SPCX
2026-07-13 15:23:00,137.8800048828125,137.9199981689453,137.47999572753906,137.4810028076172,103942,SPCX
2026-07-13 15:24:00,137.52000427246094,137.73500061035156,137.5,137.6199951171875,56553,SPCX
2026-07-13 15:25:00,137.67840576171875,137.85000610351562,137.4499969482422,137.67999267578125,162694,SPCX
2026-07-13 15:26:00,137.6300048828125,137.75,137.5749969482422,137.61740112304688,54823,SPCX
2026-07-13 15:27:00,137.5800018310547,137.79840087890625,137.5500030517578,137.6699981689453,73293,SPCX
2026-07-13 15:28:00,137.69000244140625,137.75,137.62010192871094,137.72999572753906,73945,SPCX
2026-07-13 15:29:00,137.72000122070312,137.79989624023438,137.60000610351562,137.6300048828125,71976,SPCX
2026-07-13 15:30:00,137.60000610351562,137.94000244140625,137.60000610351562,137.91000366210938,82778,SPCX
2026-07-13 15:31:00,137.89599609375,138.17999267578125,137.83999633789062,138.09010314941406,124106,SPCX
2026-07-13 15:32:00,138.14999389648438,138.27000427246094,138.08999633789062,138.11000061035156,94635,SPCX
2026-07-13 15:33:00,138.1199951171875,138.42999267578125,137.98410034179688,138.17999267578125,178000,SPCX
2026-07-13 15:34:00,138.17990112304688,138.25,138.10000610351562,138.2100067138672,87863,SPCX
2026-07-13 15:35:00,138.1999969482422,138.1999969482422,137.92999267578125,137.97000122070312,98369,SPCX
2026-07-13 15:36:00,137.96499633789062,138.0050048828125,137.78030395507812,137.9375,83855,SPCX
2026-07-13 15:37:00,137.94000244140625,138.16000366210938,137.94000244140625,138.12030029296875,125728,SPCX
2026-07-13 15:38:00,138.14999389648438,138.3498992919922,138.12010192871094,138.27000427246094,132330,SPCX
2026-07-13 15:39:00,138.27000427246094,138.38999938964844,138.11000061035156,138.21499633789062,146898,SPCX
2026-07-13 15:40:00,138.22500610351562,138.4149932861328,138.2100067138672,138.38999938964844,107592,SPCX
2026-07-13 15:41:00,138.38999938964844,138.40499877929688,138.16009521484375,138.33999633789062,74152,SPCX
2026-07-13 15:43:00,138.75999450683594,138.75999450683594,138.72000122070312,138.74000549316406,403316,SPCX
2026-07-13 15:44:00,138.73500061035156,138.9199981689453,138.73500061035156,138.91110229492188,241427,SPCX
2026-07-13 15:45:00,138.90499877929688,138.9600067138672,138.47999572753906,138.5,214811,SPCX
2026-07-13 15:46:00,138.5,138.97999572753906,138.5,138.97000122070312,202563,SPCX
2026-07-13 15:47:00,138.97000122070312,139.1999969482422,138.91000366210938,139.0200958251953,225263,SPCX
2026-07-13 15:48:00,139.02000427246094,139.35000610351562,139.0,139.31500244140625,170640,SPCX
2026-07-13 15:49:00,139.31500244140625,139.39999389648438,139.22999572753906,139.3699951171875,193553,SPCX
2026-07-13 15:50:00,139.3699951171875,139.5800018310547,139.11000061035156,139.48500061035156,293112,SPCX
2026-07-13 15:51:00,139.48500061035156,139.48500061035156,139.17999267578125,139.23989868164062,211329,SPCX
2026-07-13 15:52:00,139.2100067138672,139.39999389648438,138.97999572753906,139.0800018310547,285300,SPCX
2026-07-13 15:53:00,139.0500030517578,139.1999969482422,138.91000366210938,138.9949951171875,284593,SPCX
2026-07-13 15:54:00,138.9499969482422,139.2899932861328,138.77000427246094,139.16000366210938,437012,SPCX
2026-07-13 15:55:00,139.16000366210938,139.63999938964844,139.05999755859375,139.22999572753906,309571,SPCX
2026-07-13 15:56:00,139.22999572753906,139.27000427246094,138.66000366210938,138.75,250937,SPCX
2026-07-13 15:57:00,138.75,139.3000030517578,138.25999450683594,138.3800048828125,486245,SPCX
2026-07-13 15:58:00,138.38499450683594,138.42999267578125,138.02999877929688,138.38999938964844,705764,SPCX
2026-07-13 15:59:00,138.40499877929688,139.22000122070312,138.375,139.22000122070312,988692,SPCX
2026-07-14 09:30:00,140.9499969482422,142.3000030517578,140.5,141.91000366210938,3918003,SPCX
2026-07-14 09:31:00,141.8000030517578,142.14999389648438,140.9600067138672,141.2200927734375,346235,SPCX
2026-07-14 09:32:00,141.22000122070312,141.6999969482422,140.72000122070312,140.81500244140625,200116,SPCX
2026-07-14 09:33:00,140.75,141.6999969482422,140.75,141.6999969482422,182262,SPCX
2026-07-14 09:34:00,141.64999389648438,141.88999938964844,141.38999938964844,141.68629455566406,174859,SPCX
2026-07-14 09:35:00,141.66000366210938,141.9199981689453,141.30999755859375,141.6300048828125,233983,SPCX
2026-07-14 09:36:00,141.55999755859375,142.38999938964844,141.39999389648438,142.1750030517578,333228,SPCX
2026-07-14 09:37:00,142.17999267578125,142.79989624023438,141.7100067138672,141.74000549316406,313725,SPCX
2026-07-14 09:38:00,141.74000549316406,142.38999938964844,141.5,142.30499267578125,167846,SPCX
2026-07-14 09:39:00,142.25999450683594,142.77000427246094,142.11000061035156,142.4149932861328,244186,SPCX
2026-07-14 09:40:00,142.4163055419922,142.85000610351562,142.2100067138672,142.66000366210938,241839,SPCX
2026-07-14 09:41:00,142.61000061035156,142.85000610351562,142.4199981689453,142.7602996826172,172169,SPCX
2026-07-14 09:42:00,142.7100067138672,142.97000122070312,142.57000732421875,142.9394073486328,201532,SPCX
2026-07-14 09:43:00,142.88999938964844,143.1999969482422,142.66000366210938,142.66000366210938,360586,SPCX
2026-07-14 09:44:00,142.6999969482422,142.9499969482422,142.3699951171875,142.67999267578125,200851,SPCX
2026-07-14 09:45:00,142.63999938964844,142.85000610351562,142.51010131835938,142.63999938964844,157836,SPCX
2026-07-14 09:46:00,142.66000366210938,142.69000244140625,141.60000610351562,141.68499755859375,181410,SPCX
2026-07-14 09:47:00,141.64999389648438,141.8795928955078,141.07000732421875,141.33999633789062,174860,SPCX
2026-07-14 09:48:00,141.3699951171875,141.75,141.27999877929688,141.51499938964844,150609,SPCX
2026-07-14 09:49:00,141.5175018310547,141.66000366210938,141.2899932861328,141.6280059814453,171731,SPCX
2026-07-14 09:50:00,141.63999938964844,141.72799682617188,141.41000366210938,141.56179809570312,123363,SPCX
2026-07-14 09:51:00,141.55279541015625,141.6699981689453,140.89999389648438,141.05999755859375,199269,SPCX
2026-07-14 09:52:00,140.92999267578125,141.27999877929688,140.50999450683594,140.55499267578125,172977,SPCX
2026-07-14 09:53:00,140.50999450683594,141.00999450683594,140.39999389648438,140.98899841308594,225976,SPCX
2026-07-14 09:54:00,140.9499969482422,141.6300048828125,140.94000244140625,141.4600067138672,252952,SPCX
2026-07-14 09:55:00,141.4600067138672,142.06500244140625,141.3300018310547,141.7100067138672,146576,SPCX
2026-07-14 09:56:00,141.8000030517578,142.1999969482422,141.70010375976562,142.15499877929688,141352,SPCX
2026-07-14 09:57:00,142.16000366210938,142.4499969482422,141.9199981689453,142.02999877929688,100934,SPCX
2026-07-14 09:58:00,142.1199951171875,142.35000610351562,141.8300018310547,142.25,103262,SPCX
2026-07-14 09:59:00,142.25,142.55499267578125,142.10000610351562,142.5449981689453,118215,SPCX
2026-07-14 10:00:00,142.5449981689453,142.5791015625,142.1699981689453,142.36500549316406,122195,SPCX
2026-07-14 10:01:00,142.36500549316406,142.38999938964844,141.80999755859375,141.96499633789062,127219,SPCX
2026-07-14 10:02:00,141.96499633789062,142.14500427246094,141.72999572753906,142.05499267578125,111169,SPCX
2026-07-14 10:03:00,142.08999633789062,142.22999572753906,141.81100463867188,142.08999633789062,102243,SPCX
2026-07-14 10:04:00,142.02999877929688,142.16000366210938,141.82000732421875,141.86000061035156,86927,SPCX
2026-07-14 10:05:00,141.82009887695312,142.05999755859375,141.61000061035156,142.00100708007812,103487,SPCX
2026-07-14 10:06:00,142.02499389648438,142.5500030517578,141.94000244140625,142.39999389648438,124135,SPCX
2026-07-14 10:07:00,142.33999633789062,142.47999572753906,142.05999755859375,142.30929565429688,109883,SPCX
2026-07-14 10:08:00,142.27999877929688,142.4499969482422,142.05999755859375,142.36000061035156,77955,SPCX
2026-07-14 10:09:00,142.35890197753906,142.3699951171875,142.0601043701172,142.07000732421875,95315,SPCX
2026-07-14 10:10:00,142.02000427246094,142.06500244140625,141.72999572753906,141.77000427246094,98255,SPCX
2026-07-14 10:11:00,141.79989624023438,141.97000122070312,141.6627960205078,141.9250030517578,80897,SPCX
2026-07-14 10:12:00,141.97000122070312,142.36500549316406,141.8470001220703,142.3350067138672,87237,SPCX
2026-07-14 10:13:00,142.33999633789062,142.60000610351562,142.1199951171875,142.1699981689453,249077,SPCX
2026-07-14 10:14:00,142.14500427246094,142.5,142.05999755859375,142.4550018310547,84258,SPCX
2026-07-14 10:15:00,142.39999389648438,142.67990112304688,142.0500030517578,142.5399932861328,122104,SPCX
2026-07-14 10:16:00,142.5,142.85000610351562,142.28500366210938,142.81500244140625,104316,SPCX
2026-07-14 10:17:00,142.82000732421875,142.85000610351562,142.33999633789062,142.4199981689453,174822,SPCX
2026-07-14 10:18:00,142.47000122070312,142.47000122070312,141.75,142.15150451660156,212235,SPCX
2026-07-14 10:19:00,142.20880126953125,142.5800018310547,142.14500427246094,142.38999938964844,131201,SPCX
2026-07-14 10:20:00,142.38070678710938,142.5800018310547,142.0500030517578,142.3000030517578,123804,SPCX
2026-07-14 10:21:00,142.24000549316406,142.36000061035156,141.75,141.9300994873047,105651,SPCX
2026-07-14 10:22:00,141.92999267578125,142.18499755859375,141.74000549316406,141.9499969482422,112841,SPCX
2026-07-14 10:23:00,141.92999267578125,141.92999267578125,141.52000427246094,141.67999267578125,108138,SPCX
2026-07-14 10:24:00,141.7050018310547,141.7050018310547,141.10000610351562,141.14999389648438,130063,SPCX
2026-07-14 10:25:00,141.13999938964844,141.1999969482422,140.89999389648438,141.0399932861328,139811,SPCX
2026-07-14 10:26:00,140.94000244140625,141.5500030517578,140.8300018310547,141.38929748535156,127902,SPCX
2026-07-14 10:27:00,141.30999755859375,141.3769989013672,140.72999572753906,140.74000549316406,94735,SPCX
2026-07-14 10:28:00,140.77000427246094,140.79910278320312,140.52499389648438,140.56500244140625,92285,SPCX
2026-07-14 10:29:00,140.59210205078125,141.11000061035156,140.5399932861328,141.0,127830,SPCX
2026-07-14 10:30:00,140.99000549316406,140.99000549316406,140.40699768066406,140.49380493164062,106900,SPCX
2026-07-14 10:31:00,140.49989318847656,140.64999389648438,140.2899932861328,140.60009765625,174834,SPCX
2026-07-14 10:32:00,140.63999938964844,140.82000732421875,140.50999450683594,140.73500061035156,107801,SPCX
2026-07-14 10:33:00,140.6999969482422,140.7899932861328,140.5500030517578,140.63009643554688,70236,SPCX
2026-07-14 10:34:00,140.70989990234375,141.33999633789062,140.66000366210938,141.14999389648438,248540,SPCX
2026-07-14 10:35:00,141.11000061035156,141.37950134277344,140.97000122070312,141.17999267578125,89538,SPCX
2026-07-14 10:36:00,141.17999267578125,141.25149536132812,140.8800048828125,141.0399932861328,87061,SPCX
2026-07-14 10:37:00,141.0594940185547,141.3800048828125,140.99000549316406,141.14500427246094,83465,SPCX
2026-07-14 10:38:00,141.13009643554688,141.60000610351562,141.0399932861328,141.52999877929688,80354,SPCX
2026-07-14 10:39:00,141.56500244140625,141.75,141.50999450683594,141.66000366210938,70279,SPCX
2026-07-14 10:40:00,141.69000244140625,141.72000122070312,141.3699951171875,141.44500732421875,40980,SPCX
2026-07-14 10:41:00,141.41000366210938,141.79989624023438,141.3300018310547,141.75,48562,SPCX
2026-07-14 10:42:00,141.77000427246094,142.02999877929688,141.72320556640625,141.85000610351562,117340,SPCX
2026-07-14 10:43:00,141.85000610351562,142.10000610351562,141.5500030517578,141.83999633789062,95918,SPCX
2026-07-14 10:44:00,141.88400268554688,141.9199981689453,141.57000732421875,141.70840454101562,56004,SPCX
2026-07-14 10:45:00,141.6699981689453,141.77999877929688,141.60000610351562,141.71389770507812,70704,SPCX
2026-07-14 10:46:00,141.69000244140625,141.77000427246094,141.4300994873047,141.55999755859375,40170,SPCX
2026-07-14 10:47:00,141.50999450683594,141.52999877929688,141.07000732421875,141.10000610351562,60041,SPCX
2026-07-14 10:48:00,141.12989807128906,141.47740173339844,141.06500244140625,141.4199981689453,46025,SPCX
2026-07-14 10:49:00,141.47000122070312,141.4799041748047,141.1699981689453,141.22999572753906,36363,SPCX
2026-07-14 10:50:00,141.22999572753906,141.2342071533203,140.92050170898438,141.0749969482422,71457,SPCX
2026-07-14 10:51:00,141.06500244140625,141.22999572753906,140.93850708007812,141.22999572753906,331260,SPCX
2026-07-14 10:52:00,141.25,141.30999755859375,141.19000244140625,141.27999877929688,33799,SPCX
2026-07-14 10:53:00,141.27499389648438,141.42999267578125,141.14999389648438,141.35000610351562,37088,SPCX
2026-07-14 10:54:00,141.38470458984375,141.60000610351562,141.30999755859375,141.5655059814453,35883,SPCX
2026-07-14 10:55:00,141.59500122070312,141.72999572753906,141.47000122070312,141.47000122070312,82525,SPCX
2026-07-14 10:56:00,141.43499755859375,141.5,141.3444061279297,141.47000122070312,53986,SPCX
2026-07-14 10:57:00,141.47500610351562,141.5800018310547,141.4250030517578,141.5,38357,SPCX
2026-07-14 10:58:00,141.5,141.6699981689453,141.4250030517578,141.5,64541,SPCX
2026-07-14 10:59:00,141.4199981689453,141.47000122070312,141.2100067138672,141.25999450683594,52590,SPCX
2026-07-14 11:00:00,141.25,141.58999633789062,141.25,141.50999450683594,79970,SPCX
2026-07-14 11:01:00,141.52999877929688,141.75,141.47000122070312,141.55999755859375,45214,SPCX
2026-07-14 11:02:00,141.60000610351562,141.6199951171875,141.4199981689453,141.5399932861328,39160,SPCX
2026-07-14 11:03:00,141.50999450683594,141.50999450683594,141.17999267578125,141.25250244140625,42486,SPCX
2026-07-14 11:04:00,141.3000030517578,141.8699951171875,141.2550048828125,141.6199951171875,95102,SPCX
2026-07-14 11:05:00,141.61500549316406,141.66000366210938,141.49000549316406,141.5500030517578,65204,SPCX
2026-07-14 11:06:00,141.53500366210938,141.80999755859375,141.45010375976562,141.75,104594,SPCX
2026-07-14 11:07:00,141.77999877929688,141.8300018310547,141.51010131835938,141.66000366210938,56550,SPCX
2026-07-14 11:08:00,141.72999572753906,141.88999938964844,141.6300048828125,141.77499389648438,59713,SPCX
2026-07-14 11:09:00,141.77000427246094,141.8300018310547,141.63999938964844,141.77999877929688,57534,SPCX
2026-07-14 11:10:00,141.82000732421875,141.89999389648438,141.74000549316406,141.83999633789062,47585,SPCX
2026-07-14 11:11:00,141.82000732421875,141.9499969482422,141.7902069091797,141.93499755859375,140140,SPCX
2026-07-14 11:12:00,141.93499755859375,142.02000427246094,141.6999969482422,141.8350067138672,108382,SPCX
2026-07-14 11:13:00,141.8350067138672,142.1094970703125,141.82090759277344,142.10719299316406,211051,SPCX
2026-07-14 11:14:00,142.08999633789062,142.3800048828125,142.0399932861328,142.24839782714844,90032,SPCX
2026-07-14 11:15:00,142.25,142.39999389648438,142.1999969482422,142.25,62865,SPCX
2026-07-14 11:16:00,142.25,142.3800048828125,142.11000061035156,142.3800048828125,43927,SPCX
2026-07-14 11:17:00,142.3800048828125,142.54989624023438,142.13999938964844,142.13999938964844,101843,SPCX
2026-07-14 11:18:00,142.16990661621094,142.44000244140625,142.11000061035156,142.39990234375,57842,SPCX
2026-07-14 11:19:00,142.35000610351562,142.75999450683594,142.3300018310547,142.75999450683594,125151,SPCX
2026-07-14 11:20:00,142.7050018310547,142.82000732421875,142.53990173339844,142.82000732421875,86243,SPCX
2026-07-14 11:21:00,142.80079650878906,142.91000366210938,142.67999267578125,142.8699951171875,107365,SPCX
2026-07-14 11:22:00,142.89500427246094,142.92999267578125,142.39999389648438,142.4199981689453,108909,SPCX
2026-07-14 11:23:00,142.40469360351562,142.69000244140625,142.40469360351562,142.69000244140625,52633,SPCX
2026-07-14 11:24:00,142.6699981689453,142.89999389648438,142.5500030517578,142.82000732421875,79350,SPCX
2026-07-14 11:25:00,142.8000030517578,142.99000549316406,142.64610290527344,142.64610290527344,82538,SPCX
2026-07-14 11:26:00,142.66419982910156,142.66419982910156,142.38999938964844,142.47999572753906,69214,SPCX
2026-07-14 11:27:00,142.44000244140625,142.4499969482422,142.17999267578125,142.3699951171875,69733,SPCX
2026-07-14 11:28:00,142.38499450683594,142.62989807128906,142.36000061035156,142.52999877929688,59311,SPCX
2026-07-14 11:29:00,142.5500030517578,143.30999755859375,142.5500030517578,143.05999755859375,267195,SPCX
2026-07-14 11:30:00,143.07000732421875,143.07000732421875,142.8000030517578,142.83990478515625,91338,SPCX
2026-07-14 11:31:00,142.85499572753906,142.9499969482422,142.6999969482422,142.86000061035156,59913,SPCX
2026-07-14 11:32:00,142.86500549316406,142.89999389648438,142.72000122070312,142.86000061035156,49709,SPCX
2026-07-14 11:33:00,142.8000030517578,143.24000549316406,142.8000030517578,143.17999267578125,94116,SPCX
2026-07-14 11:34:00,143.16000366210938,143.3300018310547,143.1199951171875,143.18499755859375,80354,SPCX
2026-07-14 11:35:00,143.19500732421875,143.1999969482422,142.94200134277344,143.1699981689453,79070,SPCX
2026-07-14 11:36:00,143.13999938964844,143.17999267578125,142.91000366210938,142.99000549316406,337625,SPCX
2026-07-14 11:37:00,142.98599243164062,142.99000549316406,142.73500061035156,142.75,50913,SPCX
2026-07-14 11:38:00,142.75,142.9499053955078,142.72999572753906,142.89999389648438,45727,SPCX
2026-07-14 11:39:00,142.89999389648438,142.9698944091797,142.74000549316406,142.83999633789062,53408,SPCX
2026-07-14 11:40:00,142.83999633789062,142.88999938964844,142.64999389648438,142.69000244140625,80239,SPCX
2026-07-14 11:41:00,142.69000244140625,142.69000244140625,142.2899932861328,142.3800048828125,96461,SPCX
2026-07-14 11:42:00,142.3800048828125,142.39999389648438,142.17999267578125,142.3350067138672,42271,SPCX
2026-07-14 11:43:00,142.35000610351562,142.5500030517578,142.33009338378906,142.44000244140625,33250,SPCX
2026-07-14 11:44:00,142.4499969482422,142.63079833984375,142.4199981689453,142.45010375976562,60062,SPCX
2026-07-14 11:45:00,142.45010375976562,142.64999389648438,142.45010375976562,142.58999633789062,28353,SPCX
2026-07-14 11:46:00,142.5625,142.9499969482422,142.4600067138672,142.74000549316406,58510,SPCX
2026-07-14 11:47:00,142.74000549316406,142.86000061035156,142.67010498046875,142.75,39912,SPCX
2026-07-14 11:48:00,142.83999633789062,142.97999572753906,142.8000030517578,142.9550018310547,44592,SPCX
2026-07-14 11:49:00,142.94000244140625,142.9600067138672,142.72999572753906,142.72999572753906,37978,SPCX
2026-07-14 11:50:00,142.72999572753906,143.0,142.63999938964844,142.9600067138672,71371,SPCX
2026-07-14 11:51:00,142.92999267578125,143.0,142.53880310058594,142.5850067138672,57535,SPCX
2026-07-14 11:52:00,142.59950256347656,142.70989990234375,142.5,142.6199951171875,48331,SPCX
2026-07-14 11:53:00,142.64500427246094,142.8699951171875,142.64500427246094,142.83999633789062,41648,SPCX
2026-07-14 11:54:00,142.8699951171875,142.8730010986328,142.52000427246094,142.55499267578125,35369,SPCX
2026-07-14 11:55:00,142.57000732421875,142.64999389648438,142.5,142.5904998779297,34368,SPCX
2026-07-14 11:56:00,142.61000061035156,142.6894073486328,142.5399932861328,142.62879943847656,32778,SPCX
2026-07-14 11:57:00,142.6300048828125,142.69960021972656,142.3699951171875,142.41009521484375,43960,SPCX
2026-07-14 11:58:00,142.4600067138672,142.6416015625,142.42999267578125,142.43499755859375,41371,SPCX
2026-07-14 11:59:00,142.43499755859375,142.47500610351562,142.33999633789062,142.4199981689453,51287,SPCX
2026-07-14 12:00:00,142.39999389648438,142.39999389648438,141.9423065185547,141.9423065185547,132478,SPCX
2026-07-14 12:01:00,141.9499969482422,142.08999633789062,141.92999267578125,141.97000122070312,36886,SPCX
2026-07-14 12:02:00,141.99000549316406,142.00999450683594,141.8249053955078,141.89999389648438,52347,SPCX
2026-07-14 12:03:00,141.860107421875,141.89999389648438,141.50999450683594,141.5500030517578,86983,SPCX
2026-07-14 12:04:00,141.56500244140625,141.86000061035156,141.47999572753906,141.7834930419922,92954,SPCX
2026-07-14 12:05:00,141.85000610351562,141.8800048828125,141.64999389648438,141.6999969482422,62238,SPCX
2026-07-14 12:06:00,141.69000244140625,141.77000427246094,141.57069396972656,141.6300048828125,49850,SPCX
2026-07-14 12:07:00,141.63999938964844,141.73989868164062,141.44000244140625,141.66000366210938,77813,SPCX
2026-07-14 12:08:00,141.63999938964844,141.88999938964844,141.63499450683594,141.7899932861328,49190,SPCX
2026-07-14 12:09:00,141.7949981689453,141.8489990234375,141.64999389648438,141.69000244140625,47100,SPCX
2026-07-14 12:10:00,141.70989990234375,141.70989990234375,141.4199981689453,141.47000122070312,156741,SPCX
2026-07-14 12:11:00,141.47500610351562,141.55999755859375,141.4040069580078,141.49000549316406,51575,SPCX
2026-07-14 12:12:00,141.48500061035156,141.63999938964844,141.4550018310547,141.61000061035156,37819,SPCX
2026-07-14 12:13:00,141.60000610351562,141.67999267578125,141.52999877929688,141.5500030517578,82921,SPCX
2026-07-14 12:14:00,141.5500030517578,141.6199951171875,141.47000122070312,141.53579711914062,42815,SPCX
2026-07-14 12:15:00,141.52000427246094,141.57989501953125,141.2100067138672,141.28109741210938,69249,SPCX
2026-07-14 12:16:00,141.3000030517578,141.4199981689453,141.22000122070312,141.24000549316406,72875,SPCX
2026-07-14 12:17:00,141.25990295410156,141.2899932861328,141.1300048828125,141.19000244140625,66968,SPCX
2026-07-14 12:18:00,141.19500732421875,141.32000732421875,141.1199951171875,141.18609619140625,64183,SPCX
2026-07-14 12:19:00,141.2100067138672,141.2899932861328,141.08999633789062,141.25,46188,SPCX
2026-07-14 12:20:00,141.27000427246094,141.2899932861328,141.02999877929688,141.0449981689453,52308,SPCX
2026-07-14 12:21:00,141.0399932861328,141.0399932861328,140.8000030517578,140.88499450683594,153235,SPCX
2026-07-14 12:22:00,140.86000061035156,140.94000244140625,140.8300018310547,140.85000610351562,64568,SPCX
2026-07-14 12:23:00,140.86000061035156,140.9394073486328,140.74000549316406,140.74000549316406,73930,SPCX
2026-07-14 12:24:00,140.75999450683594,140.91990661621094,140.74000549316406,140.8800048828125,49827,SPCX
2026-07-14 12:25:00,140.89999389648438,141.08999633789062,140.8800048828125,140.98779296875,77183,SPCX
2026-07-14 12:26:00,141.0500030517578,141.14990234375,140.64999389648438,140.67999267578125,96211,SPCX
2026-07-14 12:27:00,140.67999267578125,140.8498992919922,140.65179443359375,140.74000549316406,42233,SPCX
2026-07-14 12:28:00,140.74000549316406,140.8800048828125,140.72000122070312,140.75999450683594,43609,SPCX
2026-07-14 12:29:00,140.7899932861328,140.9199981689453,140.7501983642578,140.77000427246094,77576,SPCX
2026-07-14 12:30:00,140.79989624023438,140.8800048828125,140.67999267578125,140.80999755859375,53829,SPCX
2026-07-14 12:31:00,140.86000061035156,141.05250549316406,140.85000610351562,140.9600067138672,70291,SPCX
2026-07-14 12:32:00,141.0,141.0500030517578,140.83999633789062,140.86000061035156,47435,SPCX
2026-07-14 12:33:00,140.8699951171875,140.91000366210938,140.77000427246094,140.8300018310547,45053,SPCX
2026-07-14 12:34:00,140.86000061035156,140.9499969482422,140.83999633789062,140.91000366210938,31398,SPCX
2026-07-14 12:35:00,140.92999267578125,140.97909545898438,140.85499572753906,140.86500549316406,55692,SPCX
2026-07-14 12:36:00,140.8800048828125,140.91690063476562,140.6199951171875,140.6750030517578,70324,SPCX
2026-07-14 12:37:00,140.69000244140625,140.69000244140625,140.31260681152344,140.3249969482422,112903,SPCX
2026-07-14 12:38:00,140.3300018310547,140.49000549316406,140.30999755859375,140.4199981689453,69962,SPCX
2026-07-14 12:39:00,140.4199981689453,140.4698944091797,140.25,140.34890747070312,95277,SPCX
2026-07-14 12:40:00,140.3498992919922,140.3498992919922,140.05999755859375,140.1199951171875,127380,SPCX
2026-07-14 12:41:00,140.12759399414062,140.2100067138672,139.82000732421875,139.8300018310547,340246,SPCX
2026-07-14 12:42:00,139.82009887695312,139.88999938964844,139.7100067138672,139.72000122070312,101846,SPCX
2026-07-14 12:43:00,139.7100067138672,139.9799041748047,139.63999938964844,139.83999633789062,82390,SPCX
2026-07-14 12:44:00,139.86990356445312,139.91000366210938,139.5800018310547,139.58050537109375,123413,SPCX
2026-07-14 12:45:00,139.61500549316406,139.85000610351562,139.4600067138672,139.47500610351562,254612,SPCX
2026-07-14 12:46:00,139.4499969482422,139.8498992919922,139.25,139.8498992919922,153032,SPCX
2026-07-14 12:47:00,139.80999755859375,139.92999267578125,139.57009887695312,139.65499877929688,100963,SPCX
2026-07-14 12:48:00,139.6300048828125,139.6300048828125,139.41000366210938,139.4600067138672,85410,SPCX
2026-07-14 12:49:00,139.47149658203125,139.58749389648438,139.32000732421875,139.5500030517578,68413,SPCX
2026-07-14 12:50:00,139.53500366210938,139.64999389648438,139.33999633789062,139.39500427246094,62111,SPCX
2026-07-14 12:51:00,139.4199981689453,139.42999267578125,139.14999389648438,139.25909423828125,128939,SPCX
2026-07-14 12:52:00,139.25,139.3000030517578,139.1199951171875,139.16000366210938,79374,SPCX
2026-07-14 12:53:00,139.12130737304688,139.3000030517578,138.82000732421875,138.85000610351562,240418,SPCX
2026-07-14 12:54:00,138.86000061035156,139.14990234375,138.8354034423828,139.0,154126,SPCX
2026-07-14 12:55:00,139.0,139.13999938964844,138.94000244140625,138.9600067138672,103362,SPCX
2026-07-14 12:56:00,138.9600067138672,139.0399932861328,138.63999938964844,138.77000427246094,150163,SPCX
2026-07-14 12:57:00,138.75,138.80999755859375,138.6699981689453,138.768798828125,86048,SPCX
2026-07-14 12:58:00,138.72999572753906,138.83999633789062,138.6999969482422,138.76510620117188,99048,SPCX
2026-07-14 12:59:00,138.76499938964844,138.8000030517578,138.55999755859375,138.6501007080078,116231,SPCX
2026-07-14 13:00:00,138.63999938964844,138.72999572753906,138.5,138.6300048828125,88171,SPCX
2026-07-14 13:01:00,138.6739959716797,138.67999267578125,138.4199981689453,138.60000610351562,116433,SPCX
2026-07-14 13:02:00,138.61000061035156,138.94000244140625,138.61000061035156,138.67010498046875,184677,SPCX
2026-07-14 13:03:00,138.69000244140625,138.69000244140625,138.37109375,138.38999938964844,103065,SPCX
2026-07-14 13:04:00,138.38999938964844,138.5800018310547,138.24000549316406,138.5583953857422,95324,SPCX
2026-07-14 13:05:00,138.5399932861328,138.85000610351562,138.5,138.7100067138672,86568,SPCX
2026-07-14 13:06:00,138.8199005126953,138.9499969482422,138.64500427246094,138.92999267578125,97519,SPCX
2026-07-14 13:07:00,138.9600067138672,139.14999389648438,138.9199981689453,139.0,85897,SPCX
2026-07-14 13:08:00,138.97500610351562,139.10000610351562,138.86000061035156,139.04949951171875,110102,SPCX
2026-07-14 13:09:00,139.03500366210938,139.14999389648438,138.97000122070312,139.05499267578125,57980,SPCX
2026-07-14 13:10:00,139.02000427246094,139.2100067138672,138.97000122070312,139.14500427246094,84345,SPCX
2026-07-14 13:11:00,139.16000366210938,139.2100067138672,138.75999450683594,138.8300018310547,114357,SPCX
2026-07-14 13:12:00,138.82000732421875,139.0,138.75999450683594,138.9250030517578,76944,SPCX
2026-07-14 13:13:00,138.92999267578125,138.97000122070312,138.6999969482422,138.7698974609375,72262,SPCX
2026-07-14 13:14:00,138.75999450683594,138.8000030517578,138.66000366210938,138.6750030517578,74759,SPCX
2026-07-14 13:15:00,138.69000244140625,138.72999572753906,138.50010681152344,138.5399932861328,91692,SPCX
2026-07-14 13:16:00,138.5800018310547,138.5800018310547,138.27000427246094,138.3000030517578,171201,SPCX
2026-07-14 13:17:00,138.30999755859375,138.36000061035156,138.1999969482422,138.33999633789062,95475,SPCX
2026-07-14 13:18:00,138.34500122070312,138.55999755859375,138.27999877929688,138.4600067138672,117437,SPCX
2026-07-14 13:19:00,138.4199981689453,138.47999572753906,138.3699951171875,138.468994140625,61070,SPCX
2026-07-14 13:20:00,138.47000122070312,138.47000122070312,138.30999755859375,138.3101043701172,75358,SPCX
2026-07-14 13:21:00,138.3300018310547,138.52999877929688,138.25999450683594,138.52999877929688,108073,SPCX
2026-07-14 13:22:00,138.52999877929688,138.58999633789062,138.43499755859375,138.5850067138672,60901,SPCX
2026-07-14 13:23:00,138.56019592285156,138.64999389648438,138.5399932861328,138.58999633789062,58676,SPCX
2026-07-14 13:24:00,138.61000061035156,138.77999877929688,138.58999633789062,138.64999389648438,60226,SPCX
2026-07-14 13:25:00,138.6199951171875,138.74000549316406,138.60000610351562,138.60000610351562,72240,SPCX
2026-07-14 13:26:00,138.6199951171875,138.77999877929688,138.60000610351562,138.65499877929688,42381,SPCX
2026-07-14 13:27:00,138.6999969482422,138.74000549316406,138.60000610351562,138.74000549316406,52145,SPCX
2026-07-14 13:28:00,138.6999969482422,138.82000732421875,138.6999969482422,138.75999450683594,46083,SPCX
2026-07-14 13:29:00,138.75999450683594,138.83999633789062,138.7332000732422,138.81500244140625,44360,SPCX
2026-07-14 13:30:00,138.82000732421875,138.9499053955078,138.77999877929688,138.91000366210938,54631,SPCX
2026-07-14 13:31:00,138.9149932861328,138.97000122070312,138.75,138.80999755859375,45712,SPCX
2026-07-14 13:32:00,138.83999633789062,138.83999633789062,138.48500061035156,138.58999633789062,112151,SPCX
2026-07-14 13:33:00,138.57000732421875,138.65699768066406,138.5,138.50999450683594,31503,SPCX
2026-07-14 13:34:00,138.5,138.64999389648438,138.4700927734375,138.5800018310547,49203,SPCX
2026-07-14 13:35:00,138.59500122070312,138.64999389648438,138.47000122070312,138.47000122070312,58531,SPCX
2026-07-14 13:36:00,138.47999572753906,138.64999389648438,138.47000122070312,138.61019897460938,52067,SPCX
2026-07-14 13:37:00,138.58999633789062,138.66000366210938,138.5800018310547,138.64990234375,45316,SPCX
2026-07-14 13:38:00,138.625,138.69000244140625,138.52000427246094,138.67999267578125,56693,SPCX
2026-07-14 13:39:00,138.69000244140625,138.6999969482422,138.5399932861328,138.60000610351562,36210,SPCX
2026-07-14 13:40:00,138.58999633789062,138.63999938964844,138.5,138.5,56310,SPCX
2026-07-14 13:41:00,138.51499938964844,138.66000366210938,138.49000549316406,138.5850067138672,46757,SPCX
2026-07-14 13:42:00,138.5399932861328,138.58999633789062,138.4199981689453,138.4550018310547,56530,SPCX
2026-07-14 13:43:00,138.4199981689453,138.52999877929688,138.38999938964844,138.52000427246094,60343,SPCX
2026-07-14 13:44:00,138.4949951171875,138.5207061767578,138.39999389648438,138.43499755859375,44933,SPCX
2026-07-14 13:45:00,138.43499755859375,138.5800018310547,138.39999389648438,138.42999267578125,59338,SPCX
2026-07-14 13:46:00,138.4355010986328,138.4600067138672,138.30999755859375,138.33999633789062,58334,SPCX
2026-07-14 13:47:00,138.3300018310547,138.46839904785156,138.27000427246094,138.3594970703125,75126,SPCX
2026-07-14 13:48:00,138.36000061035156,138.5,138.3300018310547,138.4600067138672,46422,SPCX
2026-07-14 13:49:00,138.44009399414062,138.44009399414062,138.30999755859375,138.389892578125,53891,SPCX
2026-07-14 13:50:00,138.35009765625,138.49819946289062,138.35000610351562,138.47999572753906,41517,SPCX
2026-07-14 13:51:00,138.49000549316406,138.50999450683594,138.42999267578125,138.47000122070312,53129,SPCX
2026-07-14 13:52:00,138.4600067138672,138.6300048828125,138.4600067138672,138.5399932861328,57774,SPCX
2026-07-14 13:53:00,138.5771026611328,138.6300048828125,138.53500366210938,138.6199951171875,34336,SPCX
2026-07-14 13:54:00,138.61500549316406,138.64999389648438,138.5500030517578,138.55999755859375,39607,SPCX
2026-07-14 13:55:00,138.55999755859375,138.7100067138672,138.4199981689453,138.61000061035156,81408,SPCX
2026-07-14 13:56:00,138.63999938964844,138.64999389648438,138.47999572753906,138.5800018310547,66794,SPCX
2026-07-14 13:57:00,138.5800018310547,138.6999969482422,138.55999755859375,138.64500427246094,59493,SPCX
2026-07-14 13:58:00,138.6199951171875,138.67999267578125,138.5500030517578,138.58999633789062,35001,SPCX
2026-07-14 13:59:00,138.58999633789062,138.66000366210938,138.55999755859375,138.61000061035156,46251,SPCX
2026-07-14 14:00:00,138.60000610351562,138.60000610351562,138.0800018310547,138.1649932861328,182797,SPCX
2026-07-14 14:01:00,138.13999938964844,138.16990661621094,138.05999755859375,138.10009765625,113660,SPCX
2026-07-14 14:02:00,138.125,138.125,137.8800048828125,138.08949279785156,434223,SPCX
2026-07-14 14:03:00,138.0800018310547,138.24000549316406,138.00010681152344,138.22000122070312,73223,SPCX
2026-07-14 14:04:00,138.22999572753906,138.3394012451172,138.11500549316406,138.2899932861328,78453,SPCX
2026-07-14 14:05:00,138.28500366210938,138.4499969482422,138.27000427246094,138.3000030517578,73619,SPCX
2026-07-14 14:06:00,138.32000732421875,138.35989379882812,138.25,138.28990173339844,53705,SPCX
2026-07-14 14:07:00,138.29299926757812,138.29299926757812,137.9199981689453,138.14950561523438,128348,SPCX
2026-07-14 14:08:00,138.10000610351562,138.27000427246094,138.06129455566406,138.17999267578125,39730,SPCX
2026-07-14 14:09:00,138.16000366210938,138.22999572753906,138.04150390625,138.13999938964844,47328,SPCX
2026-07-14 14:10:00,138.1199951171875,138.3000030517578,138.1199951171875,138.26480102539062,41169,SPCX
2026-07-14 14:11:00,138.25999450683594,138.31500244140625,138.1999969482422,138.31500244140625,56741,SPCX
2026-07-14 14:12:00,138.30999755859375,138.33999633789062,138.22000122070312,138.3000030517578,47068,SPCX
2026-07-14 14:13:00,138.30499267578125,138.42999267578125,138.27000427246094,138.39999389648438,64376,SPCX
2026-07-14 14:14:00,138.36289978027344,138.4949951171875,138.36289978027344,138.39500427246094,50601,SPCX
2026-07-14 14:15:00,138.38999938964844,138.5,138.3699951171875,138.38999938964844,59969,SPCX
2026-07-14 14:16:00,138.4199981689453,138.60000610351562,138.4149932861328,138.5399932861328,58439,SPCX
2026-07-14 14:17:00,138.49000549316406,138.55990600585938,138.3350067138672,138.35499572753906,46643,SPCX
2026-07-14 14:18:00,138.4199981689453,138.42999267578125,138.3000030517578,138.42999267578125,50340,SPCX
2026-07-14 14:19:00,138.44000244140625,138.57000732421875,138.4398956298828,138.55999755859375,50062,SPCX
2026-07-14 14:20:00,138.56500244140625,138.56500244140625,138.35000610351562,138.3699951171875,40176,SPCX
2026-07-14 14:21:00,138.33999633789062,138.37879943847656,138.25030517578125,138.3000946044922,71770,SPCX
2026-07-14 14:22:00,138.31500244140625,138.47000122070312,138.30999755859375,138.4250030517578,56930,SPCX
2026-07-14 14:23:00,138.4250030517578,138.44000244140625,138.3300018310547,138.35000610351562,38730,SPCX
2026-07-14 14:24:00,138.33999633789062,138.39999389648438,138.30999755859375,138.3249969482422,54596,SPCX
2026-07-14 14:25:00,138.30999755859375,138.44500732421875,138.2301025390625,138.39500427246094,59052,SPCX
2026-07-14 14:26:00,138.39999389648438,138.46859741210938,138.35000610351562,138.35000610351562,48450,SPCX
2026-07-14 14:27:00,138.33999633789062,138.4550018310547,138.3300018310547,138.4199981689453,40331,SPCX
2026-07-14 14:28:00,138.41900634765625,138.42999267578125,138.35000610351562,138.35000610351562,39488,SPCX
2026-07-14 14:29:00,138.35000610351562,138.37969970703125,138.27999877929688,138.3300018310547,44449,SPCX
2026-07-14 14:30:00,138.35879516601562,138.45989990234375,138.327392578125,138.3800048828125,54489,SPCX
2026-07-14 14:31:00,138.38999938964844,138.4600067138672,138.3300018310547,138.44000244140625,45304,SPCX
2026-07-14 14:32:00,138.44000244140625,138.52999877929688,138.38999938964844,138.5200958251953,52306,SPCX
2026-07-14 14:33:00,138.5200958251953,138.69500732421875,138.52000427246094,138.69500732421875,69315,SPCX
2026-07-14 14:34:00,138.6999969482422,138.7899932861328,138.61000061035156,138.6699981689453,60278,SPCX
2026-07-14 14:35:00,138.6750030517578,138.9499969482422,138.6199951171875,138.94000244140625,92682,SPCX
2026-07-14 14:36:00,138.9499969482422,139.00999450683594,138.86000061035156,138.91000366210938,99749,SPCX
2026-07-14 14:37:00,138.9250030517578,139.0,138.75,138.80999755859375,71852,SPCX
2026-07-14 14:38:00,138.8300018310547,138.89990234375,138.8000030517578,138.87989807128906,36986,SPCX
2026-07-14 14:39:00,138.86000061035156,139.0,138.85000610351562,138.99000549316406,65663,SPCX
2026-07-14 14:40:00,138.97999572753906,138.97999572753906,138.63999938964844,138.7550048828125,88739,SPCX
2026-07-14 14:41:00,138.75900268554688,138.89999389648438,138.58999633789062,138.6199951171875,340490,SPCX
2026-07-14 14:42:00,138.6199951171875,138.72900390625,138.58009338378906,138.7100067138672,72411,SPCX
2026-07-14 14:43:00,138.72000122070312,138.80499267578125,138.7100067138672,138.7449951171875,28768,SPCX
2026-07-14 14:44:00,138.7449951171875,138.92999267578125,138.74000549316406,138.9199981689453,63715,SPCX
2026-07-14 14:45:00,138.9199981689453,138.9199981689453,138.8105010986328,138.88999938964844,28530,SPCX
2026-07-14 14:46:00,138.88999938964844,139.02000427246094,138.88499450683594,138.9949951171875,48016,SPCX
2026-07-14 14:47:00,139.0198974609375,139.02999877929688,138.91000366210938,138.9499969482422,69408,SPCX
2026-07-14 14:48:00,138.9528045654297,138.99989318847656,138.77999877929688,138.81500244140625,43121,SPCX
2026-07-14 14:49:00,138.81500244140625,138.9149932861328,138.8000030517578,138.8300018310547,28147,SPCX
2026-07-14 14:50:00,138.8699951171875,138.8997039794922,138.74000549316406,138.8000030517578,33015,SPCX
2026-07-14 14:51:00,138.76499938964844,138.8300018310547,138.72999572753906,138.77999877929688,32984,SPCX
2026-07-14 14:52:00,138.7899932861328,138.8000030517578,138.64999389648438,138.66000366210938,64330,SPCX
2026-07-14 14:53:00,138.66000366210938,138.89999389648438,138.66000366210938,138.8300018310547,55280,SPCX
2026-07-14 14:54:00,138.85499572753906,138.89999389648438,138.8000030517578,138.8249969482422,29657,SPCX
2026-07-14 14:55:00,138.80999755859375,138.85000610351562,138.7548065185547,138.7949981689453,40610,SPCX
2026-07-14 14:56:00,138.7949981689453,138.83999633789062,138.72999572753906,138.75999450683594,28682,SPCX
2026-07-14 14:57:00,138.7637939453125,138.8800048828125,138.7637939453125,138.8000030517578,49331,SPCX
2026-07-14 14:58:00,138.80999755859375,138.82899475097656,138.71499633789062,138.72999572753906,36849,SPCX
2026-07-14 14:59:00,138.75,138.75,138.55999755859375,138.66009521484375,57541,SPCX
2026-07-14 15:00:00,138.6699981689453,138.77999877929688,138.6199951171875,138.75,40809,SPCX
2026-07-14 15:01:00,138.77999877929688,138.77999877929688,138.6699981689453,138.72999572753906,39921,SPCX
2026-07-14 15:02:00,138.71009826660156,138.89999389648438,138.71009826660156,138.74000549316406,66827,SPCX
2026-07-14 15:03:00,138.7198944091797,138.7899932861328,138.6999969482422,138.77999877929688,43069,SPCX
2026-07-14 15:04:00,138.77999877929688,138.9199981689453,138.72999572753906,138.85000610351562,46848,SPCX
2026-07-14 15:05:00,138.875,138.89990234375,138.63999938964844,138.6699981689453,46087,SPCX
2026-07-14 15:06:00,138.69000244140625,138.76499938964844,138.6199951171875,138.70889282226562,40524,SPCX
2026-07-14 15:07:00,138.7100067138672,138.73500061035156,138.61000061035156,138.63999938964844,48349,SPCX
2026-07-14 15:08:00,138.63999938964844,138.75,138.60000610351562,138.6750030517578,34110,SPCX
2026-07-14 15:09:00,138.6750030517578,138.7100067138672,138.6300048828125,138.66000366210938,28488,SPCX
2026-07-14 15:10:00,138.67999267578125,138.69000244140625,138.55999755859375,138.69000244140625,43971,SPCX
2026-07-14 15:11:00,138.69000244140625,138.6999969482422,138.33999633789062,138.38999938964844,102427,SPCX
2026-07-14 15:12:00,138.3800048828125,138.61000061035156,138.3800048828125,138.60000610351562,51446,SPCX
2026-07-14 15:13:00,138.61000061035156,138.8800048828125,138.5800018310547,138.85499572753906,58671,SPCX
2026-07-14 15:14:00,138.8300018310547,138.97000122070312,138.6300048828125,138.72999572753906,56830,SPCX
2026-07-14 15:15:00,138.7100067138672,138.77999877929688,138.6699981689453,138.72999572753906,29214,SPCX
2026-07-14 15:16:00,138.7449951171875,138.7899932861328,138.66000366210938,138.7050018310547,36571,SPCX
2026-07-14 15:17:00,138.72000122070312,138.8199005126953,138.64999389648438,138.7100067138672,54825,SPCX
2026-07-14 15:18:00,138.71499633789062,138.80999755859375,138.50999450683594,138.56500244140625,63501,SPCX
2026-07-14 15:19:00,138.5500030517578,138.61000061035156,138.50999450683594,138.5500030517578,41678,SPCX
2026-07-14 15:20:00,138.5800018310547,138.59500122070312,138.35000610351562,138.43499755859375,62950,SPCX
2026-07-14 15:21:00,138.44610595703125,138.5399932861328,138.3699951171875,138.48500061035156,47088,SPCX
2026-07-14 15:22:00,138.48500061035156,138.5399932861328,138.41000366210938,138.4600067138672,37737,SPCX
2026-07-14 15:23:00,138.4550018310547,138.50999450683594,138.4199981689453,138.49000549316406,33799,SPCX
2026-07-14 15:24:00,138.50999450683594,138.58999633789062,138.4499969482422,138.5,47204,SPCX
2026-07-14 15:25:00,138.5,138.5,138.1999969482422,138.27999877929688,111714,SPCX
2026-07-14 15:26:00,138.28419494628906,138.28419494628906,138.07000732421875,138.19000244140625,107782,SPCX
2026-07-14 15:27:00,138.16000366210938,138.24000549316406,138.13999938964844,138.15989685058594,95777,SPCX
2026-07-14 15:28:00,138.16000366210938,138.27999877929688,138.16000366210938,138.21339416503906,53361,SPCX
2026-07-14 15:29:00,138.2100067138672,138.2799072265625,138.09500122070312,138.1300048828125,88067,SPCX
2026-07-14 15:30:00,138.1300048828125,138.14999389648438,137.72000122070312,137.75,294864,SPCX
2026-07-14 15:31:00,137.75,137.8800048828125,137.67979431152344,137.82000732421875,167344,SPCX
2026-07-14 15:32:00,137.8000030517578,137.86990356445312,137.75,137.8000030517578,86283,SPCX
2026-07-14 15:33:00,137.8000030517578,137.81979370117188,137.66000366210938,137.67799377441406,104336,SPCX
2026-07-14 15:34:00,137.6699981689453,137.67999267578125,137.52000427246094,137.58230590820312,150611,SPCX
2026-07-14 15:35:00,137.55999755859375,137.59959411621094,137.27999877929688,137.36990356445312,224677,SPCX
2026-07-14 15:36:00,137.33999633789062,137.49159240722656,137.27999877929688,137.44000244140625,109997,SPCX
2026-07-14 15:37:00,137.44000244140625,137.58999633789062,137.39500427246094,137.4492950439453,90520,SPCX
2026-07-14 15:38:00,137.44000244140625,137.4499969482422,137.2899932861328,137.36000061035156,114092,SPCX
2026-07-14 15:39:00,137.38999938964844,137.42999267578125,137.30999755859375,137.30999755859375,68256,SPCX
2026-07-14 15:40:00,137.3101043701172,137.34500122070312,137.07000732421875,137.13999938964844,218904,SPCX
2026-07-14 15:41:00,137.13999938964844,137.22999572753906,136.9344940185547,136.9600067138672,362400,SPCX
2026-07-14 15:42:00,136.9499969482422,137.07000732421875,136.92999267578125,137.0498046875,153727,SPCX
2026-07-14 15:43:00,137.04989624023438,137.11000061035156,137.00999450683594,137.0800018310547,81263,SPCX
2026-07-14 15:44:00,137.0800018310547,137.14999389648438,137.0,137.0500946044922,121478,SPCX
2026-07-14 15:45:00,137.05499267578125,137.1300048828125,136.99000549316406,137.0399932861328,158769,SPCX
2026-07-14 15:46:00,137.02499389648438,137.05999755859375,136.83009338378906,136.8800048828125,221361,SPCX
2026-07-14 15:47:00,136.875,136.97999572753906,136.86000061035156,136.92999267578125,121931,SPCX
2026-07-14 15:48:00,136.92010498046875,136.9499969482422,136.82000732421875,136.82000732421875,145786,SPCX
2026-07-14 15:49:00,136.82000732421875,136.875,136.72000122070312,136.75,492300,SPCX
2026-07-14 15:50:00,136.75999450683594,136.86990356445312,136.64999389648438,136.77999877929688,198842,SPCX
2026-07-14 15:51:00,136.7899932861328,136.97999572753906,136.73480224609375,136.85000610351562,252276,SPCX
2026-07-14 15:52:00,136.85000610351562,136.9438934326172,136.75999450683594,136.85000610351562,219115,SPCX
2026-07-14 15:53:00,136.83999633789062,136.97000122070312,136.66000366210938,136.74000549316406,192763,SPCX
2026-07-14 15:54:00,136.72000122070312,136.77000427246094,136.22000122070312,136.23500061035156,444854,SPCX
2026-07-14 15:55:00,136.27000427246094,136.35000610351562,136.05099487304688,136.0800018310547,437039,SPCX
2026-07-14 15:56:00,136.08999633789062,136.2100067138672,136.07000732421875,136.13999938964844,325130,SPCX
2026-07-14 15:57:00,136.13499450683594,136.14999389648438,136.0,136.0751953125,619431,SPCX
2026-07-14 15:58:00,136.07000732421875,136.1699981689453,136.0,136.0177001953125,600712,SPCX
2026-07-14 15:59:00,136.02000427246094,136.27999877929688,135.92999267578125,136.1199951171875,930972,SPCX
2026-07-15 09:30:00,137.30499267578125,137.30499267578125,137.30499267578125,137.30499267578125,2373974,SPCX
2026-07-15 09:31:00,137.3300018310547,138.10000610351562,137.27000427246094,138.0399932861328,232414,SPCX
2026-07-15 09:32:00,138.0500030517578,138.0749969482422,137.69000244140625,138.00999450683594,205089,SPCX
2026-07-15 09:33:00,137.97000122070312,138.0,137.6199951171875,137.89999389648438,143332,SPCX
2026-07-15 09:34:00,137.80999755859375,138.64999389648438,137.80999755859375,138.38999938964844,314651,SPCX
2026-07-15 09:35:00,138.3800048828125,139.25,138.3800048828125,139.00999450683594,617958,SPCX
2026-07-15 09:36:00,138.9499969482422,139.33999633789062,138.8800048828125,139.3000030517578,254878,SPCX
2026-07-15 09:37:00,139.1999969482422,139.2899932861328,138.72999572753906,138.75999450683594,218509,SPCX
2026-07-15 09:38:00,138.72999572753906,138.89939880371094,138.39999389648438,138.60000610351562,202107,SPCX
2026-07-15 09:39:00,138.5,138.79449462890625,138.2581024169922,138.60499572753906,149397,SPCX
2026-07-15 09:40:00,138.55999755859375,138.6074981689453,138.07000732421875,138.16000366210938,224434,SPCX
2026-07-15 09:41:00,138.08999633789062,138.63999938964844,138.08999633789062,138.22500610351562,142013,SPCX
2026-07-15 09:42:00,138.16000366210938,138.39990234375,138.0500030517578,138.3300018310547,174187,SPCX
2026-07-15 09:43:00,138.27000427246094,138.5500030517578,138.25,138.3000030517578,142476,SPCX
2026-07-15 09:44:00,138.35000610351562,138.48989868164062,138.1999969482422,138.25999450683594,135171,SPCX
2026-07-15 09:45:00,138.31500244140625,138.4199981689453,137.89999389648438,138.0399932861328,190309,SPCX
2026-07-15 09:46:00,138.0399932861328,138.0449981689453,137.61000061035156,137.9600067138672,172054,SPCX
2026-07-15 09:47:00,137.97000122070312,138.02000427246094,137.64999389648438,137.83999633789062,128517,SPCX
2026-07-15 09:48:00,137.8699951171875,138.02999877929688,137.78500366210938,137.8000030517578,108446,SPCX
2026-07-15 09:49:00,137.82000732421875,137.85000610351562,137.5,137.7100067138672,200167,SPCX
2026-07-15 09:50:00,137.7899932861328,137.85000610351562,137.14999389648438,137.3699951171875,197094,SPCX
2026-07-15 09:51:00,137.34010314941406,137.86000061035156,137.13999938964844,137.8000030517578,145295,SPCX
2026-07-15 09:52:00,137.7989959716797,138.25999450683594,137.64999389648438,138.2550048828125,223813,SPCX
2026-07-15 09:53:00,138.24000549316406,138.2799072265625,137.75,137.84500122070312,107230,SPCX
2026-07-15 09:54:00,137.84500122070312,138.25,137.8000030517578,138.02999877929688,174407,SPCX
2026-07-15 09:55:00,138.03500366210938,138.1999969482422,137.83999633789062,137.9250030517578,83808,SPCX
2026-07-15 09:56:00,137.9250030517578,137.99000549316406,137.64999389648438,137.64999389648438,85682,SPCX
2026-07-15 09:57:00,137.69000244140625,138.16000366210938,137.6699981689453,138.14999389648438,95279,SPCX
2026-07-15 09:58:00,138.11000061035156,138.47000122070312,138.01649475097656,138.2449951171875,121811,SPCX
2026-07-15 09:59:00,138.27000427246094,138.29989624023438,137.88999938964844,138.0449981689453,80557,SPCX
2026-07-15 10:00:00,138.07000732421875,138.25,137.89999389648438,137.9499969482422,79674,SPCX
2026-07-15 10:01:00,137.89999389648438,138.11000061035156,137.8000030517578,137.86900329589844,72836,SPCX
2026-07-15 10:02:00,137.88450622558594,137.9499969482422,137.75,137.889892578125,49845,SPCX
2026-07-15 10:03:00,137.8300018310547,138.10000610351562,137.8300018310547,138.02499389648438,66618,SPCX
2026-07-15 10:04:00,138.02499389648438,138.08999633789062,137.8800048828125,138.0,79927,SPCX
2026-07-15 10:05:00,138.0,138.02000427246094,137.63270568847656,137.69000244140625,86159,SPCX
2026-07-15 10:06:00,137.69000244140625,138.02000427246094,137.55999755859375,137.9550018310547,112288,SPCX
2026-07-15 10:07:00,137.94500732421875,137.99000549316406,137.76010131835938,137.85000610351562,47888,SPCX
2026-07-15 10:08:00,137.83999633789062,137.8699951171875,137.52999877929688,137.5500030517578,74661,SPCX
2026-07-15 10:09:00,137.56500244140625,137.77000427246094,137.5,137.7550048828125,97409,SPCX
2026-07-15 10:10:00,137.76499938964844,137.9499969482422,137.75999450683594,137.84010314941406,80159,SPCX
2026-07-15 10:11:00,137.8699951171875,138.0399932861328,137.6999969482422,138.0050048828125,123460,SPCX
2026-07-15 10:12:00,138.0050048828125,138.11000061035156,137.86500549316406,138.0699005126953,145716,SPCX
2026-07-15 10:13:00,138.05999755859375,138.05999755859375,137.8000030517578,137.9600067138672,63958,SPCX
2026-07-15 10:14:00,137.92999267578125,138.0,137.75,137.78939819335938,74676,SPCX
2026-07-15 10:15:00,137.78050231933594,137.78500366210938,137.1800994873047,137.52000427246094,173882,SPCX
2026-07-15 10:16:00,137.50999450683594,137.68499755859375,137.3699951171875,137.57000732421875,112580,SPCX
2026-07-15 10:17:00,137.5449981689453,137.66990661621094,137.44500732421875,137.5749969482422,81739,SPCX
2026-07-15 10:18:00,137.56199645996094,137.67999267578125,137.5,137.5500030517578,96865,SPCX
2026-07-15 10:19:00,137.5500030517578,137.55799865722656,137.00999450683594,137.0399932861328,155276,SPCX
2026-07-15 10:20:00,137.02999877929688,137.05499267578125,136.66000366210938,136.83999633789062,329883,SPCX
2026-07-15 10:21:00,136.8498992919922,137.1199951171875,136.72000122070312,137.11000061035156,118207,SPCX
2026-07-15 10:22:00,137.08999633789062,137.14500427246094,136.84500122070312,136.89999389648438,79614,SPCX
2026-07-15 10:23:00,136.9199981689453,136.97000122070312,136.67999267578125,136.77000427246094,176406,SPCX
2026-07-15 10:24:00,136.7899932861328,136.82989501953125,136.44000244140625,136.70010375976562,193512,SPCX
2026-07-15 10:25:00,136.71499633789062,136.9499969482422,136.64059448242188,136.9199981689453,89481,SPCX
2026-07-15 10:26:00,136.9199981689453,137.14999389648438,136.82009887695312,137.14999389648438,118188,SPCX
2026-07-15 10:27:00,137.19949340820312,137.4499969482422,137.00070190429688,137.00070190429688,97388,SPCX
2026-07-15 10:28:00,137.02499389648438,137.3699951171875,137.0,137.1999969482422,74563,SPCX
2026-07-15 10:29:00,137.17999267578125,137.4600067138672,137.0,137.1999053955078,89075,SPCX
2026-07-15 10:30:00,137.1300048828125,137.15809631347656,136.6999969482422,137.052001953125,136284,SPCX
2026-07-15 10:31:00,137.0010986328125,137.08999633789062,136.91009521484375,136.96499633789062,58752,SPCX
2026-07-15 10:32:00,136.9600067138672,137.07000732421875,136.75,137.00999450683594,99787,SPCX
2026-07-15 10:33:00,137.03500366210938,137.0800018310547,136.9600067138672,137.07000732421875,49892,SPCX
2026-07-15 10:34:00,137.0749969482422,137.1898956298828,136.97999572753906,137.0749969482422,57757,SPCX
2026-07-15 10:35:00,137.0749969482422,137.25999450683594,137.00999450683594,137.08999633789062,65950,SPCX
2026-07-15 10:36:00,137.10159301757812,137.11000061035156,136.75,136.75,66109,SPCX
2026-07-15 10:37:00,136.75999450683594,136.89999389648438,136.64999389648438,136.77999877929688,85164,SPCX
2026-07-15 10:38:00,136.82000732421875,136.8300018310547,136.55999755859375,136.5800018310547,86809,SPCX
2026-07-15 10:39:00,136.57260131835938,136.69000244140625,136.5,136.60000610351562,102616,SPCX
2026-07-15 10:40:00,136.63999938964844,136.67999267578125,136.44000244140625,136.52999877929688,117775,SPCX
2026-07-15 10:41:00,136.52000427246094,136.5399932861328,136.25,136.41990661621094,153002,SPCX
2026-07-15 10:42:00,136.35000610351562,136.4197998046875,136.1199951171875,136.2050018310547,171562,SPCX
2026-07-15 10:43:00,136.16050720214844,136.41000366210938,136.10000610351562,136.35800170898438,174467,SPCX
2026-07-15 10:44:00,136.3800048828125,136.51499938964844,136.2949981689453,136.47000122070312,98210,SPCX
2026-07-15 10:45:00,136.4499969482422,136.47000122070312,136.3000030517578,136.31500244140625,70126,SPCX
2026-07-15 10:46:00,136.27000427246094,136.3000030517578,136.10000610351562,136.1699981689453,83477,SPCX
2026-07-15 10:47:00,136.16000366210938,136.33999633789062,136.14010620117188,136.29339599609375,100538,SPCX
2026-07-15 10:48:00,136.3000030517578,136.35000610351562,136.22999572753906,136.2550048828125,118224,SPCX
2026-07-15 10:49:00,136.2550048828125,136.55999755859375,136.1999969482422,136.51930236816406,92118,SPCX
2026-07-15 10:50:00,136.49000549316406,136.64999389648438,136.4700927734375,136.50999450683594,81714,SPCX
2026-07-15 10:51:00,136.52000427246094,136.5998992919922,136.4199981689453,136.55050659179688,70245,SPCX
2026-07-15 10:52:00,136.5800018310547,136.83999633789062,136.57000732421875,136.6699981689453,83330,SPCX
2026-07-15 10:53:00,136.63999938964844,136.6999969482422,136.57000732421875,136.6199951171875,59032,SPCX
2026-07-15 10:54:00,136.61000061035156,136.7886962890625,136.5800018310547,136.75,69380,SPCX
2026-07-15 10:55:00,136.77000427246094,136.9199981689453,136.64999389648438,136.8199005126953,72799,SPCX
2026-07-15 10:56:00,136.82000732421875,137.0,136.77000427246094,136.97000122070312,68231,SPCX
2026-07-15 10:57:00,136.9967041015625,137.0399932861328,136.86000061035156,136.92140197753906,92670,SPCX
2026-07-15 10:58:00,136.9499969482422,136.9600067138672,136.75,136.8000030517578,52198,SPCX
2026-07-15 10:59:00,136.81109619140625,136.91000366210938,136.6699981689453,136.91000366210938,57407,SPCX
2026-07-15 11:00:00,136.91000366210938,136.91000366210938,136.6199951171875,136.75599670410156,67643,SPCX
2026-07-15 11:01:00,136.72000122070312,136.826904296875,136.6999969482422,136.78500366210938,31470,SPCX
2026-07-15 11:02:00,136.78500366210938,136.9199981689453,136.74000549316406,136.88980102539062,46827,SPCX
2026-07-15 11:03:00,136.9199981689453,136.9698944091797,136.8000030517578,136.88499450683594,37279,SPCX
2026-07-15 11:04:00,136.8800048828125,136.8800048828125,136.7613067626953,136.82989501953125,43480,SPCX
2026-07-15 11:05:00,136.8300018310547,136.9199981689453,136.67999267578125,136.8300018310547,67266,SPCX
2026-07-15 11:06:00,136.8249969482422,137.0,136.8249969482422,136.98500061035156,57956,SPCX
2026-07-15 11:07:00,136.99949645996094,137.22500610351562,136.97000122070312,137.16000366210938,152972,SPCX
2026-07-15 11:08:00,137.17999267578125,137.17999267578125,136.92999267578125,136.93499755859375,61612,SPCX
2026-07-15 11:09:00,137.0,137.08999633789062,136.94009399414062,137.02999877929688,56120,SPCX
2026-07-15 11:10:00,137.00999450683594,137.00999450683594,136.8300018310547,136.91000366210938,68203,SPCX
2026-07-15 11:11:00,136.88499450683594,136.9799041748047,136.83009338378906,136.86500549316406,43253,SPCX
2026-07-15 11:12:00,136.86500549316406,136.89999389648438,136.625,136.65240478515625,79897,SPCX
2026-07-15 11:13:00,136.6199951171875,136.7198944091797,136.42999267578125,136.47000122070312,85348,SPCX
2026-07-15 11:14:00,136.4499969482422,136.60000610351562,136.33009338378906,136.47000122070312,77244,SPCX
2026-07-15 11:15:00,136.47000122070312,136.5,136.10000610351562,136.1300048828125,157925,SPCX
2026-07-15 11:16:00,136.1278076171875,136.17999267578125,135.9199981689453,135.9799041748047,436217,SPCX
2026-07-15 11:17:00,135.9499969482422,136.07000732421875,135.83999633789062,135.94000244140625,198430,SPCX
2026-07-15 11:18:00,135.92999267578125,136.02999877929688,135.89999389648438,135.93850708007812,80502,SPCX
2026-07-15 11:19:00,135.9250030517578,136.14999389648438,135.9250030517578,136.08999633789062,94607,SPCX
2026-07-15 11:20:00,136.0850067138672,136.1199951171875,135.5200958251953,135.64500427246094,302564,SPCX
2026-07-15 11:21:00,135.64500427246094,135.7899932861328,135.42010498046875,135.68499755859375,116707,SPCX
2026-07-15 11:22:00,135.72000122070312,135.74000549316406,135.39999389648438,135.52499389648438,282907,SPCX
2026-07-15 11:23:00,135.52000427246094,135.63999938964844,135.5,135.63999938964844,109027,SPCX
2026-07-15 11:24:00,135.64999389648438,135.7812957763672,135.60000610351562,135.7812957763672,99798,SPCX
2026-07-15 11:25:00,135.77499389648438,135.7899932861328,135.58999633789062,135.64999389648438,81626,SPCX
2026-07-15 11:26:00,135.65969848632812,135.77000427246094,135.39999389648438,135.4199981689453,106628,SPCX
2026-07-15 11:27:00,135.4199981689453,135.5,135.3300018310547,135.44500732421875,193998,SPCX
2026-07-15 11:28:00,135.4600067138672,135.85000610351562,135.4550018310547,135.73500061035156,169376,SPCX
2026-07-15 11:29:00,135.73500061035156,135.90499877929688,135.7100067138672,135.90499877929688,84427,SPCX
2026-07-15 11:30:00,135.89010620117188,135.94000244140625,135.7899932861328,135.86000061035156,72506,SPCX
2026-07-15 11:31:00,135.84500122070312,135.94000244140625,135.67999267578125,135.9149932861328,88971,SPCX
2026-07-15 11:32:00,135.9199981689453,136.08990478515625,135.89999389648438,136.07000732421875,85533,SPCX
2026-07-15 11:33:00,136.07000732421875,136.13999938964844,135.97999572753906,136.11000061035156,114656,SPCX
2026-07-15 11:34:00,136.10049438476562,136.27000427246094,136.0500030517578,136.24000549316406,110692,SPCX
2026-07-15 11:35:00,136.24000549316406,136.24000549316406,135.97000122070312,136.1291961669922,100155,SPCX
2026-07-15 11:36:00,136.13999938964844,136.3000030517578,136.125,136.27000427246094,57219,SPCX
2026-07-15 11:37:00,136.26499938964844,136.41000366210938,136.11000061035156,136.2949981689453,85305,SPCX
2026-07-15 11:38:00,136.32000732421875,136.5500030517578,136.25999450683594,136.52000427246094,120973,SPCX
2026-07-15 11:39:00,136.481201171875,136.52000427246094,136.360107421875,136.47999572753906,67400,SPCX
2026-07-15 11:40:00,136.49000549316406,136.49000549316406,136.22999572753906,136.2899932861328,59840,SPCX
2026-07-15 11:41:00,136.27000427246094,136.35000610351562,136.17379760742188,136.22999572753906,50226,SPCX
2026-07-15 11:42:00,136.21499633789062,136.27999877929688,136.0500030517578,136.27000427246094,61330,SPCX
2026-07-15 11:43:00,136.27999877929688,136.36990356445312,136.1999969482422,136.3000030517578,49261,SPCX
2026-07-15 11:44:00,136.3000946044922,136.42999267578125,136.29010009765625,136.42999267578125,43238,SPCX
2026-07-15 11:45:00,136.42999267578125,136.44000244140625,136.27999877929688,136.3699951171875,57774,SPCX
2026-07-15 11:46:00,136.34010314941406,136.3699951171875,136.27000427246094,136.3699951171875,36097,SPCX
2026-07-15 11:47:00,136.375,136.3990020751953,136.22000122070312,136.2550048828125,41077,SPCX
2026-07-15 11:48:00,136.25,136.3000030517578,136.1300048828125,136.28990173339844,48758,SPCX
2026-07-15 11:49:00,136.2489013671875,136.38999938964844,136.22500610351562,136.2700958251953,40252,SPCX
2026-07-15 11:50:00,136.28500366210938,136.29930114746094,136.10000610351562,136.10000610351562,44766,SPCX
2026-07-15 11:51:00,136.125,136.1999969482422,135.89999389648438,135.90989685058594,131091,SPCX
2026-07-15 11:52:00,135.92999267578125,135.97000122070312,135.6999969482422,135.71499633789062,88935,SPCX
2026-07-15 11:53:00,135.72000122070312,135.91000366210938,135.6999969482422,135.81500244140625,68736,SPCX
2026-07-15 11:54:00,135.80999755859375,135.86000061035156,135.6999969482422,135.86000061035156,60896,SPCX
2026-07-15 11:55:00,135.8699951171875,135.9600067138672,135.77059936523438,135.7899932861328,74423,SPCX
2026-07-15 11:56:00,135.7899932861328,135.88999938964844,135.77000427246094,135.83999633789062,79358,SPCX
2026-07-15 11:57:00,135.85000610351562,135.8800048828125,135.74000549316406,135.789306640625,49319,SPCX
2026-07-15 11:58:00,135.79010009765625,135.94000244140625,135.7899932861328,135.8300018310547,48088,SPCX
2026-07-15 11:59:00,135.86000061035156,135.88429260253906,135.72000122070312,135.73500061035156,56505,SPCX
2026-07-15 12:00:00,135.7205047607422,135.85499572753906,135.67999267578125,135.6999969482422,76463,SPCX
2026-07-15 12:01:00,135.7100067138672,135.72000122070312,135.4199981689453,135.42010498046875,154719,SPCX
2026-07-15 12:02:00,135.4199981689453,135.49000549316406,135.32009887695312,135.46499633789062,85245,SPCX
2026-07-15 12:03:00,135.4550018310547,135.4550018310547,135.1699981689453,135.19000244140625,414191,SPCX
2026-07-15 12:04:00,135.1999969482422,135.3000030517578,135.1699981689453,135.25,150086,SPCX
2026-07-15 12:05:00,135.24000549316406,135.24000549316406,133.69000244140625,133.71499633789062,4756618,SPCX
2026-07-15 12:06:00,133.69000244140625,134.10000610351562,133.35000610351562,133.8000030517578,898482,SPCX
2026-07-15 12:07:00,133.8094940185547,134.0800018310547,133.6199951171875,133.82000732421875,309987,SPCX
2026-07-15 12:08:00,133.8199005126953,133.8800048828125,133.14999389648438,133.1750030517578,425730,SPCX
2026-07-15 12:09:00,133.17999267578125,133.2899932861328,132.86000061035156,132.92959594726562,607602,SPCX
2026-07-15 12:10:00,132.90499877929688,132.9600067138672,132.5,132.5001983642578,396789,SPCX
2026-07-15 12:11:00,132.50999450683594,132.67999267578125,132.1501007080078,132.32960510253906,400162,SPCX
2026-07-15 12:12:00,132.28550720214844,132.7899932861328,132.1999969482422,132.72500610351562,407106,SPCX
2026-07-15 12:13:00,132.74000549316406,132.85000610351562,132.3300018310547,132.55999755859375,236363,SPCX
2026-07-15 12:14:00,132.52000427246094,132.77999877929688,132.3800048828125,132.68499755859375,182036,SPCX
2026-07-15 12:15:00,132.69500732421875,133.3000030517578,132.6199951171875,133.23500061035156,298709,SPCX
2026-07-15 12:16:00,133.20120239257812,133.25,132.94000244140625,133.19920349121094,212490,SPCX
2026-07-15 12:17:00,133.18499755859375,133.37989807128906,133.13999938964844,133.32000732421875,168273,SPCX
2026-07-15 12:18:00,133.3000030517578,133.5,133.1999969482422,133.47999572753906,182797,SPCX
2026-07-15 12:19:00,133.47999572753906,133.58999633789062,133.27999877929688,133.3249969482422,143817,SPCX
2026-07-15 12:20:00,133.3249969482422,133.38999938964844,133.2301025390625,133.2899932861328,129926,SPCX
2026-07-15 12:21:00,133.2899932861328,133.39999389648438,133.22000122070312,133.24000549316406,126503,SPCX
2026-07-15 12:22:00,133.24000549316406,133.55999755859375,133.24000549316406,133.44000244140625,145535,SPCX
2026-07-15 12:23:00,133.44000244140625,133.6300048828125,133.3000030517578,133.61940002441406,131384,SPCX
2026-07-15 12:24:00,133.55999755859375,133.6699981689453,133.25,133.36000061035156,213364,SPCX
2026-07-15 12:25:00,133.410400390625,133.66000366210938,133.3249969482422,133.52000427246094,190426,SPCX
2026-07-15 12:26:00,133.52000427246094,133.72950744628906,133.45989990234375,133.64990234375,132181,SPCX
2026-07-15 12:27:00,133.66000366210938,133.6999969482422,133.54010009765625,133.66600036621094,92502,SPCX
2026-07-15 12:28:00,133.67990112304688,133.85000610351562,133.6300048828125,133.8300018310547,137243,SPCX
2026-07-15 12:29:00,133.83999633789062,133.94000244140625,133.67999267578125,133.6999969482422,191337,SPCX
2026-07-15 12:30:00,133.72999572753906,133.75,133.1999969482422,133.56500244140625,183074,SPCX
2026-07-15 12:31:00,133.60000610351562,133.60000610351562,133.33999633789062,133.4499969482422,96562,SPCX
2026-07-15 12:32:00,133.4499969482422,133.5,133.3000030517578,133.3699951171875,104517,SPCX
2026-07-15 12:33:00,133.3800048828125,133.41000366210938,133.0500030517578,133.21009826660156,105441,SPCX
2026-07-15 12:34:00,133.22999572753906,133.38949584960938,132.8800048828125,133.11000061035156,268660,SPCX
2026-07-15 12:35:00,133.0800018310547,133.14500427246094,132.84010314941406,132.97000122070312,152710,SPCX
2026-07-15 12:36:00,132.97999572753906,133.0,132.6300048828125,132.69000244140625,126380,SPCX
2026-07-15 12:37:00,132.6699981689453,132.75,132.64999389648438,132.72999572753906,105949,SPCX
2026-07-15 12:38:00,132.72999572753906,132.75999450683594,132.52999877929688,132.57000732421875,133387,SPCX
2026-07-15 12:39:00,132.57000732421875,132.75,132.5,132.5500030517578,137791,SPCX
2026-07-15 12:40:00,132.5500030517578,132.96499633789062,132.5399932861328,132.64999389648438,108143,SPCX
2026-07-15 12:41:00,132.63999938964844,132.89990234375,132.44000244140625,132.77999877929688,236069,SPCX
2026-07-15 12:42:00,132.77000427246094,132.94000244140625,132.72650146484375,132.90499877929688,85341,SPCX
2026-07-15 12:43:00,132.9199981689453,133.25999450683594,132.86000061035156,133.22000122070312,174081,SPCX
2026-07-15 12:44:00,133.1999969482422,133.44000244140625,133.05999755859375,133.10000610351562,185160,SPCX
2026-07-15 12:45:00,133.1300048828125,133.27000427246094,132.92010498046875,133.10499572753906,118360,SPCX
2026-07-15 12:46:00,133.10000610351562,133.5500030517578,133.05299377441406,133.3300018310547,131782,SPCX
2026-07-15 12:47:00,133.27999877929688,133.5399932861328,133.20230102539062,133.2899932861328,110711,SPCX
2026-07-15 12:48:00,133.3300018310547,133.3699951171875,133.02000427246094,133.1699981689453,78361,SPCX
2026-07-15 12:49:00,133.15499877929688,133.2595977783203,133.10000610351562,133.19500732421875,74173,SPCX
2026-07-15 12:50:00,133.1699981689453,133.47999572753906,133.1699981689453,133.25999450683594,98527,SPCX
2026-07-15 12:51:00,133.3000946044922,133.5,133.1999969482422,133.22000122070312,1160681,SPCX
2026-07-15 12:52:00,133.2100067138672,133.4499969482422,133.2100067138672,133.39999389648438,102918,SPCX
2026-07-15 12:53:00,133.3800048828125,133.88999938964844,133.3699951171875,133.78500366210938,233435,SPCX
2026-07-15 12:54:00,133.75999450683594,133.80999755859375,133.67999267578125,133.77999877929688,120961,SPCX
2026-07-15 12:55:00,133.8000030517578,134.10000610351562,133.66050720214844,133.67999267578125,163695,SPCX
2026-07-15 12:56:00,133.66000366210938,133.89999389648438,133.65460205078125,133.7550048828125,87841,SPCX
2026-07-15 12:57:00,133.75,134.0,133.75,133.9499969482422,62426,SPCX
2026-07-15 12:58:00,133.94000244140625,134.0500030517578,133.91000366210938,133.97000122070312,78008,SPCX
2026-07-15 12:59:00,133.9600067138672,134.17990112304688,133.9499969482422,134.13999938964844,119284,SPCX
2026-07-15 13:00:00,134.13999938964844,134.58999633789062,134.0500030517578,134.39500427246094,223375,SPCX
2026-07-15 13:01:00,134.3800048828125,134.6699981689453,134.33999633789062,134.4600067138672,296586,SPCX
2026-07-15 13:02:00,134.4550018310547,134.6999969482422,134.4499969482422,134.60499572753906,143625,SPCX
2026-07-15 13:03:00,134.5919952392578,134.82000732421875,134.5500030517578,134.75990295410156,94878,SPCX
2026-07-15 13:04:00,134.7270050048828,134.85000610351562,134.69000244140625,134.75660705566406,125300,SPCX
2026-07-15 13:05:00,134.7449951171875,134.89999389648438,134.7100067138672,134.7100067138672,120466,SPCX
2026-07-15 13:06:00,134.7595977783203,134.9600067138672,134.69000244140625,134.72999572753906,143230,SPCX
2026-07-15 13:07:00,134.72000122070312,134.80999755859375,134.61000061035156,134.70010375976562,117278,SPCX
2026-07-15 13:08:00,134.70010375976562,135.11000061035156,134.6999969482422,135.02999877929688,207229,SPCX
2026-07-15 13:09:00,135.02999877929688,135.27999877929688,135.0,135.22000122070312,160754,SPCX
2026-07-15 13:10:00,135.22500610351562,135.24949645996094,135.02999877929688,135.08999633789062,165954,SPCX
2026-07-15 13:11:00,135.08999633789062,135.14999389648438,134.75999450683594,134.89999389648438,171639,SPCX
2026-07-15 13:12:00,134.86000061035156,135.0,134.82000732421875,134.9250030517578,108011,SPCX
2026-07-15 13:13:00,134.92999267578125,135.0,134.61160278320312,134.72000122070312,101548,SPCX
2026-07-15 13:14:00,134.72000122070312,134.88999938964844,134.44000244140625,134.4550018310547,161382,SPCX
2026-07-15 13:15:00,134.4600067138672,134.5800018310547,134.31019592285156,134.36000061035156,184573,SPCX
2026-07-15 13:16:00,134.3699951171875,134.4698944091797,134.25,134.36000061035156,81701,SPCX
2026-07-15 13:17:00,134.36000061035156,134.47000122070312,134.33999633789062,134.44000244140625,75650,SPCX
2026-07-15 13:18:00,134.4499969482422,134.8699951171875,134.3780059814453,134.83009338378906,130097,SPCX
2026-07-15 13:19:00,134.84500122070312,134.97999572753906,134.80999755859375,134.84500122070312,77340,SPCX
2026-07-15 13:20:00,134.82699584960938,134.99000549316406,134.77000427246094,134.7949981689453,90559,SPCX
2026-07-15 13:21:00,134.7949981689453,135.2799072265625,134.75999450683594,134.88499450683594,192744,SPCX
2026-07-15 13:22:00,134.92999267578125,135.11000061035156,134.75,134.75,275642,SPCX
2026-07-15 13:23:00,134.75,134.82000732421875,134.63499450683594,134.7095947265625,167681,SPCX
2026-07-15 13:24:00,134.69500732421875,134.77999877929688,134.5449981689453,134.7449951171875,408350,SPCX
2026-07-15 13:25:00,134.7449951171875,135.0399932861328,134.6501007080078,134.72000122070312,117567,SPCX
2026-07-15 13:26:00,134.77999877929688,134.85000610351562,134.66000366210938,134.72500610351562,54552,SPCX
2026-07-15 13:27:00,134.72500610351562,134.88999938964844,134.69000244140625,134.74000549316406,53367,SPCX
2026-07-15 13:28:00,134.7476043701172,134.80990600585938,134.6300048828125,134.6999969482422,48892,SPCX
2026-07-15 13:29:00,134.7050018310547,134.91990661621094,134.67730712890625,134.8800048828125,57193,SPCX
2026-07-15 13:30:00,134.8800048828125,134.9499969482422,134.8000946044922,134.92999267578125,363778,SPCX
2026-07-15 13:31:00,134.88780212402344,135.0,134.72999572753906,134.8000030517578,70068,SPCX
2026-07-15 13:32:00,134.80999755859375,134.97000122070312,134.75,134.84500122070312,104484,SPCX
2026-07-15 13:33:00,134.8699951171875,134.97999572753906,134.8000030517578,134.89990234375,58447,SPCX
2026-07-15 13:34:00,134.85000610351562,134.97999572753906,134.8300018310547,134.90499877929688,62267,SPCX
2026-07-15 13:35:00,134.91000366210938,134.91990661621094,134.72000122070312,134.77999877929688,90721,SPCX
2026-07-15 13:36:00,134.77000427246094,134.83999633789062,134.66000366210938,134.71640014648438,66927,SPCX
2026-07-15 13:37:00,134.64999389648438,134.83999633789062,134.60000610351562,134.6999969482422,57073,SPCX
2026-07-15 13:38:00,134.72000122070312,134.75999450683594,134.5800018310547,134.61500549316406,75005,SPCX
2026-07-15 13:39:00,134.6300048828125,134.83999633789062,134.625,134.80999755859375,56482,SPCX
2026-07-15 13:40:00,134.80499267578125,134.8800048828125,134.77040100097656,134.8350067138672,70696,SPCX
2026-07-15 13:41:00,134.82000732421875,134.889892578125,134.66000366210938,134.67779541015625,71390,SPCX
2026-07-15 13:42:00,134.68499755859375,135.0,134.6800994873047,134.7698974609375,117984,SPCX
2026-07-15 13:43:00,134.76980590820312,134.81500244140625,134.70150756835938,134.81500244140625,39649,SPCX
2026-07-15 13:44:00,134.80999755859375,134.8800048828125,134.74009704589844,134.77000427246094,54562,SPCX
2026-07-15 13:45:00,134.77000427246094,134.8000030517578,134.60000610351562,134.75999450683594,110884,SPCX
2026-07-15 13:46:00,134.78990173339844,134.94000244140625,134.72000122070312,134.8800048828125,58864,SPCX
2026-07-15 13:47:00,134.8699951171875,135.16419982910156,134.8300018310547,135.1199951171875,136054,SPCX
2026-07-15 13:48:00,135.1199951171875,135.4199981689453,135.1199951171875,135.4199981689453,118649,SPCX
2026-07-15 13:49:00,135.36000061035156,135.89999389648438,135.30999755859375,135.55499267578125,384839,SPCX
2026-07-15 13:50:00,135.5500030517578,135.88999938964844,135.42999267578125,135.6300048828125,126873,SPCX
2026-07-15 13:51:00,135.6300048828125,135.85000610351562,135.56500244140625,135.6999969482422,96921,SPCX
2026-07-15 13:52:00,135.7220001220703,135.85000610351562,135.66000366210938,135.85000610351562,94746,SPCX
2026-07-15 13:53:00,135.80499267578125,135.83999633789062,135.64999389648438,135.67599487304688,96351,SPCX
2026-07-15 13:54:00,135.70480346679688,135.71820068359375,135.5399932861328,135.55999755859375,88236,SPCX
2026-07-15 13:55:00,135.5998992919922,135.64999389648438,135.5,135.5399932861328,94565,SPCX
2026-07-15 13:56:00,135.52499389648438,135.5800018310547,135.41000366210938,135.5500030517578,62736,SPCX
2026-07-15 13:57:00,135.52000427246094,135.80999755859375,135.47999572753906,135.79989624023438,77626,SPCX
2026-07-15 13:58:00,135.75999450683594,135.75999450683594,135.52999877929688,135.60000610351562,64852,SPCX
2026-07-15 13:59:00,135.60000610351562,135.63999938964844,135.42010498046875,135.50999450683594,71322,SPCX
2026-07-15 14:00:00,135.51499938964844,135.99000549316406,135.4199981689453,135.91000366210938,195284,SPCX
2026-07-15 14:01:00,135.9499969482422,136.05999755859375,135.85000610351562,135.91000366210938,157269,SPCX
2026-07-15 14:02:00,135.91000366210938,136.05999755859375,135.85000610351562,135.94000244140625,113015,SPCX
2026-07-15 14:03:00,135.94000244140625,136.35000610351562,135.83999633789062,136.2949981689453,119802,SPCX
2026-07-15 14:04:00,136.2949981689453,136.3300018310547,135.94000244140625,136.17999267578125,82053,SPCX
2026-07-15 14:05:00,136.17999267578125,136.3699951171875,136.0399932861328,136.32000732421875,80918,SPCX
2026-07-15 14:06:00,136.3699951171875,136.47000122070312,136.3000030517578,136.39999389648438,118955,SPCX
2026-07-15 14:07:00,136.39999389648438,136.42649841308594,136.27000427246094,136.33999633789062,58870,SPCX
2026-07-15 14:08:00,136.36000061035156,136.39999389648438,136.27000427246094,136.32000732421875,65504,SPCX
2026-07-15 14:09:00,136.3300018310547,136.3300018310547,136.0,136.10000610351562,94104,SPCX
2026-07-15 14:10:00,136.13999938964844,136.13999938964844,135.82000732421875,135.89999389648438,75668,SPCX
2026-07-15 14:11:00,135.875,135.94000244140625,135.63999938964844,135.72999572753906,91944,SPCX
2026-07-15 14:12:00,135.75,135.82000732421875,135.63009643554688,135.6649932861328,47739,SPCX
2026-07-15 14:13:00,135.66510009765625,135.8699951171875,135.64999389648438,135.7729949951172,56157,SPCX
2026-07-15 14:14:00,135.75999450683594,135.75999450683594,135.60000610351562,135.625,75227,SPCX
2026-07-15 14:15:00,135.60000610351562,135.69000244140625,135.5500030517578,135.63999938964844,71214,SPCX
2026-07-15 14:16:00,135.63999938964844,135.67990112304688,135.5,135.55499267578125,66814,SPCX
2026-07-15 14:17:00,135.55999755859375,135.74000549316406,135.5399932861328,135.63999938964844,40662,SPCX
2026-07-15 14:18:00,135.62010192871094,135.6699981689453,135.55999755859375,135.6699981689453,43010,SPCX
2026-07-15 14:19:00,135.6699981689453,135.80999755859375,135.64219665527344,135.74000549316406,52175,SPCX
2026-07-15 14:20:00,135.718994140625,135.78990173339844,135.66000366210938,135.77999877929688,54548,SPCX
2026-07-15 14:21:00,135.76499938964844,135.85000610351562,135.72000122070312,135.8000030517578,40076,SPCX
2026-07-15 14:22:00,135.77999877929688,135.8699951171875,135.75,135.82000732421875,54810,SPCX
2026-07-15 14:23:00,135.80250549316406,135.94000244140625,135.75,135.78500366210938,102700,SPCX
2026-07-15 14:24:00,135.8300018310547,135.9199981689453,135.75999450683594,135.8000030517578,43494,SPCX
2026-07-15 14:25:00,135.7899932861328,135.97999572753906,135.77000427246094,135.92999267578125,53125,SPCX
2026-07-15 14:26:00,135.8699951171875,135.9199981689453,135.80999755859375,135.86000061035156,45153,SPCX
2026-07-15 14:27:00,135.86000061035156,135.90809631347656,135.74000549316406,135.7550048828125,46604,SPCX
2026-07-15 14:28:00,135.75,135.91000366210938,135.66000366210938,135.8249969482422,62132,SPCX
2026-07-15 14:29:00,135.8249969482422,135.94000244140625,135.72000122070312,135.74000549316406,51457,SPCX
2026-07-15 14:30:00,135.74000549316406,135.7899932861328,135.6199951171875,135.66000366210938,60950,SPCX
2026-07-15 14:31:00,135.65499877929688,135.72000122070312,135.5720977783203,135.6199951171875,56821,SPCX
2026-07-15 14:32:00,135.64500427246094,135.6999969482422,135.50999450683594,135.6300048828125,66988,SPCX
2026-07-15 14:33:00,135.65499877929688,135.72000122070312,135.58999633789062,135.6699981689453,60393,SPCX
2026-07-15 14:34:00,135.69000244140625,135.75950622558594,135.63999938964844,135.6699981689453,43706,SPCX
2026-07-15 14:35:00,135.64999389648438,135.69000244140625,135.55999755859375,135.58999633789062,40631,SPCX
2026-07-15 14:36:00,135.60000610351562,135.6699981689453,135.55999755859375,135.60000610351562,51261,SPCX
2026-07-15 14:37:00,135.5800018310547,135.67999267578125,135.5,135.58999633789062,59899,SPCX
2026-07-15 14:38:00,135.5850067138672,135.9499969482422,135.4600067138672,135.66000366210938,100404,SPCX
2026-07-15 14:39:00,135.67999267578125,135.77000427246094,135.5500030517578,135.60000610351562,535400,SPCX
2026-07-15 14:40:00,135.5980987548828,135.63999938964844,135.2200927734375,135.3092041015625,127197,SPCX
2026-07-15 14:41:00,135.35000610351562,135.4250030517578,135.11000061035156,135.13499450683594,132378,SPCX
2026-07-15 14:42:00,135.10000610351562,135.25999450683594,135.10000610351562,135.16000366210938,68587,SPCX
2026-07-15 14:43:00,135.19000244140625,135.35000610351562,135.11000061035156,135.19000244140625,73645,SPCX
2026-07-15 14:44:00,135.19000244140625,135.27999877929688,135.0500030517578,135.0500030517578,61149,SPCX
2026-07-15 14:45:00,135.05999755859375,135.13999938964844,135.00999450683594,135.03359985351562,73171,SPCX
2026-07-15 14:46:00,135.0399932861328,135.0998992919922,134.8800048828125,134.97999572753906,169939,SPCX
2026-07-15 14:47:00,135.0,135.17999267578125,134.8699951171875,135.10499572753906,232407,SPCX
2026-07-15 14:48:00,135.0800018310547,135.1199951171875,134.93699645996094,134.96499633789062,168073,SPCX
2026-07-15 14:49:00,134.9550018310547,134.99000549316406,134.75900268554688,134.80499267578125,76113,SPCX
2026-07-15 14:50:00,134.7949981689453,134.8699951171875,134.72999572753906,134.83999633789062,72951,SPCX
2026-07-15 14:51:00,134.8699951171875,134.88999938964844,134.63999938964844,134.67999267578125,75914,SPCX
2026-07-15 14:52:00,134.69479370117188,134.72999572753906,134.61000061035156,134.6300048828125,67856,SPCX
2026-07-15 14:53:00,134.66000366210938,134.82000732421875,134.6300048828125,134.69000244140625,66526,SPCX
2026-07-15 14:54:00,134.69500732421875,134.8300018310547,134.69119262695312,134.7801055908203,48582,SPCX
2026-07-15 14:55:00,134.7998046875,134.8300018310547,134.72000122070312,134.74000549316406,50143,SPCX
2026-07-15 14:56:00,134.72000122070312,134.74000549316406,134.60000610351562,134.64500427246094,68192,SPCX
2026-07-15 14:57:00,134.65899658203125,134.7100067138672,134.60000610351562,134.63999938964844,50972,SPCX
2026-07-15 14:58:00,134.63499450683594,134.64999389648438,134.32000732421875,134.4550018310547,189560,SPCX
2026-07-15 14:59:00,134.4600067138672,134.55999755859375,134.39849853515625,134.55990600585938,57276,SPCX
2026-07-15 15:00:00,134.4871063232422,134.66990661621094,134.4600067138672,134.5294952392578,63455,SPCX
2026-07-15 15:01:00,134.47999572753906,134.52999877929688,134.39999389648438,134.4550018310547,44691,SPCX
2026-07-15 15:02:00,134.44749450683594,134.5,134.32000732421875,134.44000244140625,61183,SPCX
2026-07-15 15:03:00,134.4199981689453,134.5,134.32000732421875,134.36000061035156,78315,SPCX
2026-07-15 15:04:00,134.35000610351562,134.41000366210938,134.3300018310547,134.33009338378906,48814,SPCX
2026-07-15 15:05:00,134.3300018310547,134.4199981689453,134.14999389648438,134.19000244140625,94405,SPCX
2026-07-15 15:06:00,134.19000244140625,134.1999969482422,134.10000610351562,134.1999053955078,52566,SPCX
2026-07-15 15:07:00,134.16000366210938,134.41000366210938,134.15499877929688,134.22999572753906,78805,SPCX
2026-07-15 15:08:00,134.22999572753906,134.32000732421875,134.10000610351562,134.15499877929688,63007,SPCX
2026-07-15 15:09:00,134.14999389648438,134.36000061035156,134.14999389648438,134.2949981689453,66166,SPCX
2026-07-15 15:10:00,134.32850646972656,134.36000061035156,134.25999450683594,134.3300018310547,48764,SPCX
2026-07-15 15:11:00,134.32000732421875,134.32000732421875,134.22999572753906,134.25999450683594,39137,SPCX
2026-07-15 15:12:00,134.27499389648438,134.35000610351562,134.25999450683594,134.2949981689453,58397,SPCX
2026-07-15 15:13:00,134.27000427246094,134.36000061035156,134.2100067138672,134.3000030517578,73052,SPCX
2026-07-15 15:14:00,134.3000030517578,134.35000610351562,134.24000549316406,134.25,34486,SPCX
2026-07-15 15:15:00,134.25999450683594,134.3000030517578,134.1300048828125,134.24899291992188,80790,SPCX
2026-07-15 15:16:00,134.22500610351562,134.25999450683594,134.19000244140625,134.23500061035156,47446,SPCX
2026-07-15 15:17:00,134.23500061035156,134.25,134.10000610351562,134.10000610351562,55780,SPCX
2026-07-15 15:18:00,134.10069274902344,134.24000549316406,134.0800018310547,134.2100067138672,93093,SPCX
2026-07-15 15:19:00,134.19000244140625,134.3000030517578,134.16000366210938,134.2624969482422,78877,SPCX
2026-07-15 15:20:00,134.25,134.37860107421875,134.11000061035156,134.28500366210938,72115,SPCX
2026-07-15 15:21:00,134.27999877929688,134.35000610351562,134.19000244140625,134.2646942138672,85301,SPCX
2026-07-15 15:22:00,134.27940368652344,134.2899932861328,134.1999969482422,134.24000549316406,76029,SPCX
2026-07-15 15:23:00,134.22000122070312,134.2899932861328,134.19000244140625,134.27999877929688,53647,SPCX
2026-07-15 15:24:00,134.25999450683594,134.4499969482422,134.25999450683594,134.35000610351562,79806,SPCX
2026-07-15 15:25:00,134.36000061035156,134.36500549316406,134.3000030517578,134.3000030517578,64143,SPCX
2026-07-15 15:26:00,134.3000030517578,134.44000244140625,134.3000030517578,134.41000366210938,52960,SPCX
2026-07-15 15:27:00,134.39999389648438,134.5,134.3000030517578,134.33389282226562,120016,SPCX
2026-07-15 15:28:00,134.3300018310547,134.33999633789062,134.27000427246094,134.27000427246094,51794,SPCX
2026-07-15 15:29:00,134.2899932861328,134.97000122070312,134.27000427246094,134.9600067138672,134959,SPCX
2026-07-15 15:30:00,134.97000122070312,135.08999633789062,134.7550048828125,135.04010009765625,100837,SPCX
2026-07-15 15:31:00,135.0399932861328,135.47999572753906,135.00999450683594,135.41000366210938,122119,SPCX
2026-07-15 15:32:00,135.4049072265625,135.4049072265625,135.11000061035156,135.1999969482422,94591,SPCX
2026-07-15 15:33:00,135.1750030517578,135.4199981689453,135.14999389648438,135.30999755859375,81727,SPCX
2026-07-15 15:34:00,135.30999755859375,135.39500427246094,135.14999389648438,135.1649932861328,144580,SPCX
2026-07-15 15:35:00,135.17999267578125,135.27999877929688,135.1199951171875,135.21499633789062,96508,SPCX
2026-07-15 15:36:00,135.19000244140625,135.25,135.11000061035156,135.14999389648438,52181,SPCX
2026-07-15 15:37:00,135.15499877929688,135.29299926757812,135.10000610351562,135.27000427246094,56517,SPCX
2026-07-15 15:38:00,135.25999450683594,135.35499572753906,135.16000366210938,135.16000366210938,53796,SPCX
2026-07-15 15:39:00,135.1699981689453,135.32000732421875,135.11000061035156,135.30499267578125,80937,SPCX
2026-07-15 15:40:00,135.30999755859375,135.4250030517578,135.2899932861328,135.33990478515625,71423,SPCX
2026-07-15 15:41:00,135.3000030517578,135.38999938964844,135.25999450683594,135.3249969482422,61977,SPCX
2026-07-15 15:42:00,135.32000732421875,135.6699981689453,135.30999755859375,135.61000061035156,143267,SPCX
2026-07-15 15:43:00,135.60000610351562,135.75,135.5,135.5500030517578,193242,SPCX
2026-07-15 15:44:00,135.5399932861328,135.66000366210938,135.52000427246094,135.6199951171875,57986,SPCX
2026-07-15 15:45:00,135.6199951171875,135.8000030517578,135.59500122070312,135.72999572753906,105112,SPCX
2026-07-15 15:46:00,135.69009399414062,135.76499938964844,135.3699951171875,135.3699951171875,86398,SPCX
2026-07-15 15:47:00,135.36000061035156,135.38499450683594,135.1999969482422,135.2550048828125,91623,SPCX
2026-07-15 15:48:00,135.27999877929688,135.44000244140625,135.21009826660156,135.38999938964844,128122,SPCX
2026-07-15 15:49:00,135.3699951171875,135.44000244140625,135.30999755859375,135.40499877929688,68903,SPCX
2026-07-15 15:50:00,135.42999267578125,135.5500030517578,135.27000427246094,135.4550018310547,143207,SPCX
2026-07-15 15:51:00,135.42999267578125,135.50999450683594,135.35000610351562,135.50999450683594,90671,SPCX
2026-07-15 15:52:00,135.5,135.65980529785156,135.49000549316406,135.65980529785156,120963,SPCX
2026-07-15 15:53:00,135.64500427246094,135.89999389648438,135.61000061035156,135.89999389648438,161242,SPCX
2026-07-15 15:54:00,135.85000610351562,136.0800018310547,135.8000030517578,135.99000549316406,226286,SPCX
2026-07-15 15:55:00,136.00999450683594,136.19000244140625,135.86000061035156,136.1699981689453,247893,SPCX
2026-07-15 15:56:00,136.13999938964844,136.1649932861328,135.42999267578125,135.60499572753906,319018,SPCX
2026-07-15 15:57:00,135.60499572753906,135.60499572753906,135.14999389648438,135.1999969482422,392100,SPCX
2026-07-15 15:58:00,135.21499633789062,135.2899932861328,135.07000732421875,135.22999572753906,514466,SPCX
2026-07-15 15:59:00,135.22999572753906,135.38999938964844,135.1300048828125,135.3000030517578,1059482,SPCX
2026-07-16 09:30:00,134.94500732421875,135.85000610351562,134.36520385742188,135.35479736328125,2958201,SPCX
2026-07-16 09:31:00,135.38999938964844,136.77000427246094,135.33999633789062,136.6699981689453,718199,SPCX
2026-07-16 09:32:00,136.64010620117188,137.23399353027344,136.58009338378906,137.01499938964844,556775,SPCX
2026-07-16 09:33:00,137.01499938964844,137.5998992919922,137.00750732421875,137.52999877929688,639726,SPCX
2026-07-16 09:34:00,137.52999877929688,137.57000732421875,136.0399932861328,136.8300018310547,569122,SPCX
2026-07-16 09:35:00,136.8000030517578,136.83999633789062,135.75,135.86000061035156,272387,SPCX
2026-07-16 09:36:00,135.92999267578125,137.3800048828125,135.52000427246094,137.08999633789062,647549,SPCX
2026-07-16 09:37:00,137.08999633789062,137.49000549316406,136.8800048828125,136.97500610351562,598882,SPCX
2026-07-16 09:38:00,136.9600067138672,137.11000061035156,136.4949951171875,136.80520629882812,229937,SPCX
2026-07-16 09:39:00,136.8000030517578,136.89999389648438,136.25,136.3699951171875,229422,SPCX
2026-07-16 09:40:00,136.32000732421875,136.75,136.27049255371094,136.32090759277344,137081,SPCX
2026-07-16 09:41:00,136.3800048828125,136.4199981689453,136.0,136.1907958984375,185871,SPCX
2026-07-16 09:42:00,136.17999267578125,136.3000030517578,135.91000366210938,136.25579833984375,177601,SPCX
2026-07-16 09:43:00,136.2100067138672,136.83999633789062,136.0500946044922,136.77000427246094,174506,SPCX
2026-07-16 09:44:00,136.67999267578125,137.41000366210938,136.27999877929688,137.3699951171875,361295,SPCX
2026-07-16 09:45:00,137.35000610351562,137.64999389648438,137.35000610351562,137.51499938964844,566542,SPCX
2026-07-16 09:46:00,137.51499938964844,137.75999450683594,137.39999389648438,137.55499267578125,617951,SPCX
2026-07-16 09:47:00,137.5500030517578,137.5800018310547,136.5,136.5,453433,SPCX
2026-07-16 09:48:00,136.44500732421875,136.9600067138672,135.9499969482422,136.0,227899,SPCX
2026-07-16 09:49:00,136.02999877929688,136.3800048828125,135.9499969482422,136.10499572753906,132809,SPCX
2026-07-16 09:50:00,136.05999755859375,136.27999877929688,135.92730712890625,136.10000610351562,164844,SPCX
2026-07-16 09:51:00,136.04010009765625,136.07949829101562,135.61000061035156,135.85499572753906,241243,SPCX
2026-07-16 09:52:00,135.8699951171875,136.0800018310547,135.5500030517578,135.72000122070312,150938,SPCX
2026-07-16 09:53:00,135.72000122070312,135.80999755859375,135.30999755859375,135.5399932861328,226332,SPCX
2026-07-16 09:54:00,135.5,135.9600067138672,135.47999572753906,135.625,116070,SPCX
2026-07-16 09:55:00,135.60000610351562,136.83999633789062,135.07000732421875,136.80499267578125,726834,SPCX
2026-07-16 09:56:00,136.80499267578125,136.8800048828125,136.16000366210938,136.6699981689453,312326,SPCX
2026-07-16 09:57:00,136.74000549316406,136.87939453125,136.22999572753906,136.25010681152344,153547,SPCX
2026-07-16 09:58:00,136.27499389648438,136.42999267578125,136.02999877929688,136.36000061035156,137448,SPCX
2026-07-16 09:59:00,136.44000244140625,136.5800018310547,136.0749969482422,136.0749969482422,90180,SPCX
2026-07-16 10:00:00,136.02999877929688,136.3800048828125,135.9600067138672,136.30999755859375,128916,SPCX
2026-07-16 10:01:00,136.3000030517578,136.5,136.2100067138672,136.47500610351562,133653,SPCX
2026-07-16 10:02:00,136.47000122070312,136.8800048828125,136.3300018310547,136.69000244140625,184122,SPCX
2026-07-16 10:03:00,136.7196044921875,136.8800048828125,136.2449951171875,136.4499969482422,109575,SPCX
2026-07-16 10:04:00,136.4199981689453,136.4595947265625,135.9199981689453,136.14999389648438,129598,SPCX
2026-07-16 10:05:00,136.14999389648438,136.28939819335938,135.89999389648438,136.2550048828125,74444,SPCX
2026-07-16 10:06:00,136.25999450683594,136.4199981689453,136.17050170898438,136.2393035888672,81189,SPCX
2026-07-16 10:07:00,136.2050018310547,136.44000244140625,136.07000732421875,136.25999450683594,90408,SPCX
2026-07-16 10:08:00,136.2449951171875,136.44000244140625,136.1999969482422,136.32000732421875,79278,SPCX
2026-07-16 10:09:00,136.30499267578125,136.42999267578125,136.22000122070312,136.27000427246094,85575,SPCX
2026-07-16 10:10:00,136.22000122070312,136.39999389648438,136.13009643554688,136.27810668945312,62906,SPCX
2026-07-16 10:11:00,136.27999877929688,136.47999572753906,136.14999389648438,136.4799041748047,87335,SPCX
2026-07-16 10:12:00,136.44000244140625,136.47000122070312,136.1699981689453,136.42999267578125,101313,SPCX
2026-07-16 10:13:00,136.47000122070312,136.63999938964844,136.3300018310547,136.33999633789062,85770,SPCX
2026-07-16 10:14:00,136.36000061035156,136.36390686035156,136.1300048828125,136.24000549316406,73814,SPCX
2026-07-16 10:15:00,136.27000427246094,136.77999877929688,136.23500061035156,136.3238067626953,141265,SPCX
2026-07-16 10:16:00,136.3000030517578,136.60000610351562,136.17999267578125,136.52679443359375,83306,SPCX
2026-07-16 10:17:00,136.5,136.56590270996094,136.3000030517578,136.52499389648438,58118,SPCX
2026-07-16 10:18:00,136.53500366210938,136.57000732421875,136.18099975585938,136.21499633789062,60479,SPCX
2026-07-16 10:19:00,136.19000244140625,136.97999572753906,136.17999267578125,136.7899932861328,127834,SPCX
2026-07-16 10:20:00,136.8000030517578,136.99000549316406,136.73980712890625,136.93499755859375,101699,SPCX
2026-07-16 10:21:00,136.9199981689453,137.11000061035156,136.65240478515625,136.72900390625,189052,SPCX
2026-07-16 10:22:00,136.72000122070312,136.72000122070312,136.4149932861328,136.45010375976562,94664,SPCX
2026-07-16 10:23:00,136.47500610351562,136.47500610351562,136.1999969482422,136.2801055908203,113797,SPCX
2026-07-16 10:24:00,136.27999877929688,136.5749969482422,136.27999877929688,136.46499633789062,67173,SPCX
2026-07-16 10:25:00,136.4499969482422,136.4499969482422,136.02000427246094,136.19000244140625,96050,SPCX
2026-07-16 10:26:00,136.30870056152344,136.39999389648438,136.10009765625,136.39999389648438,57516,SPCX
2026-07-16 10:27:00,136.38999938964844,136.77000427246094,136.35000610351562,136.63999938964844,107077,SPCX
2026-07-16 10:28:00,136.6999969482422,136.74000549316406,136.52999877929688,136.6405029296875,73332,SPCX
2026-07-16 10:29:00,136.67999267578125,136.78990173339844,136.63499450683594,136.69320678710938,122156,SPCX
2026-07-16 10:30:00,136.71499633789062,136.75,136.3699951171875,136.50999450683594,70984,SPCX
2026-07-16 10:31:00,136.48500061035156,136.60000610351562,136.1699981689453,136.18499755859375,105276,SPCX
2026-07-16 10:32:00,136.24749755859375,136.24749755859375,135.92999267578125,136.17999267578125,146594,SPCX
2026-07-16 10:33:00,136.19000244140625,136.23980712890625,135.9250030517578,136.0,102063,SPCX
2026-07-16 10:34:00,135.97999572753906,136.02999877929688,135.60000610351562,135.63999938964844,160207,SPCX
2026-07-16 10:35:00,135.61500549316406,135.7799072265625,135.52040100097656,135.72000122070312,143694,SPCX
2026-07-16 10:36:00,135.69000244140625,136.07000732421875,135.69000244140625,135.84500122070312,109786,SPCX
2026-07-16 10:37:00,135.80999755859375,135.88499450683594,135.41920471191406,135.57000732421875,121171,SPCX
2026-07-16 10:38:00,135.5749969482422,135.6199951171875,134.86000061035156,134.89999389648438,365252,SPCX
2026-07-16 10:39:00,134.8699951171875,134.97999572753906,134.5800018310547,134.6750030517578,259229,SPCX
2026-07-16 10:40:00,134.65049743652344,134.8300018310547,134.42999267578125,134.56500244140625,139855,SPCX
2026-07-16 10:41:00,134.56500244140625,135.0800018310547,134.5,134.97999572753906,103655,SPCX
2026-07-16 10:42:00,134.89999389648438,135.16000366210938,134.83999633789062,134.96499633789062,85485,SPCX
2026-07-16 10:43:00,134.96499633789062,135.10000610351562,134.74000549316406,134.74000549316406,137676,SPCX
2026-07-16 10:44:00,134.7899932861328,135.02000427246094,134.7899932861328,134.99000549316406,78292,SPCX
2026-07-16 10:45:00,134.99000549316406,135.00999450683594,134.82000732421875,134.8262939453125,73774,SPCX
2026-07-16 10:46:00,134.88169860839844,135.0500030517578,134.7899932861328,135.02000427246094,128944,SPCX
2026-07-16 10:47:00,135.0500030517578,135.1999969482422,134.86000061035156,134.97999572753906,167208,SPCX
2026-07-16 10:48:00,134.98500061035156,135.0399932861328,134.8300018310547,134.8300018310547,129084,SPCX
2026-07-16 10:49:00,134.86000061035156,135.07000732421875,134.8300018310547,134.91000366210938,86968,SPCX
2026-07-16 10:50:00,134.88999938964844,134.99000549316406,134.67999267578125,134.77999877929688,110931,SPCX
2026-07-16 10:51:00,134.75,134.82000732421875,134.5500030517578,134.71859741210938,102184,SPCX
2026-07-16 10:52:00,134.7180938720703,134.8000030517578,134.19000244140625,134.28700256347656,200091,SPCX
2026-07-16 10:53:00,134.32000732421875,134.3249969482422,134.02059936523438,134.1199951171875,151440,SPCX
2026-07-16 10:54:00,134.1199951171875,134.4499969482422,134.02000427246094,134.4499969482422,119325,SPCX
2026-07-16 10:55:00,134.4600067138672,134.49989318847656,134.17999267578125,134.3199005126953,95700,SPCX
2026-07-16 10:56:00,134.31959533691406,134.47900390625,134.19000244140625,134.4600067138672,82382,SPCX
2026-07-16 10:57:00,134.47999572753906,134.8800048828125,134.47999572753906,134.7899932861328,69785,SPCX
2026-07-16 10:58:00,134.7886962890625,134.9199981689453,134.6999969482422,134.90499877929688,123263,SPCX
2026-07-16 10:59:00,134.91000366210938,135.11000061035156,134.8249969482422,134.84500122070312,118805,SPCX
2026-07-16 11:00:00,134.83999633789062,134.99000549316406,134.75,134.9499969482422,85157,SPCX
2026-07-16 11:01:00,134.97000122070312,135.03500366210938,134.75,134.7899932861328,54789,SPCX
2026-07-16 11:02:00,134.80630493164062,134.9499969482422,134.75,134.75010681152344,33226,SPCX
2026-07-16 11:03:00,134.77999877929688,134.80999755859375,134.47999572753906,134.47999572753906,95506,SPCX
2026-07-16 11:04:00,134.5,134.54930114746094,134.30999755859375,134.30999755859375,61027,SPCX
2026-07-16 11:05:00,134.3000030517578,134.47999572753906,134.11000061035156,134.4799041748047,90792,SPCX
2026-07-16 11:06:00,134.4499969482422,134.5,134.1649932861328,134.23699951171875,55180,SPCX
2026-07-16 11:07:00,134.19500732421875,134.27000427246094,133.89999389648438,134.00999450683594,335179,SPCX
2026-07-16 11:08:00,134.0500030517578,134.20120239257812,134.0,134.1999969482422,138945,SPCX
2026-07-16 11:09:00,134.18499755859375,134.3800048828125,134.18499755859375,134.3350067138672,61478,SPCX
2026-07-16 11:10:00,134.3350067138672,134.4199981689453,134.23989868164062,134.2449951171875,51653,SPCX
2026-07-16 11:11:00,134.2449951171875,134.3300018310547,134.17999267578125,134.25,44322,SPCX
2026-07-16 11:12:00,134.2799072265625,134.3000030517578,134.16000366210938,134.1907958984375,61040,SPCX
2026-07-16 11:13:00,134.1999969482422,134.2324981689453,134.0500030517578,134.125,68218,SPCX
2026-07-16 11:14:00,134.14869689941406,134.27000427246094,134.1300048828125,134.23500061035156,63392,SPCX
2026-07-16 11:15:00,134.260498046875,134.260498046875,133.8699951171875,133.91000366210938,197699,SPCX
2026-07-16 11:16:00,133.97390747070312,134.02999877929688,133.6999969482422,134.0,156244,SPCX
2026-07-16 11:17:00,133.9824981689453,134.39999389648438,133.9824981689453,134.31500244140625,73385,SPCX
2026-07-16 11:18:00,134.33999633789062,134.44000244140625,134.17999267578125,134.33999633789062,68234,SPCX
2026-07-16 11:19:00,134.32000732421875,134.4600067138672,134.2899932861328,134.375,84442,SPCX
2026-07-16 11:20:00,134.3699951171875,134.4199981689453,134.1999969482422,134.27499389648438,89757,SPCX
2026-07-16 11:21:00,134.27499389648438,134.47999572753906,134.1999969482422,134.36500549316406,50071,SPCX
2026-07-16 11:22:00,134.375,134.89999389648438,134.36000061035156,134.78759765625,115876,SPCX
2026-07-16 11:23:00,134.75,134.90989685058594,134.73500061035156,134.88839721679688,75179,SPCX
2026-07-16 11:24:00,134.91000366210938,135.33999633789062,134.91000366210938,135.2550048828125,186647,SPCX
2026-07-16 11:25:00,135.27999877929688,135.6999969482422,135.1699981689453,135.65499877929688,187191,SPCX
2026-07-16 11:26:00,135.66000366210938,135.7100067138672,135.47000122070312,135.57000732421875,74631,SPCX
2026-07-16 11:27:00,135.57000732421875,135.67999267578125,135.43499755859375,135.47000122070312,82490,SPCX
2026-07-16 11:28:00,135.47000122070312,135.48899841308594,135.05999755859375,135.26499938964844,135477,SPCX
2026-07-16 11:29:00,135.26499938964844,135.38999938964844,135.0,135.27499389648438,176099,SPCX
2026-07-16 11:30:00,135.27499389648438,135.32000732421875,134.80999755859375,135.1300048828125,141246,SPCX
2026-07-16 11:31:00,135.03030395507812,135.24000549316406,135.02999877929688,135.22000122070312,44188,SPCX
2026-07-16 11:32:00,135.25999450683594,135.4600067138672,135.22000122070312,135.34500122070312,55857,SPCX
2026-07-16 11:33:00,135.32119750976562,135.4564971923828,135.14500427246094,135.1999969482422,83753,SPCX
2026-07-16 11:34:00,135.22000122070312,135.36000061035156,135.17999267578125,135.2935028076172,94124,SPCX
2026-07-16 11:35:00,135.27999877929688,135.42999267578125,135.1999969482422,135.39999389648438,92266,SPCX
2026-07-16 11:36:00,135.4149932861328,135.5800018310547,135.2801055908203,135.57000732421875,84132,SPCX
2026-07-16 11:37:00,135.55999755859375,135.75999450683594,135.50999450683594,135.74000549316406,139682,SPCX
2026-07-16 11:38:00,135.69000244140625,135.7899932861328,135.64999389648438,135.69850158691406,70071,SPCX
2026-07-16 11:39:00,135.6649932861328,135.67999267578125,135.36390686035156,135.39500427246094,94605,SPCX
2026-07-16 11:40:00,135.38499450683594,135.38499450683594,135.02000427246094,135.1300048828125,92731,SPCX
2026-07-16 11:41:00,135.13999938964844,135.16000366210938,134.85000610351562,134.8905029296875,87265,SPCX
2026-07-16 11:42:00,134.90499877929688,135.08999633789062,134.89999389648438,135.02000427246094,59565,SPCX
2026-07-16 11:43:00,135.06500244140625,135.11000061035156,134.96519470214844,135.02000427246094,48335,SPCX
2026-07-16 11:44:00,135.02999877929688,135.16000366210938,135.02499389648438,135.0850067138672,35351,SPCX
2026-07-16 11:45:00,135.10000610351562,135.1199951171875,134.64999389648438,134.69500732421875,100286,SPCX
2026-07-16 11:46:00,134.65089416503906,134.8000030517578,134.44000244140625,134.53500366210938,101719,SPCX
2026-07-16 11:47:00,134.58999633789062,134.97999572753906,134.5800018310547,134.97000122070312,78894,SPCX
2026-07-16 11:48:00,134.94000244140625,134.9600067138672,134.41000366210938,134.4949951171875,81237,SPCX
2026-07-16 11:49:00,134.48500061035156,134.5500030517578,134.35000610351562,134.4499969482422,144112,SPCX
2026-07-16 11:50:00,134.44000244140625,134.50999450683594,134.3699951171875,134.4600067138672,70076,SPCX
2026-07-16 11:51:00,134.42999267578125,134.47000122070312,134.35000610351562,134.37969970703125,65120,SPCX
2026-07-16 11:52:00,134.375,134.4199981689453,134.2899932861328,134.3000030517578,97086,SPCX
2026-07-16 11:53:00,134.3000030517578,134.30670166015625,134.08590698242188,134.0980987548828,74263,SPCX
2026-07-16 11:54:00,134.0800018310547,134.17999267578125,134.00999450683594,134.11000061035156,97964,SPCX
2026-07-16 11:55:00,134.0800018310547,134.0800018310547,133.77000427246094,134.02499389648438,165195,SPCX
2026-07-16 11:56:00,134.01510620117188,134.05999755859375,133.91000366210938,134.01010131835938,86783,SPCX
2026-07-16 11:57:00,134.0399932861328,134.17990112304688,134.0,134.15499877929688,173204,SPCX
2026-07-16 11:58:00,134.1699981689453,134.47000122070312,134.11000061035156,134.38999938964844,161651,SPCX
2026-07-16 11:59:00,134.39830017089844,134.42999267578125,134.1999969482422,134.3699951171875,46676,SPCX
2026-07-16 12:00:00,134.41000366210938,134.41000366210938,134.11000061035156,134.11000061035156,63909,SPCX
2026-07-16 12:01:00,134.11000061035156,134.14500427246094,133.94000244140625,133.9499969482422,55068,SPCX
2026-07-16 12:02:00,133.9499969482422,134.1300048828125,133.8000030517578,134.00999450683594,730372,SPCX
2026-07-16 12:03:00,133.99000549316406,134.1699981689453,133.9199981689453,133.9949951171875,211437,SPCX
2026-07-16 12:04:00,133.99620056152344,134.02000427246094,133.8000030517578,133.85000610351562,69889,SPCX
2026-07-16 12:05:00,133.82000732421875,133.83999633789062,133.63999938964844,133.63999938964844,148015,SPCX
2026-07-16 12:06:00,133.64999389648438,133.8300018310547,133.63999938964844,133.80499267578125,56634,SPCX
2026-07-16 12:07:00,133.85000610351562,133.85000610351562,133.7050018310547,133.79989624023438,80340,SPCX
2026-07-16 12:08:00,133.77499389648438,133.92820739746094,133.64999389648438,133.64999389648438,85228,SPCX
2026-07-16 12:09:00,133.66000366210938,133.8000030517578,133.6199951171875,133.72000122070312,72298,SPCX
2026-07-16 12:10:00,133.73500061035156,133.73500061035156,133.3800048828125,133.41000366210938,200515,SPCX
2026-07-16 12:11:00,133.39500427246094,133.53990173339844,133.25999450683594,133.32000732421875,99641,SPCX
2026-07-16 12:12:00,133.33999633789062,133.4499053955078,133.27000427246094,133.39950561523438,77071,SPCX
2026-07-16 12:13:00,133.375,133.39999389648438,133.25,133.28439331054688,78348,SPCX
2026-07-16 12:14:00,133.28750610351562,133.40989685058594,133.22000122070312,133.32000732421875,68028,SPCX
2026-07-16 12:15:00,133.27999877929688,133.44000244140625,133.25,133.32989501953125,112392,SPCX
2026-07-16 12:16:00,133.3300018310547,133.3300018310547,133.1199951171875,133.32989501953125,124202,SPCX
2026-07-16 12:17:00,133.30499267578125,133.3300018310547,132.94000244140625,132.9842987060547,459461,SPCX
2026-07-16 12:18:00,133.0,133.1300048828125,132.9199981689453,132.94000244140625,89347,SPCX
2026-07-16 12:19:00,132.97999572753906,133.0,132.8000030517578,132.82000732421875,100214,SPCX
2026-07-16 12:20:00,132.85000610351562,132.85000610351562,132.62010192871094,132.69500732421875,146093,SPCX
2026-07-16 12:21:00,132.64010620117188,132.8800048828125,132.60000610351562,132.80999755859375,148075,SPCX
2026-07-16 12:22:00,132.84959411621094,132.86000061035156,132.74000549316406,132.86000061035156,88348,SPCX
2026-07-16 12:23:00,132.85000610351562,132.97999572753906,132.85000610351562,132.91000366210938,74663,SPCX
2026-07-16 12:24:00,132.88999938964844,133.00999450683594,132.8300018310547,132.9600067138672,114060,SPCX
2026-07-16 12:25:00,132.96499633789062,133.2100067138672,132.89999389648438,133.19500732421875,126401,SPCX
2026-07-16 12:26:00,133.1999969482422,133.30999755859375,133.17999267578125,133.1999969482422,87689,SPCX
2026-07-16 12:27:00,133.22999572753906,135.27000427246094,133.22999572753906,135.27000427246094,109696,SPCX
2026-07-16 12:28:00,133.30999755859375,133.33999633789062,133.22000122070312,133.24000549316406,32183,SPCX
2026-07-16 12:29:00,133.2823028564453,133.3000030517578,133.14999389648438,133.1999969482422,51751,SPCX
2026-07-16 12:30:00,133.22999572753906,133.33999633789062,133.14999389648438,133.2700958251953,51660,SPCX
2026-07-16 12:31:00,133.3000030517578,133.32000732421875,133.07000732421875,133.27000427246094,67647,SPCX
2026-07-16 12:32:00,133.25,133.32000732421875,133.1800994873047,133.22999572753906,61753,SPCX
2026-07-16 12:33:00,133.22109985351562,133.27999877929688,133.15499877929688,133.1999969482422,43501,SPCX
2026-07-16 12:34:00,133.1999969482422,133.38999938964844,133.1199951171875,133.3249969482422,43974,SPCX
2026-07-16 12:35:00,133.3249969482422,133.36839294433594,133.24000549316406,133.32989501953125,66230,SPCX
2026-07-16 12:36:00,133.27679443359375,133.5,133.27679443359375,133.4600067138672,73051,SPCX
2026-07-16 12:37:00,133.4499969482422,133.47000122070312,133.25,133.35189819335938,84084,SPCX
2026-07-16 12:38:00,133.36000061035156,133.4398956298828,133.22000122070312,133.26600646972656,47220,SPCX
2026-07-16 12:39:00,133.25999450683594,133.28990173339844,133.09800720214844,133.16600036621094,71439,SPCX
2026-07-16 12:40:00,133.14500427246094,133.24000549316406,133.0800018310547,133.125,57887,SPCX
2026-07-16 12:41:00,133.16000366210938,133.2899932861328,133.11000061035156,133.1300048828125,52613,SPCX
2026-07-16 12:42:00,133.1300048828125,133.16000366210938,132.8800048828125,132.89999389648438,115035,SPCX
2026-07-16 12:43:00,132.89999389648438,132.95989990234375,132.77000427246094,132.82000732421875,85399,SPCX
2026-07-16 12:44:00,132.8249969482422,132.85899353027344,132.74000549316406,132.80499267578125,80030,SPCX
2026-07-16 12:45:00,132.8000030517578,132.86990356445312,132.46749877929688,132.47999572753906,268108,SPCX
2026-07-16 12:46:00,132.47999572753906,132.56089782714844,132.33050537109375,132.55050659179688,100441,SPCX
2026-07-16 12:47:00,132.56500244140625,132.6699981689453,132.50999450683594,132.5749969482422,88438,SPCX
2026-07-16 12:48:00,132.5399932861328,132.73500061035156,132.49000549316406,132.72000122070312,72977,SPCX
2026-07-16 12:49:00,132.75,132.8000030517578,132.61000061035156,132.6199951171875,51729,SPCX
2026-07-16 12:50:00,132.60000610351562,132.7834930419922,132.5,132.67999267578125,588837,SPCX
2026-07-16 12:51:00,132.67999267578125,132.75999450683594,132.5800018310547,132.61000061035156,50468,SPCX
2026-07-16 12:52:00,132.6199951171875,132.8300018310547,132.48500061035156,132.80999755859375,86229,SPCX
2026-07-16 12:53:00,132.80499267578125,133.0498046875,132.77999877929688,133.0498046875,78741,SPCX
2026-07-16 12:54:00,133.00999450683594,133.25999450683594,132.91000366210938,132.9600067138672,129539,SPCX
2026-07-16 12:55:00,132.97999572753906,133.25250244140625,132.9499969482422,133.21499633789062,53146,SPCX
2026-07-16 12:56:00,133.1999969482422,133.3000030517578,133.13999938964844,133.22999572753906,65190,SPCX
2026-07-16 12:57:00,133.22000122070312,133.22000122070312,133.02999877929688,133.0500030517578,44903,SPCX
2026-07-16 12:58:00,133.0,133.1699981689453,133.0,133.1300048828125,44748,SPCX
2026-07-16 12:59:00,133.13499450683594,133.24949645996094,133.06179809570312,133.22500610351562,43176,SPCX
2026-07-16 13:00:00,133.22500610351562,133.22999572753906,132.92999267578125,132.94000244140625,82758,SPCX
2026-07-16 13:01:00,132.94000244140625,132.94000244140625,132.77000427246094,132.84249877929688,63345,SPCX
2026-07-16 13:02:00,132.8300018310547,132.85159301757812,132.64999389648438,132.64999389648438,48072,SPCX
2026-07-16 13:03:00,132.75,132.88999938964844,132.64999389648438,132.7449951171875,51761,SPCX
2026-07-16 13:04:00,132.75399780273438,132.92999267578125,132.73500061035156,132.9199981689453,50596,SPCX
2026-07-16 13:05:00,132.89999389648438,132.90499877929688,132.6199951171875,132.72000122070312,62752,SPCX
2026-07-16 13:06:00,132.72999572753906,132.72999572753906,132.60000610351562,132.67999267578125,54015,SPCX
2026-07-16 13:07:00,132.63999938964844,132.75999450683594,132.57000732421875,132.58999633789062,47752,SPCX
2026-07-16 13:08:00,132.57000732421875,132.8699951171875,132.5399932861328,132.83999633789062,68296,SPCX
2026-07-16 13:09:00,132.82000732421875,132.8300018310547,132.69500732421875,132.75599670410156,57606,SPCX
2026-07-16 13:10:00,132.73500061035156,132.7899932861328,132.64999389648438,132.68499755859375,39581,SPCX
2026-07-16 13:11:00,132.72000122070312,132.74000549316406,132.60000610351562,132.6649932861328,80755,SPCX
2026-07-16 13:12:00,132.66990661621094,132.66990661621094,132.5,132.5399932861328,52898,SPCX
2026-07-16 13:13:00,132.52499389648438,132.62130737304688,132.5,132.50999450683594,52790,SPCX
2026-07-16 13:14:00,132.5,132.52499389648438,132.34010314941406,132.36990356445312,113701,SPCX
2026-07-16 13:15:00,132.36000061035156,132.5800018310547,132.3300018310547,132.5449981689453,102628,SPCX
2026-07-16 13:16:00,132.5644073486328,132.61199951171875,132.43499755859375,132.55999755859375,64452,SPCX
2026-07-16 13:17:00,132.5500030517578,132.64999389648438,132.35000610351562,132.4600067138672,79453,SPCX
2026-07-16 13:18:00,132.44000244140625,132.60000610351562,132.44000244140625,132.52999877929688,56176,SPCX
2026-07-16 13:19:00,132.57000732421875,132.60000610351562,132.47999572753906,132.49000549316406,50130,SPCX
2026-07-16 13:20:00,132.48500061035156,132.5,132.27000427246094,132.27000427246094,114643,SPCX
2026-07-16 13:21:00,132.2899932861328,132.30999755859375,132.1999969482422,132.24000549316406,97988,SPCX
2026-07-16 13:22:00,132.22000122070312,132.22000122070312,131.8249969482422,131.85890197753906,597960,SPCX
2026-07-16 13:23:00,131.8699951171875,132.11000061035156,131.83999633789062,132.05999755859375,137893,SPCX
2026-07-16 13:24:00,132.08999633789062,132.27000427246094,132.0399932861328,132.10499572753906,78737,SPCX
2026-07-16 13:25:00,132.08749389648438,132.15480041503906,132.0,132.05999755859375,72089,SPCX
2026-07-16 13:26:00,132.0500030517578,132.1300048828125,131.7449951171875,131.77999877929688,131591,SPCX
2026-07-16 13:27:00,131.75999450683594,132.0050048828125,131.73019409179688,132.0,147768,SPCX
2026-07-16 13:28:00,132.0,132.19000244140625,131.9600067138672,132.16990661621094,63649,SPCX
2026-07-16 13:29:00,132.14999389648438,132.52000427246094,132.13999938964844,132.44000244140625,329911,SPCX
2026-07-16 13:30:00,132.4250030517578,132.52999877929688,132.3625030517578,132.4199981689453,60265,SPCX
2026-07-16 13:31:00,132.4250030517578,132.42999267578125,132.25999450683594,132.33999633789062,56928,SPCX
2026-07-16 13:32:00,132.33949279785156,132.35000610351562,132.1300048828125,132.1300048828125,89676,SPCX
2026-07-16 13:33:00,132.08999633789062,132.1199951171875,132.0,132.029296875,66321,SPCX
2026-07-16 13:34:00,132.0500030517578,132.0800018310547,131.6199951171875,131.67210388183594,187375,SPCX
2026-07-16 13:35:00,131.67990112304688,131.75,131.60000610351562,131.66990661621094,107112,SPCX
2026-07-16 13:36:00,131.6699981689453,131.73989868164062,131.3699951171875,131.4199981689453,212617,SPCX
2026-07-16 13:37:00,131.4499969482422,131.4687042236328,131.3000030517578,131.30999755859375,111662,SPCX
2026-07-16 13:38:00,131.3000030517578,131.41000366210938,131.1999969482422,131.24000549316406,136749,SPCX
2026-07-16 13:39:00,131.23500061035156,131.25999450683594,131.0500030517578,131.11000061035156,170354,SPCX
2026-07-16 13:40:00,131.11000061035156,131.25999450683594,131.0800018310547,131.22340393066406,117814,SPCX
2026-07-16 13:41:00,131.22000122070312,131.3000030517578,131.07000732421875,131.16000366210938,113517,SPCX
2026-07-16 13:42:00,131.13999938964844,131.13999938964844,130.8000030517578,130.80999755859375,351517,SPCX
2026-07-16 13:43:00,130.80999755859375,131.02999877929688,130.8000030517578,130.93780517578125,129221,SPCX
2026-07-16 13:44:00,130.91000366210938,131.02999877929688,130.8800048828125,130.99000549316406,106048,SPCX
2026-07-16 13:45:00,131.0050048828125,131.04989624023438,130.74000549316406,130.77499389648438,145055,SPCX
2026-07-16 13:46:00,130.77000427246094,131.10000610351562,130.75,131.07000732421875,79773,SPCX
2026-07-16 13:47:00,131.0399932861328,131.25990295410156,131.0,131.2100067138672,154686,SPCX
2026-07-16 13:48:00,131.19000244140625,131.3000030517578,131.08999633789062,131.27999877929688,61760,SPCX
2026-07-16 13:49:00,131.2899932861328,131.30999755859375,131.10000610351562,131.2899932861328,575353,SPCX
2026-07-16 13:50:00,131.27000427246094,131.3000030517578,131.10000610351562,131.11000061035156,49427,SPCX
2026-07-16 13:51:00,131.11000061035156,131.1699981689453,131.0399932861328,131.11000061035156,59340,SPCX
2026-07-16 13:52:00,131.1051025390625,131.2476043701172,131.0,131.02999877929688,64807,SPCX
2026-07-16 13:53:00,131.00999450683594,131.39999389648438,131.0,131.375,86961,SPCX
2026-07-16 13:54:00,131.36500549316406,131.47999572753906,131.25,131.25,82624,SPCX
2026-07-16 13:55:00,131.26499938964844,131.3300018310547,131.1699981689453,131.25999450683594,63253,SPCX
2026-07-16 13:56:00,131.23500061035156,131.25,131.14999389648438,131.1999969482422,61372,SPCX
2026-07-16 13:57:00,131.22000122070312,131.27000427246094,131.15049743652344,131.24000549316406,55684,SPCX
2026-07-16 13:58:00,131.24000549316406,131.39999389648438,131.24000549316406,131.38949584960938,53389,SPCX
2026-07-16 13:59:00,131.3699951171875,131.5800018310547,131.33999633789062,131.34500122070312,85644,SPCX
2026-07-16 14:00:00,131.33999633789062,131.5500030517578,131.32000732421875,131.52000427246094,94022,SPCX
2026-07-16 14:01:00,131.50999450683594,131.8699951171875,131.5,131.8101043701172,383523,SPCX
2026-07-16 14:02:00,131.8300018310547,131.889892578125,131.66000366210938,131.81500244140625,208459,SPCX
2026-07-16 14:03:00,131.76010131835938,131.8292999267578,131.66000366210938,131.6999969482422,81622,SPCX
2026-07-16 14:04:00,131.72999572753906,131.8000030517578,131.52000427246094,131.5500030517578,153406,SPCX
2026-07-16 14:05:00,131.50999450683594,131.66000366210938,131.44439697265625,131.639892578125,491258,SPCX
2026-07-16 14:06:00,131.6199951171875,131.7100067138672,131.5500030517578,131.6699981689453,0,SPCX
2026-07-16 14:07:00,131.69000244140625,131.85000610351562,131.6300048828125,131.83999633789062,66638,SPCX
2026-07-16 14:08:00,131.81500244140625,131.89999389648438,131.73500061035156,131.86500549316406,49622,SPCX
2026-07-16 14:09:00,131.83999633789062,131.89999389648438,131.75999450683594,131.8249969482422,54122,SPCX
2026-07-16 14:10:00,131.8300018310547,132.0399932861328,131.80999755859375,131.8699951171875,75024,SPCX
2026-07-16 14:11:00,131.86500549316406,131.89990234375,131.72000122070312,131.77000427246094,67270,SPCX
2026-07-16 14:12:00,131.73739624023438,131.9199981689453,131.64999389648438,131.65499877929688,60069,SPCX
2026-07-16 14:13:00,131.6116943359375,131.7899932861328,131.58999633789062,131.7301025390625,46161,SPCX
2026-07-16 14:14:00,131.77000427246094,131.9499969482422,131.6199951171875,131.64500427246094,76174,SPCX
2026-07-16 14:15:00,131.61000061035156,131.6649932861328,131.55999755859375,131.5749969482422,54841,SPCX
2026-07-16 14:16:00,131.5500030517578,131.6699981689453,131.44000244140625,131.63999938964844,83975,SPCX
2026-07-16 14:17:00,131.63499450683594,131.79989624023438,131.6300048828125,131.64999389648438,52532,SPCX
2026-07-16 14:18:00,131.69000244140625,131.7899932861328,131.6199951171875,131.6300048828125,51135,SPCX
2026-07-16 14:19:00,131.60000610351562,131.60989379882812,131.47000122070312,131.47000122070312,60914,SPCX
2026-07-16 14:20:00,131.47500610351562,131.63999938964844,131.4499969482422,131.52999877929688,63143,SPCX
2026-07-16 14:21:00,131.5500030517578,131.6699981689453,131.5,131.66000366210938,89351,SPCX
2026-07-16 14:22:00,131.64010620117188,131.72999572753906,131.4499969482422,131.52999877929688,56650,SPCX
2026-07-16 14:23:00,131.5399932861328,131.61990356445312,131.39010620117188,131.5850067138672,85243,SPCX
2026-07-16 14:24:00,131.5749969482422,131.8300018310547,131.55999755859375,131.8000030517578,73000,SPCX
2026-07-16 14:25:00,131.74000549316406,131.80999755859375,131.57000732421875,131.59500122070312,75350,SPCX
2026-07-16 14:26:00,131.60000610351562,131.85000610351562,131.58999633789062,131.75,71917,SPCX
2026-07-16 14:27:00,131.77999877929688,131.8800048828125,131.75,131.82009887695312,58892,SPCX
2026-07-16 14:28:00,131.82000732421875,131.9398956298828,131.72999572753906,131.78500366210938,46853,SPCX
2026-07-16 14:29:00,131.8000030517578,131.82000732421875,131.6199951171875,131.66000366210938,55138,SPCX
2026-07-16 14:30:00,131.66000366210938,131.66000366210938,131.5,131.57000732421875,69340,SPCX
2026-07-16 14:31:00,131.55999755859375,131.61000061035156,131.4199981689453,131.43499755859375,62042,SPCX
2026-07-16 14:32:00,131.39999389648438,131.57000732421875,131.38999938964844,131.38999938964844,52779,SPCX
2026-07-16 14:33:00,131.39999389648438,131.4398956298828,131.31500244140625,131.3300018310547,56908,SPCX
2026-07-16 14:34:00,131.33999633789062,131.33999633789062,131.19000244140625,131.28500366210938,91652,SPCX
2026-07-16 14:35:00,131.27000427246094,131.4499969482422,131.17999267578125,131.42999267578125,67795,SPCX
2026-07-16 14:36:00,131.40499877929688,131.40499877929688,131.27499389648438,131.3249969482422,128620,SPCX
2026-07-16 14:37:00,131.3249969482422,131.39999389648438,131.2949981689453,131.3300018310547,63550,SPCX
2026-07-16 14:38:00,131.30999755859375,131.49000549316406,131.25999450683594,131.44000244140625,57165,SPCX
2026-07-16 14:39:00,131.42999267578125,131.4499053955078,131.32000732421875,131.375,44195,SPCX
2026-07-16 14:40:00,131.36000061035156,131.37069702148438,131.13999938964844,131.1800994873047,70000,SPCX
2026-07-16 14:41:00,131.1699981689453,131.25,131.1300048828125,131.21499633789062,67498,SPCX
2026-07-16 14:42:00,131.21499633789062,131.39999389648438,131.1699981689453,131.31500244140625,46879,SPCX
2026-07-16 14:43:00,131.3300018310547,131.49000549316406,131.3300018310547,131.48989868164062,48521,SPCX
2026-07-16 14:44:00,131.45010375976562,131.52999877929688,131.3914031982422,131.42999267578125,55639,SPCX
2026-07-16 14:45:00,131.44000244140625,131.5399932861328,131.27000427246094,131.41839599609375,72660,SPCX
2026-07-16 14:46:00,131.41000366210938,131.49000549316406,131.38499450683594,131.47999572753906,47406,SPCX
2026-07-16 14:47:00,131.47999572753906,131.52000427246094,131.4199981689453,131.4499053955078,64042,SPCX
2026-07-16 14:48:00,131.43499755859375,131.52999877929688,131.43499755859375,131.49000549316406,64721,SPCX
2026-07-16 14:49:00,131.49000549316406,131.5800018310547,131.49000549316406,131.52499389648438,75651,SPCX
2026-07-16 14:50:00,131.5,131.55999755859375,131.44000244140625,131.4700927734375,65519,SPCX
2026-07-16 14:51:00,131.4600067138672,131.4600067138672,131.22999572753906,131.39950561523438,81411,SPCX
2026-07-16 14:52:00,131.39950561523438,131.39950561523438,131.25999450683594,131.2949981689453,73109,SPCX
2026-07-16 14:53:00,131.32009887695312,131.4698944091797,131.30999755859375,131.4040985107422,48009,SPCX
2026-07-16 14:54:00,131.38999938964844,131.38999938964844,131.2949981689453,131.33999633789062,48045,SPCX
2026-07-16 14:55:00,131.3300018310547,131.33999633789062,131.17999267578125,131.25999450683594,78198,SPCX
2026-07-16 14:56:00,131.25,131.35000610351562,131.19000244140625,131.2449951171875,52520,SPCX
2026-07-16 14:57:00,131.25999450683594,131.2899932861328,131.19000244140625,131.22999572753906,46409,SPCX
2026-07-16 14:58:00,131.2100067138672,131.27000427246094,131.13999938964844,131.2050018310547,71480,SPCX
2026-07-16 14:59:00,131.2050018310547,131.25,131.0800018310547,131.11000061035156,78399,SPCX
2026-07-16 15:00:00,131.10000610351562,131.49989318847656,131.09500122070312,131.4199981689453,127107,SPCX
2026-07-16 15:01:00,131.4250030517578,131.52999877929688,131.30999755859375,131.5198974609375,82880,SPCX
2026-07-16 15:02:00,131.5,131.52999877929688,131.3699951171875,131.4550018310547,92384,SPCX
2026-07-16 15:03:00,131.4199981689453,131.52999877929688,131.3000030517578,131.5,73461,SPCX
2026-07-16 15:04:00,131.49000549316406,131.539794921875,131.44500732421875,131.49960327148438,74267,SPCX
2026-07-16 15:05:00,131.47999572753906,131.52000427246094,131.3300018310547,131.47999572753906,182969,SPCX
2026-07-16 15:06:00,131.5,131.5,131.22000122070312,131.22999572753906,84810,SPCX
2026-07-16 15:07:00,131.24000549316406,131.25999450683594,131.11000061035156,131.1699981689453,77817,SPCX
2026-07-16 15:08:00,131.14149475097656,131.23219299316406,131.0615997314453,131.18890380859375,112688,SPCX
2026-07-16 15:09:00,131.17999267578125,131.2799072265625,131.13999938964844,131.22000122070312,66348,SPCX
2026-07-16 15:10:00,131.20399475097656,131.36000061035156,131.1999969482422,131.26229858398438,64567,SPCX
2026-07-16 15:11:00,131.25999450683594,131.4199981689453,131.22999572753906,131.3699951171875,216646,SPCX
2026-07-16 15:12:00,131.39999389648438,131.39999389648438,131.25999450683594,131.30999755859375,54574,SPCX
2026-07-16 15:13:00,131.2899932861328,131.39999389648438,131.2899932861328,131.33999633789062,60710,SPCX
2026-07-16 15:14:00,131.35000610351562,131.42999267578125,131.30999755859375,131.39999389648438,10532,SPCX
2026-07-16 15:15:00,131.40499877929688,131.40499877929688,131.2899932861328,131.3385009765625,75881,SPCX
2026-07-16 15:16:00,131.3249969482422,131.47500610351562,131.25,131.4600067138672,81185,SPCX
2026-07-16 15:17:00,131.46499633789062,131.4799041748047,131.33999633789062,131.3988037109375,58592,SPCX
2026-07-16 15:18:00,131.36000061035156,131.44000244140625,131.27999877929688,131.40989685058594,68328,SPCX
2026-07-16 15:19:00,131.38999938964844,131.42999267578125,131.2899932861328,131.33999633789062,95405,SPCX
2026-07-16 15:20:00,131.33180236816406,131.42990112304688,131.22999572753906,131.42990112304688,86218,SPCX
2026-07-16 15:21:00,131.39500427246094,131.5,131.3800048828125,131.5,87458,SPCX
2026-07-16 15:22:00,131.47999572753906,131.5399932861328,131.3300018310547,131.36500549316406,91514,SPCX
2026-07-16 15:23:00,131.35000610351562,131.41000366210938,131.30999755859375,131.30999755859375,73910,SPCX
2026-07-16 15:24:00,131.32000732421875,131.43780517578125,131.22999572753906,131.36000061035156,64928,SPCX
2026-07-16 15:25:00,131.3699951171875,131.41000366210938,131.3000030517578,131.38999938964844,59429,SPCX
2026-07-16 15:26:00,131.38499450683594,131.4499969482422,131.25999450683594,131.27000427246094,68127,SPCX
2026-07-16 15:27:00,131.25790405273438,131.3300018310547,131.16000366210938,131.17999267578125,128688,SPCX
2026-07-16 15:28:00,131.1999969482422,131.3800048828125,131.19500732421875,131.3699951171875,73881,SPCX
2026-07-16 15:29:00,131.36000061035156,131.5,131.14999389648438,131.46499633789062,91117,SPCX
2026-07-16 15:30:00,131.4600067138672,131.83810424804688,131.3800048828125,131.68499755859375,127384,SPCX
2026-07-16 15:31:00,131.66000366210938,132.13999938964844,131.58999633789062,131.94000244140625,163143,SPCX
2026-07-16 15:32:00,131.9600067138672,132.0800018310547,131.89999389648438,131.93499755859375,106997,SPCX
2026-07-16 15:33:00,131.89999389648438,131.91000366210938,131.72000122070312,131.73500061035156,81114,SPCX
2026-07-16 15:34:00,131.7449951171875,132.0,131.72999572753906,131.9499969482422,90189,SPCX
2026-07-16 15:35:00,131.9600067138672,131.97000122070312,131.67999267578125,131.68499755859375,88692,SPCX
2026-07-16 15:36:00,131.6999969482422,131.75999450683594,131.60000610351562,131.6750030517578,69248,SPCX
2026-07-16 15:37:00,131.66000366210938,131.84500122070312,131.64999389648438,131.75999450683594,79027,SPCX
2026-07-16 15:38:00,131.77999877929688,131.89999389648438,131.75999450683594,131.8300018310547,81725,SPCX
2026-07-16 15:39:00,131.8699951171875,131.9250030517578,131.72999572753906,131.9250030517578,95664,SPCX
2026-07-16 15:40:00,131.89999389648438,131.98989868164062,131.6199951171875,131.63999938964844,106487,SPCX
2026-07-16 15:41:00,131.63999938964844,131.6999969482422,131.52000427246094,131.68499755859375,96470,SPCX
2026-07-16 15:42:00,131.6999969482422,131.76519775390625,131.6811981201172,131.74000549316406,92093,SPCX
2026-07-16 15:43:00,131.7471923828125,131.8199005126953,131.5800018310547,131.63499450683594,97329,SPCX
2026-07-16 15:44:00,131.63499450683594,131.89990234375,131.5500030517578,131.8300018310547,79419,SPCX
2026-07-16 15:45:00,131.82000732421875,131.97999572753906,131.77999877929688,131.92999267578125,106742,SPCX
2026-07-16 15:46:00,131.92999267578125,132.17999267578125,131.87229919433594,132.08999633789062,126727,SPCX
2026-07-16 15:47:00,132.10000610351562,132.25999450683594,132.0850067138672,132.14999389648438,157328,SPCX
2026-07-16 15:48:00,132.13999938964844,132.4199981689453,132.1199951171875,132.35000610351562,224451,SPCX
2026-07-16 15:49:00,132.28500366210938,132.4499969482422,132.22000122070312,132.31370544433594,157162,SPCX
2026-07-16 15:50:00,132.3300018310547,132.75999450683594,132.30999755859375,132.72000122070312,227380,SPCX
2026-07-16 15:51:00,132.72000122070312,132.72999572753906,132.4600067138672,132.53500366210938,172821,SPCX
2026-07-16 15:52:00,132.5500030517578,132.5500030517578,132.18350219726562,132.35980224609375,157128,SPCX
2026-07-16 15:53:00,132.33999633789062,132.47000122070312,132.3000030517578,132.36000061035156,141242,SPCX
2026-07-16 15:54:00,132.33999633789062,132.53860473632812,132.2899932861328,132.53860473632812,165359,SPCX
2026-07-16 15:55:00,132.5,132.88499450683594,132.02000427246094,132.11000061035156,444899,SPCX
2026-07-16 15:56:00,132.07000732421875,132.10000610351562,131.5,131.55999755859375,358182,SPCX
2026-07-16 15:57:00,131.5500030517578,131.60000610351562,131.2100067138672,131.4600067138672,407546,SPCX
2026-07-16 15:58:00,131.42999267578125,131.47999572753906,131.10000610351562,131.1300048828125,619498,SPCX
2026-07-16 15:59:00,131.14999389648438,131.16000366210938,131.02000427246094,131.02999877929688,864641,SPCX
2026-07-17 09:30:00,126.75,126.75,126.68000030517578,126.6999969482422,7030359,SPCX
2026-07-17 09:31:00,126.6999969482422,127.02999877929688,125.53009796142578,125.65869903564452,567632,SPCX
2026-07-17 09:32:00,125.56999969482422,126.375,125.5500030517578,125.74500274658205,501320,SPCX
2026-07-17 09:33:00,125.74500274658205,126.16000366210938,125.54000091552734,125.61009979248048,332529,SPCX
2026-07-17 09:34:00,125.6999969482422,125.6999969482422,125.12000274658205,125.16449737548828,497964,SPCX
2026-07-17 09:35:00,125.15499877929688,125.45999908447266,124.66000366210938,124.83000183105467,1758940,SPCX
2026-07-17 09:36:00,124.88890075683594,124.97000122070312,123.62999725341795,123.6501007080078,732940,SPCX
2026-07-17 09:37:00,123.73999786376952,124.00499725341795,123.01000213623048,123.1500015258789,791842,SPCX
2026-07-17 09:38:00,123.16999816894533,123.25,122.1999969482422,122.25900268554688,889276,SPCX
2026-07-17 09:39:00,122.2300033569336,123.16999816894533,122.12000274658205,123.11499786376952,912620,SPCX
2026-07-17 09:40:00,123.12000274658205,123.76000213623048,122.87999725341795,123.4000015258789,566545,SPCX
2026-07-17 09:41:00,123.40499877929688,124.0,123.375,123.72000122070312,422393,SPCX
2026-07-17 09:42:00,123.6999969482422,123.73999786376952,123.0,123.66999816894533,397729,SPCX
2026-07-17 09:43:00,123.62999725341795,123.95999908447266,123.5,123.86000061035156,282388,SPCX
2026-07-17 09:44:00,123.86499786376952,124.3000030517578,123.61000061035156,124.16500091552734,356917,SPCX
2026-07-17 09:45:00,124.13500213623048,124.5999984741211,124.01000213623048,124.5999984741211,294952,SPCX
2026-07-17 09:46:00,124.5999984741211,124.77999877929688,124.36000061035156,124.66500091552734,313083,SPCX
2026-07-17 09:47:00,124.66500091552734,124.98999786376952,124.52999877929688,124.81999969482422,408883,SPCX
2026-07-17 09:48:00,124.8550033569336,125.45999908447266,124.83000183105467,125.23500061035156,365872,SPCX
2026-07-17 09:49:00,125.23999786376952,125.85990142822266,125.16000366210938,125.33999633789062,336953,SPCX
2026-07-17 09:50:00,125.33999633789062,125.37000274658205,124.9499969482422,125.0,331553,SPCX
2026-07-17 09:51:00,125.04000091552734,125.3499984741211,125.01000213623048,125.11990356445312,294509,SPCX
2026-07-17 09:52:00,125.06500244140624,125.11910247802734,124.33000183105467,124.33999633789062,328227,SPCX
2026-07-17 09:53:00,124.3499984741211,124.76000213623048,124.25,124.76000213623048,227548,SPCX
2026-07-17 09:54:00,124.75650024414062,124.79000091552734,124.34010314941406,124.66909790039062,265201,SPCX
2026-07-17 09:55:00,124.5999984741211,124.6999969482422,124.29000091552734,124.50460052490234,210884,SPCX
2026-07-17 09:56:00,124.4800033569336,124.75,124.3000030517578,124.54419708251952,218503,SPCX
2026-07-17 09:57:00,124.51000213623048,125.0,124.26000213623048,124.88500213623048,219990,SPCX
2026-07-17 09:58:00,124.8949966430664,125.33000183105467,124.8000030517578,125.31999969482422,229080,SPCX
2026-07-17 09:59:00,125.3499984741211,125.75,125.15350341796876,125.44499969482422,258810,SPCX
2026-07-17 10:00:00,125.38999938964844,126.08000183105467,125.38999938964844,126.04000091552734,282327,SPCX
2026-07-17 10:01:00,126.04000091552734,126.58999633789062,126.0199966430664,126.3748016357422,360567,SPCX
2026-07-17 10:02:00,126.38999938964844,126.73999786376952,126.3499984741211,126.4499969482422,263096,SPCX
2026-07-17 10:03:00,126.38899993896484,126.68000030517578,126.31999969482422,126.375,230246,SPCX
2026-07-17 10:04:00,126.41000366210938,126.68000030517578,125.8499984741211,125.91999816894533,247988,SPCX
2026-07-17 10:05:00,125.91500091552734,126.2300033569336,125.91010284423828,126.03500366210938,201384,SPCX
2026-07-17 10:06:00,126.02010345458984,126.88999938964844,125.93499755859376,126.86000061035156,234637,SPCX
2026-07-17 10:07:00,126.83499908447266,127.0,126.5,126.6750030517578,262720,SPCX
2026-07-17 10:08:00,126.6750030517578,126.9800033569336,126.47010040283205,126.91500091552734,214522,SPCX
2026-07-17 10:09:00,126.91999816894533,127.0199966430664,126.75,126.8000030517578,184557,SPCX
2026-07-17 10:10:00,126.80500030517578,126.94989776611328,126.62999725341795,126.83000183105467,159905,SPCX
2026-07-17 10:11:00,126.80999755859376,126.83000183105467,126.62999725341795,126.75,142185,SPCX
2026-07-17 10:12:00,126.71499633789062,126.7699966430664,126.11000061035156,126.16999816894533,169988,SPCX
2026-07-17 10:13:00,126.1500015258789,126.3499984741211,125.95010375976562,126.0199966430664,220120,SPCX
2026-07-17 10:14:00,126.07119750976562,126.12000274658205,125.65249633789062,125.80999755859376,193250,SPCX
2026-07-17 10:15:00,125.80999755859376,126.06990051269533,125.62999725341795,126.0199966430664,193203,SPCX
2026-07-17 10:16:00,126.00499725341795,126.24500274658205,125.80999755859376,126.24500274658205,148118,SPCX
2026-07-17 10:17:00,126.2249984741211,126.41999816894533,126.1165008544922,126.12000274658205,145912,SPCX
2026-07-17 10:18:00,126.1449966430664,126.28990173339844,125.93000030517578,126.16000366210938,143008,SPCX
2026-07-17 10:19:00,126.23999786376952,126.8000030517578,126.1501007080078,126.54000091552734,145909,SPCX
2026-07-17 10:20:00,126.52999877929688,126.80999755859376,126.33499908447266,126.37999725341795,114069,SPCX
2026-07-17 10:21:00,126.37000274658205,126.7699966430664,126.18000030517578,126.70999908447266,153770,SPCX
2026-07-17 10:22:00,126.73999786376952,126.83999633789062,126.13999938964844,126.47000122070312,101855,SPCX
2026-07-17 10:23:00,126.51499938964844,126.73999786376952,126.31999969482422,126.48999786376952,114672,SPCX
2026-07-17 10:24:00,126.52999877929688,126.79000091552734,126.48500061035156,126.75,95350,SPCX
2026-07-17 10:25:00,126.75499725341795,127.06770324707033,126.62000274658205,126.6989974975586,279819,SPCX
2026-07-17 10:26:00,126.63999938964844,126.7300033569336,126.1999969482422,126.3000030517578,184658,SPCX
2026-07-17 10:27:00,126.3000030517578,126.38999938964844,126.08499908447266,126.13500213623048,134452,SPCX
2026-07-17 10:28:00,126.12999725341795,126.26000213623048,125.66000366210938,125.66000366210938,290419,SPCX
2026-07-17 10:29:00,125.68000030517578,126.08999633789062,125.5199966430664,126.0,145100,SPCX
2026-07-17 10:30:00,126.0199966430664,126.05999755859376,125.58480072021484,125.82990264892578,150733,SPCX
2026-07-17 10:31:00,125.82980346679688,125.86000061035156,125.16999816894533,125.20999908447266,211236,SPCX
2026-07-17 10:32:00,125.16999816894533,125.62000274658205,125.16000366210938,125.25,182254,SPCX
2026-07-17 10:33:00,125.21499633789062,125.33989715576172,124.91000366210938,125.21009826660156,332158,SPCX
2026-07-17 10:34:00,125.25,125.62999725341795,125.25,125.37000274658205,129146,SPCX
2026-07-17 10:35:00,125.33999633789062,125.78500366210938,125.27999877929688,125.78500366210938,131142,SPCX
2026-07-17 10:36:00,125.7699966430664,125.94000244140624,125.66000366210938,125.80500030517578,105597,SPCX
2026-07-17 10:37:00,125.7699966430664,126.19000244140624,125.61000061035156,126.125,160309,SPCX
2026-07-17 10:38:00,126.125,126.40989685058594,125.95999908447266,126.12000274658205,107367,SPCX
2026-07-17 10:39:00,126.11000061035156,126.3000030517578,126.0,126.24500274658205,72432,SPCX
2026-07-17 10:40:00,126.23699951171876,126.37999725341795,126.11000061035156,126.13999938964844,89736,SPCX
2026-07-17 10:41:00,126.13999938964844,126.4000015258789,126.0999984741211,126.21499633789062,74473,SPCX
2026-07-17 10:42:00,126.22000122070312,126.47989654541016,126.0000991821289,126.16500091552734,88559,SPCX
2026-07-17 10:43:00,126.16500091552734,126.20999908447266,125.6750030517578,125.72000122070312,115539,SPCX
2026-07-17 10:44:00,125.63009643554688,126.0,125.63009643554688,125.9000015258789,88877,SPCX
2026-07-17 10:45:00,125.8949966430664,125.8949966430664,125.5999984741211,125.79000091552734,124271,SPCX
2026-07-17 10:46:00,125.7699966430664,125.8498992919922,124.80999755859376,125.1750030517578,244919,SPCX
2026-07-17 10:47:00,125.1750030517578,125.35990142822266,124.97000122070312,125.16000366210938,142469,SPCX
2026-07-17 10:48:00,125.18000030517578,125.2925033569336,124.91000366210938,124.9800033569336,133303,SPCX
2026-07-17 10:49:00,124.9800033569336,125.0999984741211,124.79499816894533,124.8000030517578,140452,SPCX
2026-07-17 10:50:00,124.83499908447266,125.18000030517578,124.8000030517578,125.0199966430664,86792,SPCX
2026-07-17 10:51:00,125.04000091552734,125.17990112304688,124.82009887695312,124.9000015258789,116677,SPCX
2026-07-17 10:52:00,124.8499984741211,125.36000061035156,124.81999969482422,125.1500015258789,124675,SPCX
2026-07-17 10:53:00,125.11000061035156,125.1688003540039,124.91000366210938,124.94499969482422,121800,SPCX
2026-07-17 10:54:00,124.97000122070312,125.0500030517578,124.80999755859376,124.88999938964844,98465,SPCX
2026-07-17 10:55:00,124.88999938964844,125.02999877929688,124.80999755859376,124.91999816894533,87088,SPCX
2026-07-17 10:56:00,124.94000244140624,125.02989959716795,124.70999908447266,124.75,151283,SPCX
2026-07-17 10:57:00,124.73200225830078,125.0998992919922,124.66999816894533,124.6999969482422,118078,SPCX
2026-07-17 10:58:00,124.70999908447266,124.70999908447266,124.1999969482422,124.28620147705078,301598,SPCX
2026-07-17 10:59:00,124.25,124.48999786376952,124.12999725341795,124.3000030517578,188839,SPCX
2026-07-17 11:00:00,124.30999755859376,124.43990325927734,123.87999725341795,124.0801010131836,387915,SPCX
2026-07-17 11:01:00,124.0500030517578,124.09359741210938,123.69000244140624,123.9000015258789,235717,SPCX
2026-07-17 11:02:00,123.88999938964844,124.0999984741211,123.85050201416016,124.03500366210938,155636,SPCX
2026-07-17 11:03:00,124.02999877929688,124.06990051269533,123.8000030517578,123.94000244140624,119727,SPCX
2026-07-17 11:04:00,123.94000244140624,124.0500030517578,123.6500015258789,123.6999969482422,113529,SPCX
2026-07-17 11:05:00,123.66999816894533,123.73999786376952,123.36000061035156,123.44499969482422,298568,SPCX
2026-07-17 11:06:00,123.43499755859376,123.66000366210938,123.30999755859376,123.62840270996094,182857,SPCX
2026-07-17 11:07:00,123.56500244140624,123.68000030517578,123.2300033569336,123.29000091552734,174740,SPCX
2026-07-17 11:08:00,123.23999786376952,123.5250015258789,123.22000122070312,123.44000244140624,202560,SPCX
2026-07-17 11:09:00,123.46499633789062,123.56990051269533,123.33000183105467,123.44499969482422,121643,SPCX
2026-07-17 11:10:00,123.41000366210938,123.66000366210938,123.33999633789062,123.4250030517578,202529,SPCX
2026-07-17 11:11:00,123.37999725341795,123.7300033569336,123.3499984741211,123.6999969482422,196749,SPCX
2026-07-17 11:12:00,123.66999816894533,123.8499984741211,123.5999984741211,123.6999969482422,158241,SPCX
2026-07-17 11:13:00,123.6750030517578,123.79989624023438,123.4800033569336,123.5250015258789,206575,SPCX
2026-07-17 11:14:00,123.5,123.8196029663086,123.4800033569336,123.76000213623048,120389,SPCX
2026-07-17 11:15:00,123.74500274658205,123.75,123.44000244140624,123.45999908447266,172743,SPCX
2026-07-17 11:16:00,123.4800033569336,123.6999969482422,123.47000122070312,123.61000061035156,89651,SPCX
2026-07-17 11:17:00,123.61000061035156,123.6999969482422,123.38999938964844,123.4749984741211,130162,SPCX
2026-07-17 11:18:00,123.50420379638672,123.5999984741211,123.38999938964844,123.54000091552734,95139,SPCX
2026-07-17 11:19:00,123.5250015258789,123.6500015258789,123.45010375976562,123.55999755859376,101204,SPCX
2026-07-17 11:20:00,123.54000091552734,123.65969848632812,123.33999633789062,123.58999633789062,181659,SPCX
2026-07-17 11:21:00,123.625,123.875,123.47000122070312,123.72000122070312,293634,SPCX
2026-07-17 11:22:00,123.72000122070312,124.0189971923828,123.5999984741211,123.87999725341795,148462,SPCX
2026-07-17 11:23:00,123.87999725341795,123.98999786376952,123.6999969482422,123.875,125455,SPCX
2026-07-17 11:24:00,123.9000015258789,123.9499969482422,123.70999908447266,123.9499969482422,176915,SPCX
2026-07-17 11:25:00,123.87000274658205,124.20999908447266,123.87000274658205,124.00499725341795,244333,SPCX
2026-07-17 11:26:00,123.98999786376952,124.22000122070312,123.94499969482422,124.1750030517578,81273,SPCX
2026-07-17 11:27:00,124.13999938964844,124.41000366210938,124.13999938964844,124.22010040283205,167672,SPCX
2026-07-17 11:28:00,124.23999786376952,124.55970001220705,124.05999755859376,124.4800033569336,211214,SPCX
2026-07-17 11:29:00,124.4800033569336,124.61000061035156,124.37999725341795,124.51000213623048,170155,SPCX
2026-07-17 11:30:00,124.54989624023438,124.72000122070312,124.4800033569336,124.66000366210938,109062,SPCX
2026-07-17 11:31:00,124.66999816894533,124.68000030517578,124.23999786376952,124.2699966430664,212609,SPCX
2026-07-17 11:32:00,124.2699966430664,124.30999755859376,123.9499969482422,124.05750274658205,212161,SPCX
2026-07-17 11:33:00,124.0500030517578,124.41999816894533,124.03900146484376,124.24500274658205,140730,SPCX
2026-07-17 11:34:00,124.22000122070312,124.31500244140624,124.04060363769533,124.15969848632812,111532,SPCX
2026-07-17 11:35:00,124.1449966430664,124.22000122070312,123.9499969482422,124.18900299072266,114723,SPCX
2026-07-17 11:36:00,124.1500015258789,124.3000030517578,123.98699951171876,124.0500030517578,115749,SPCX
2026-07-17 11:37:00,124.11000061035156,124.44000244140624,124.11000061035156,124.33999633789062,107179,SPCX
2026-07-17 11:38:00,124.31999969482422,124.33000183105467,124.12000274658205,124.1449966430664,91493,SPCX
2026-07-17 11:39:00,124.0999984741211,124.19000244140624,123.83000183105467,123.9717025756836,178442,SPCX
2026-07-17 11:40:00,123.95500183105467,124.10990142822266,123.87999725341795,123.97000122070312,127190,SPCX
2026-07-17 11:41:00,123.95999908447266,123.95999908447266,123.6999969482422,123.7895965576172,168023,SPCX
2026-07-17 11:42:00,123.75039672851562,123.8498992919922,123.62999725341795,123.83000183105467,137513,SPCX
2026-07-17 11:43:00,123.83499908447266,123.91000366210938,123.54000091552734,123.57990264892578,152710,SPCX
2026-07-17 11:44:00,123.58000183105467,123.62999725341795,123.4000015258789,123.47000122070312,248475,SPCX
2026-07-17 11:45:00,123.45999908447266,123.5500030517578,123.16000366210938,123.29989624023438,361662,SPCX
2026-07-17 11:46:00,123.26499938964844,123.4000015258789,122.8499984741211,123.12000274658205,661965,SPCX
2026-07-17 11:47:00,123.12000274658205,123.25,123.05999755859376,123.23999786376952,223433,SPCX
2026-07-17 11:48:00,123.23999786376952,123.44000244140624,123.1999969482422,123.30500030517578,216080,SPCX
2026-07-17 11:49:00,123.33000183105467,123.54499816894533,123.3000030517578,123.5199966430664,133779,SPCX
2026-07-17 11:50:00,123.51000213623048,123.5198974609375,123.2699966430664,123.4000015258789,141140,SPCX
2026-07-17 11:51:00,123.38999938964844,123.6500015258789,123.22000122070312,123.55500030517578,156318,SPCX
2026-07-17 11:52:00,123.5500030517578,123.83999633789062,123.52999877929688,123.83999633789062,110974,SPCX
2026-07-17 11:53:00,123.83999633789062,124.12000274658205,123.7300033569336,123.8249969482422,406104,SPCX
2026-07-17 11:54:00,123.83999633789062,124.1999969482422,123.7615966796875,124.12999725341795,140307,SPCX
2026-07-17 11:55:00,124.12999725341795,124.51000213623048,124.06999969482422,124.36000061035156,177953,SPCX
2026-07-17 11:56:00,124.36499786376952,124.52999877929688,124.33000183105467,124.51499938964844,109986,SPCX
2026-07-17 11:57:00,124.5,124.66999816894533,124.45010375976562,124.45010375976562,126916,SPCX
2026-07-17 11:58:00,124.4499969482422,124.55989837646484,124.1999969482422,124.3499984741211,120408,SPCX
2026-07-17 11:59:00,124.36000061035156,124.55999755859376,124.3000030517578,124.5500030517578,128966,SPCX
2026-07-17 12:00:00,124.55999755859376,124.94000244140624,124.52020263671876,124.87000274658205,143025,SPCX
2026-07-17 12:01:00,124.9000015258789,124.94499969482422,124.4000015258789,124.4697036743164,146115,SPCX
2026-07-17 12:02:00,124.44499969482422,124.6999969482422,124.38009643554688,124.4250030517578,130606,SPCX
2026-07-17 12:03:00,124.4000015258789,124.41999816894533,124.19499969482422,124.25,128214,SPCX
2026-07-17 12:04:00,124.2300033569336,124.5500030517578,124.17050170898438,124.54000091552734,117073,SPCX
2026-07-17 12:05:00,124.50499725341795,124.52999877929688,124.3019027709961,124.34500122070312,90257,SPCX
2026-07-17 12:06:00,124.3499984741211,124.43000030517578,124.23999786376952,124.36000061035156,343475,SPCX
2026-07-17 12:07:00,124.3949966430664,124.53990173339844,124.23999786376952,124.40499877929688,212445,SPCX
2026-07-17 12:08:00,124.37000274658205,124.61000061035156,124.31500244140624,124.58499908447266,148719,SPCX
2026-07-17 12:09:00,124.59500122070312,124.86990356445312,124.59500122070312,124.80139923095705,88310,SPCX
2026-07-17 12:10:00,124.83499908447266,125.11000061035156,124.81500244140624,124.88999938964844,209700,SPCX
2026-07-17 12:11:00,124.90499877929688,124.9800033569336,124.37999725341795,124.4000015258789,131393,SPCX
2026-07-17 12:12:00,124.37999725341795,124.54000091552734,124.27999877929688,124.37999725341795,99525,SPCX
2026-07-17 12:13:00,124.37999725341795,124.62999725341795,124.34500122070312,124.56849670410156,113199,SPCX
2026-07-17 12:14:00,124.57949829101562,124.73989868164062,124.5,124.50499725341795,129177,SPCX
2026-07-17 12:15:00,124.5,124.73989868164062,124.41500091552734,124.73989868164062,157680,SPCX
2026-07-17 12:16:00,124.70500183105467,124.73999786376952,124.5,124.62000274658205,91773,SPCX
2026-07-17 12:17:00,124.6395034790039,124.97000122070312,124.1999969482422,124.6449966430664,328861,SPCX
2026-07-17 12:18:00,124.69000244140624,125.06999969482422,124.55999755859376,125.06990051269533,140968,SPCX
2026-07-17 12:19:00,124.99440002441406,125.3498992919922,124.99440002441406,125.13249969482422,131385,SPCX
2026-07-17 12:20:00,125.13500213623048,125.25,124.8115005493164,124.83000183105467,138826,SPCX
2026-07-17 12:21:00,124.88999938964844,124.91000366210938,124.4800033569336,124.5199966430664,110686,SPCX
2026-07-17 12:22:00,124.5,124.61990356445312,124.41000366210938,124.52999877929688,89557,SPCX
2026-07-17 12:23:00,124.52999877929688,124.58999633789062,124.30010223388672,124.3550033569336,115070,SPCX
2026-07-17 12:24:00,124.4000015258789,124.5,124.19000244140624,124.25499725341795,106289,SPCX
2026-07-17 12:25:00,124.3000030517578,124.3000030517578,124.12999725341795,124.16500091552734,102590,SPCX
2026-07-17 12:26:00,124.16500091552734,124.16500091552734,123.9001007080078,124.0250015258789,200726,SPCX
2026-07-17 12:27:00,124.0250015258789,124.30999755859376,124.0,124.30999755859376,78381,SPCX
2026-07-17 12:28:00,124.29000091552734,124.44989776611328,124.22000122070312,124.38999938964844,394909,SPCX
2026-07-17 12:29:00,124.3499984741211,124.52989959716795,124.33000183105467,124.45500183105467,89290,SPCX
2026-07-17 12:30:00,124.45500183105467,124.53990173339844,124.19000244140624,124.2699966430664,75000,SPCX
2026-07-17 12:31:00,124.2699966430664,124.44000244140624,124.2301025390625,124.375,74429,SPCX
2026-07-17 12:32:00,124.3499984741211,124.51000213623048,124.3000030517578,124.51000213623048,74857,SPCX
2026-07-17 12:33:00,124.51499938964844,124.51940155029295,124.25,124.38999938964844,102927,SPCX
2026-07-17 12:34:00,124.36499786376952,124.42990112304688,124.20999908447266,124.29499816894533,71548,SPCX
2026-07-17 12:35:00,124.31999969482422,124.62999725341795,124.30999755859376,124.5500030517578,59874,SPCX
2026-07-17 12:36:00,124.55500030517578,124.74970245361328,124.36499786376952,124.70999908447266,86015,SPCX
2026-07-17 12:37:00,124.74440002441406,124.7699966430664,124.43000030517578,124.4749984741211,93155,SPCX
2026-07-17 12:38:00,124.46499633789062,124.63500213623048,124.41000366210938,124.625,284333,SPCX
2026-07-17 12:39:00,124.63999938964844,124.6500015258789,124.5,124.56999969482422,74905,SPCX
2026-07-17 12:40:00,124.54010009765624,124.5999984741211,124.4000015258789,124.51499938964844,68592,SPCX
2026-07-17 12:41:00,124.52999877929688,124.79989624023438,124.47000122070312,124.6510009765625,116636,SPCX
2026-07-17 12:42:00,124.66999816894533,124.9499969482422,124.61000061035156,124.79840087890624,135341,SPCX
2026-07-17 12:43:00,124.87999725341795,124.93000030517578,124.7699966430664,124.88990020751952,123299,SPCX
2026-07-17 12:44:00,124.88999938964844,125.17949676513672,124.79000091552734,125.0999984741211,127200,SPCX
2026-07-17 12:45:00,125.125,125.1999969482422,124.98999786376952,125.15499877929688,104336,SPCX
2026-07-17 12:46:00,125.13999938964844,125.13999938964844,124.94000244140624,125.05120086669922,114233,SPCX
2026-07-17 12:47:00,125.05120086669922,125.22000122070312,125.0500030517578,125.1500015258789,80145,SPCX
2026-07-17 12:48:00,125.19000244140624,125.3000030517578,125.05999755859376,125.16500091552734,88516,SPCX
2026-07-17 12:49:00,125.16919708251952,125.4800033569336,125.12000274658205,125.37999725341795,156550,SPCX
2026-07-17 12:50:00,125.4000015258789,125.56999969482422,125.36000061035156,125.4250030517578,184308,SPCX
2026-07-17 12:51:00,125.4250030517578,125.80860137939452,125.4000015258789,125.70500183105467,198987,SPCX
2026-07-17 12:52:00,125.70500183105467,125.9198989868164,125.62000274658205,125.8301010131836,182416,SPCX
2026-07-17 12:53:00,125.88990020751952,125.93000030517578,125.6999969482422,125.73500061035156,81070,SPCX
2026-07-17 12:54:00,125.75,126.08000183105467,125.62000274658205,126.0199966430664,143949,SPCX
2026-07-17 12:55:00,126.02999877929688,126.30999755859376,125.9499969482422,126.03500366210938,148028,SPCX
2026-07-17 12:56:00,126.0,126.04989624023438,125.68000030517578,125.79499816894533,82736,SPCX
2026-07-17 12:57:00,125.81999969482422,125.91000366210938,125.61000061035156,125.87000274658205,123667,SPCX
2026-07-17 12:58:00,125.87000274658205,126.0,125.7699966430664,125.94000244140624,93913,SPCX
2026-07-17 12:59:00,125.9800033569336,125.9800033569336,125.73500061035156,125.73500061035156,87252,SPCX
2026-07-17 13:00:00,125.73999786376952,126.08999633789062,125.6999969482422,126.08000183105467,66378,SPCX
2026-07-17 13:01:00,126.08999633789062,126.26000213623048,126.02999877929688,126.12999725341795,129654,SPCX
2026-07-17 13:02:00,126.1500015258789,126.25990295410156,126.04000091552734,126.0999984741211,100566,SPCX
2026-07-17 13:03:00,126.12999725341795,126.30500030517578,126.08000183105467,126.15499877929688,88918,SPCX
2026-07-17 13:04:00,126.18000030517578,126.2300033569336,126.0500030517578,126.13480377197266,90566,SPCX
2026-07-17 13:05:00,126.12000274658205,126.18000030517578,126.0,126.0,123698,SPCX
2026-07-17 13:06:00,126.02999877929688,126.07949829101562,125.94010162353516,126.04499816894533,116426,SPCX
2026-07-17 13:07:00,126.04499816894533,126.13999938964844,125.86000061035156,125.88999938964844,80219,SPCX
2026-07-17 13:08:00,125.90499877929688,125.9499969482422,125.75,125.78500366210938,106747,SPCX
2026-07-17 13:09:00,125.78500366210938,126.1041030883789,125.78500366210938,125.9000015258789,104029,SPCX
2026-07-17 13:10:00,125.91999816894533,126.02999877929688,125.72000122070312,125.87999725341795,154012,SPCX
2026-07-17 13:11:00,125.87999725341795,126.0199966430664,125.87999725341795,125.9800033569336,97845,SPCX
2026-07-17 13:12:00,125.95999908447266,126.02999877929688,125.8499984741211,126.01000213623048,91488,SPCX
2026-07-17 13:13:00,126.0199966430664,126.08999633789062,125.91999816894533,125.99500274658205,85020,SPCX
2026-07-17 13:14:00,125.97000122070312,126.1999969482422,125.9499969482422,126.06999969482422,120708,SPCX
2026-07-17 13:15:00,126.11160278320312,126.13999938964844,125.91000366210938,126.13999938964844,71919,SPCX
2026-07-17 13:16:00,126.11000061035156,126.33999633789062,126.02010345458984,126.23999786376952,157889,SPCX
2026-07-17 13:17:00,126.23999786376952,126.31999969482422,126.16000366210938,126.26000213623048,108547,SPCX
2026-07-17 13:18:00,126.23999786376952,126.2593994140625,125.9499969482422,126.01000213623048,115002,SPCX
2026-07-17 13:19:00,126.0,126.01000213623048,125.6999969482422,125.7300033569336,116752,SPCX
2026-07-17 13:20:00,125.7300033569336,125.8000030517578,125.55999755859376,125.77999877929688,95160,SPCX
2026-07-17 13:21:00,125.68000030517578,125.81990051269533,125.61000061035156,125.72000122070312,80885,SPCX
2026-07-17 13:22:00,125.72989654541016,125.82990264892578,125.6500015258789,125.6999969482422,66053,SPCX
2026-07-17 13:23:00,125.7300033569336,125.87000274658205,125.70500183105467,125.8249969482422,68672,SPCX
2026-07-17 13:24:00,125.80500030517578,125.87989807128906,125.66000366210938,125.81500244140624,65728,SPCX
2026-07-17 13:25:00,125.79299926757812,126.16999816894533,125.76000213623048,126.13500213623048,96729,SPCX
2026-07-17 13:26:00,126.1697998046875,126.4999008178711,126.11859893798828,126.3249969482422,125020,SPCX
2026-07-17 13:27:00,126.33000183105467,126.37000274658205,126.26000213623048,126.30999755859376,53194,SPCX
2026-07-17 13:28:00,126.30999755859376,126.43990325927734,126.25,126.33999633789062,88294,SPCX
2026-07-17 13:29:00,126.33499908447266,126.41999816894533,126.26000213623048,126.3249969482422,54785,SPCX
2026-07-17 13:30:00,126.27999877929688,126.39959716796876,126.12999725341795,126.18000030517578,65146,SPCX
2026-07-17 13:31:00,126.1750030517578,126.2699966430664,126.0999984741211,126.18579864501952,54593,SPCX
2026-07-17 13:32:00,126.1500015258789,126.18000030517578,126.0,126.06999969482422,62198,SPCX
2026-07-17 13:33:00,126.08000183105467,126.29000091552734,126.06999969482422,126.28250122070312,55800,SPCX
2026-07-17 13:34:00,126.29499816894533,126.32990264892578,126.20919799804688,126.3000030517578,46723,SPCX
2026-07-17 13:35:00,126.31999969482422,126.37999725341795,126.0009994506836,126.0009994506836,72187,SPCX
2026-07-17 13:36:00,126.06999969482422,126.1999969482422,125.75,125.80999755859376,136709,SPCX
2026-07-17 13:37:00,125.77999877929688,125.91999816894533,125.66999816894533,125.87010192871094,136981,SPCX
2026-07-17 13:38:00,125.8949966430664,125.93990325927734,125.76000213623048,125.87000274658205,61131,SPCX
2026-07-17 13:39:00,125.8499984741211,125.94000244140624,125.8249969482422,125.9000015258789,47157,SPCX
2026-07-17 13:40:00,125.88999938964844,125.93000030517578,125.65290069580078,125.65290069580078,65047,SPCX
2026-07-17 13:41:00,125.66999816894533,125.66999816894533,125.4499969482422,125.56999969482422,149889,SPCX
2026-07-17 13:42:00,125.56999969482422,125.8000030517578,125.54000091552734,125.6750030517578,86787,SPCX
2026-07-17 13:43:00,125.61000061035156,125.70999908447266,125.22000122070312,125.3915023803711,339283,SPCX
2026-07-17 13:44:00,125.41999816894533,125.47000122070312,125.3000030517578,125.41699981689452,72929,SPCX
2026-07-17 13:45:00,125.41729736328124,125.62000274658205,125.30999755859376,125.5998992919922,84173,SPCX
2026-07-17 13:46:00,125.58779907226562,125.63999938964844,125.5,125.53500366210938,51116,SPCX
2026-07-17 13:47:00,125.51499938964844,125.6500015258789,125.4499969482422,125.63500213623048,57734,SPCX
2026-07-17 13:48:00,125.66000366210938,125.75,125.51000213623048,125.5999984741211,72971,SPCX
2026-07-17 13:49:00,125.5999984741211,125.68000030517578,125.5,125.67990112304688,84146,SPCX
2026-07-17 13:50:00,125.66999816894533,125.79000091552734,125.63999938964844,125.73049926757812,64698,SPCX
2026-07-17 13:51:00,125.6999969482422,125.8498992919922,125.66000366210938,125.80999755859376,48531,SPCX
2026-07-17 13:52:00,125.7500991821289,125.89859771728516,125.75,125.82990264892578,50903,SPCX
2026-07-17 13:53:00,125.84249877929688,125.9499969482422,125.83999633789062,125.9000015258789,65953,SPCX
2026-07-17 13:54:00,125.8949966430664,126.0999984741211,125.87000274658205,125.98090362548828,103838,SPCX
2026-07-17 13:55:00,125.92630004882812,126.04000091552734,125.88500213623048,125.98500061035156,66467,SPCX
2026-07-17 13:56:00,125.95500183105467,125.98999786376952,125.91000366210938,125.97989654541016,35963,SPCX
2026-07-17 13:57:00,125.94499969482422,126.00990295410156,125.78009796142578,125.92009735107422,66499,SPCX
2026-07-17 13:58:00,125.93000030517578,126.0500030517578,125.8499984741211,126.0199966430664,59447,SPCX
2026-07-17 13:59:00,125.99500274658205,126.05999755859376,125.8000030517578,125.8499984741211,72312,SPCX
2026-07-17 14:00:00,125.8499984741211,125.87930297851562,125.5199966430664,125.56500244140624,113881,SPCX
2026-07-17 14:01:00,125.56500244140624,126.0,125.54000091552734,125.9499969482422,140023,SPCX
2026-07-17 14:02:00,125.93000030517578,126.11000061035156,125.9000015258789,125.98999786376952,65713,SPCX
2026-07-17 14:03:00,125.95999908447266,126.0199966430664,125.72000122070312,125.9499969482422,73601,SPCX
2026-07-17 14:04:00,125.94499969482422,126.0,125.83000183105467,125.86499786376952,50476,SPCX
2026-07-17 14:05:00,125.86499786376952,125.88999938964844,125.61000061035156,125.66999816894533,50724,SPCX
2026-07-17 14:06:00,125.72000122070312,125.72000122070312,125.29000091552734,125.41500091552734,83965,SPCX
2026-07-17 14:07:00,125.37000274658205,125.44989776611328,125.25,125.37779998779295,127357,SPCX
2026-07-17 14:08:00,125.36499786376952,125.5,125.1999969482422,125.26000213623048,61002,SPCX
2026-07-17 14:09:00,125.26000213623048,125.4499969482422,125.25,125.31500244140624,67946,SPCX
2026-07-17 14:10:00,125.30999755859376,125.44989776611328,125.2300033569336,125.2699966430664,77776,SPCX
2026-07-17 14:11:00,125.26499938964844,125.44000244140624,125.24009704589844,125.38999938964844,71995,SPCX
2026-07-17 14:12:00,125.3949966430664,125.43000030517578,125.30999755859376,125.4198989868164,75800,SPCX
2026-07-17 14:13:00,125.37999725341795,125.41999816894533,125.22000122070312,125.29000091552734,74883,SPCX
2026-07-17 14:14:00,125.29000091552734,125.3499984741211,125.25,125.2699966430664,47501,SPCX
2026-07-17 14:15:00,125.28500366210938,125.30999755859376,125.12000274658205,125.1750030517578,68767,SPCX
2026-07-17 14:16:00,125.16000366210938,125.16000366210938,124.9000015258789,124.93499755859376,277400,SPCX
2026-07-17 14:17:00,124.93499755859376,125.05999755859376,124.91000366210938,125.00499725341795,63106,SPCX
2026-07-17 14:18:00,124.98500061035156,125.25,124.98500061035156,125.22000122070312,69708,SPCX
2026-07-17 14:19:00,125.2249984741211,125.25,125.01000213623048,125.15499877929688,79726,SPCX
2026-07-17 14:20:00,125.13999938964844,125.16000366210938,124.9520034790039,124.95580291748048,62039,SPCX
2026-07-17 14:21:00,124.97000122070312,125.0500030517578,124.9499969482422,125.02999877929688,53641,SPCX
2026-07-17 14:22:00,125.04409790039062,125.12000274658205,124.97000122070312,125.01010131835938,68863,SPCX
2026-07-17 14:23:00,125.0998992919922,125.20999908447266,125.01000213623048,125.05500030517578,64494,SPCX
2026-07-17 14:24:00,125.0500030517578,125.08000183105467,124.93009948730467,125.08000183105467,74609,SPCX
2026-07-17 14:25:00,125.0500030517578,125.09500122070312,124.9800033569336,125.08999633789062,54444,SPCX
2026-07-17 14:26:00,125.08999633789062,125.2020034790039,125.06009674072266,125.16000366210938,52298,SPCX
2026-07-17 14:27:00,125.13500213623048,125.23989868164062,125.08999633789062,125.1999969482422,68613,SPCX
2026-07-17 14:28:00,125.18000030517578,125.37999725341795,125.18000030517578,125.30999755859376,68390,SPCX
2026-07-17 14:29:00,125.28500366210938,125.33999633789062,125.20999908447266,125.24089813232422,61779,SPCX
2026-07-17 14:30:00,125.20999908447266,125.58000183105467,125.1999969482422,125.4499969482422,98484,SPCX
2026-07-17 14:31:00,125.4499969482422,125.49909973144533,125.38999938964844,125.44000244140624,41175,SPCX
2026-07-17 14:32:00,125.41000366210938,125.43000030517578,125.2300033569336,125.27999877929688,68379,SPCX
2026-07-17 14:33:00,125.3000030517578,125.375,125.0999984741211,125.11000061035156,60600,SPCX
2026-07-17 14:34:00,125.0999984741211,125.1999969482422,125.0199966430664,125.16500091552734,79527,SPCX
2026-07-17 14:35:00,125.18000030517578,125.22000122070312,125.0500030517578,125.08999633789062,46762,SPCX
2026-07-17 14:36:00,125.0749969482422,125.1999969482422,125.04000091552734,125.1999969482422,52141,SPCX
2026-07-17 14:37:00,125.1999969482422,125.22000122070312,125.0199966430664,125.1999969482422,51560,SPCX
2026-07-17 14:38:00,125.22000122070312,125.3000030517578,125.0999984741211,125.13500213623048,83308,SPCX
2026-07-17 14:39:00,125.15989685058594,125.20999908447266,125.0999984741211,125.12999725341795,40400,SPCX
2026-07-17 14:40:00,125.16000366210938,125.18990325927734,124.98999786376952,125.13999938964844,106500,SPCX
2026-07-17 14:41:00,125.125,125.1500015258789,125.0199966430664,125.08000183105467,65508,SPCX
2026-07-17 14:42:00,125.0749969482422,125.12999725341795,124.98999786376952,125.0500030517578,79503,SPCX
2026-07-17 14:43:00,125.0500030517578,125.0999984741211,124.96009826660156,124.98500061035156,80236,SPCX
2026-07-17 14:44:00,124.98500061035156,125.22000122070312,124.9250030517578,125.18199920654295,80829,SPCX
2026-07-17 14:45:00,125.1750030517578,125.3000030517578,125.09010314941406,125.1999969482422,93996,SPCX
2026-07-17 14:46:00,125.17009735107422,125.29000091552734,125.1500015258789,125.26000213623048,66692,SPCX
2026-07-17 14:47:00,125.25499725341795,125.3499984741211,125.2300033569336,125.29000091552734,60393,SPCX
2026-07-17 14:48:00,125.30999755859376,125.41999816894533,125.26000213623048,125.4000015258789,46823,SPCX
2026-07-17 14:49:00,125.38639831542967,125.54000091552734,125.37000274658205,125.51000213623048,72919,SPCX
2026-07-17 14:50:00,125.47000122070312,125.58000183105467,125.38510131835938,125.4250030517578,91764,SPCX
2026-07-17 14:51:00,125.45999908447266,125.5999984741211,125.44000244140624,125.56009674072266,86484,SPCX
2026-07-17 14:52:00,125.58000183105467,125.69000244140624,125.45999908447266,125.50499725341795,75251,SPCX
2026-07-17 14:53:00,125.50499725341795,125.8499984741211,125.50499725341795,125.82949829101562,66922,SPCX
2026-07-17 14:54:00,125.80500030517578,126.0,125.7310028076172,125.91999816894533,146006,SPCX
2026-07-17 14:55:00,125.91000366210938,126.04000091552734,125.91000366210938,125.97000122070312,72327,SPCX
2026-07-17 14:56:00,126.0199966430664,126.0199966430664,125.62000274658205,125.73989868164062,82975,SPCX
2026-07-17 14:57:00,125.69000244140624,125.9499969482422,125.62999725341795,125.90499877929688,65799,SPCX
2026-07-17 14:58:00,125.93000030517578,126.0199966430664,125.86000061035156,125.94000244140624,99677,SPCX
2026-07-17 14:59:00,125.95999908447266,125.96959686279295,125.8000030517578,125.8000030517578,52422,SPCX
2026-07-17 15:00:00,125.80500030517578,125.86000061035156,125.6999969482422,125.8499984741211,60367,SPCX
2026-07-17 15:01:00,125.8000030517578,125.8499984741211,125.68000030517578,125.72000122070312,68638,SPCX
2026-07-17 15:02:00,125.6999969482422,125.81999969482422,125.66000366210938,125.70999908447266,61402,SPCX
2026-07-17 15:03:00,125.68000030517578,126.3499984741211,125.58999633789062,126.33999633789062,196628,SPCX
2026-07-17 15:04:00,126.3000030517578,129.88999938964844,126.3000030517578,129.11000061035156,2342197,SPCX
2026-07-17 15:05:00,129.1699981689453,130.32989501953125,128.75,129.2100067138672,1413585,SPCX
2026-07-17 15:06:00,129.27000427246094,129.27000427246094,126.86000061035156,127.16999816894533,1020392,SPCX
2026-07-17 15:07:00,127.22000122070312,127.6999969482422,126.7699966430664,127.5999984741211,878719,SPCX
2026-07-17 15:08:00,127.58000183105467,127.5998992919922,126.3499984741211,126.47000122070312,697142,SPCX
2026-07-17 15:09:00,126.44000244140624,126.5999984741211,125.76000213623048,126.08000183105467,575062,SPCX
2026-07-17 15:10:00,126.02999877929688,126.5749969482422,125.81999969482422,126.51000213623048,274978,SPCX
2026-07-17 15:11:00,126.55989837646484,126.55989837646484,125.8499984741211,125.95500183105467,220467,SPCX
2026-07-17 15:12:00,125.98999786376952,126.11000061035156,125.61000061035156,125.72000122070312,234838,SPCX
2026-07-17 15:13:00,125.73999786376952,126.0,125.32009887695312,125.56999969482422,365605,SPCX
2026-07-17 15:14:00,125.58000183105467,125.62999725341795,125.2699966430664,125.37940216064452,212329,SPCX
2026-07-17 15:15:00,125.37999725341795,125.5500030517578,125.1999969482422,125.5250015258789,150162,SPCX
2026-07-17 15:16:00,125.5199966430664,125.55999755859376,124.5999984741211,124.6250991821289,341628,SPCX
2026-07-17 15:17:00,124.6500015258789,124.9499969482422,124.4800033569336,124.80999755859376,276490,SPCX
2026-07-17 15:18:00,124.7699966430664,124.9999008178711,124.72010040283205,124.87000274658205,201208,SPCX
2026-07-17 15:19:00,124.87000274658205,125.37000274658205,124.83999633789062,125.0500030517578,315238,SPCX
2026-07-17 15:20:00,125.01000213623048,125.0500030517578,124.61000061035156,124.70999908447266,224166,SPCX
2026-07-17 15:21:00,124.73880004882812,124.77999877929688,123.87000274658205,123.87999725341795,503414,SPCX
2026-07-17 15:22:00,123.87999725341795,123.91999816894533,123.55010223388672,123.7300033569336,332654,SPCX
2026-07-17 15:23:00,123.73999786376952,123.76000213623048,123.5,123.5500030517578,310111,SPCX
2026-07-17 15:24:00,123.54000091552734,123.75,123.44000244140624,123.4499969482422,261600,SPCX
2026-07-17 15:25:00,123.47000122070312,123.75,123.33000183105467,123.375,286948,SPCX
2026-07-17 15:26:00,123.3499984741211,123.51000213623048,123.11000061035156,123.19499969482422,401807,SPCX
2026-07-17 15:27:00,123.19499969482422,123.43000030517578,123.0500030517578,123.33499908447266,226899,SPCX
2026-07-17 15:28:00,123.36000061035156,123.6999969482422,123.3280029296875,123.52749633789062,252740,SPCX
2026-07-17 15:29:00,123.5250015258789,123.95999908447266,123.48999786376952,123.8000030517578,282515,SPCX
2026-07-17 15:30:00,123.84500122070312,124.33000183105467,123.84500122070312,124.01499938964844,231789,SPCX
2026-07-17 15:31:00,124.02999877929688,124.04000091552734,123.76000213623048,123.8550033569336,169073,SPCX
2026-07-17 15:32:00,123.8550033569336,123.88999938964844,123.6999969482422,123.75,114943,SPCX
2026-07-17 15:33:00,123.7300033569336,123.95500183105467,123.7300033569336,123.87999725341795,106692,SPCX
2026-07-17 15:34:00,123.87999725341795,124.1500015258789,123.87999725341795,124.06999969482422,138949,SPCX
2026-07-17 15:35:00,124.0072021484375,124.0895004272461,123.95999908447266,123.98500061035156,111187,SPCX
2026-07-17 15:36:00,123.98999786376952,124.13500213623048,123.87999725341795,123.97000122070312,143842,SPCX
2026-07-17 15:37:00,124.0199966430664,124.08000183105467,123.9000015258789,123.95500183105467,112228,SPCX
2026-07-17 15:38:00,123.95500183105467,123.97989654541016,123.6999969482422,123.97000122070312,181278,SPCX
2026-07-17 15:39:00,123.9499969482422,124.0999984741211,123.83999633789062,123.86499786376952,152992,SPCX
2026-07-17 15:40:00,123.8000030517578,124.0999984741211,123.51000213623048,123.78070068359376,274217,SPCX
2026-07-17 15:41:00,123.79940032958984,124.08999633789062,123.66500091552734,123.9800033569336,140905,SPCX
2026-07-17 15:42:00,123.96499633789062,124.05999755859376,123.80999755859376,124.0009994506836,132075,SPCX
2026-07-17 15:43:00,124.0,124.1999969482422,123.66999816894533,124.16999816894533,167386,SPCX
2026-07-17 15:44:00,124.19000244140624,124.26000213623048,123.95999908447266,124.16500091552734,161524,SPCX
2026-07-17 15:45:00,124.16000366210938,124.3499984741211,124.02999877929688,124.30999755859376,138627,SPCX
2026-07-17 15:46:00,124.29000091552734,124.29000091552734,123.8000030517578,123.87999725341795,181299,SPCX
2026-07-17 15:47:00,123.87999725341795,123.98999786376952,123.76000213623048,123.91000366210938,135758,SPCX
2026-07-17 15:48:00,123.87010192871094,123.90989685058594,123.69010162353516,123.75,160707,SPCX
2026-07-17 15:49:00,123.70999908447266,123.9800033569336,123.66000366210938,123.6999969482422,208330,SPCX
2026-07-17 15:50:00,123.6999969482422,124.04000091552734,123.6750030517578,123.91010284423828,277494,SPCX
2026-07-17 15:51:00,123.9250030517578,124.13999938964844,123.83499908447266,124.06999969482422,178169,SPCX
2026-07-17 15:52:00,124.02999877929688,124.1999969482422,123.81999969482422,123.98999786376952,240947,SPCX
2026-07-17 15:53:00,123.9604034423828,124.0500030517578,123.8000030517578,123.95999908447266,191959,SPCX
2026-07-17 15:54:00,124.0,124.11000061035156,123.8000030517578,124.0749969482422,253472,SPCX
2026-07-17 15:55:00,124.12000274658205,124.88999938964844,124.0999984741211,124.73999786376952,372275,SPCX
2026-07-17 15:56:00,124.71009826660156,124.7750015258789,124.33999633789062,124.5199966430664,324880,SPCX
2026-07-17 15:57:00,124.51000213623048,124.5199966430664,124.01000213623048,124.1500015258789,439459,SPCX
2026-07-17 15:58:00,124.13999938964844,124.1780014038086,123.98999786376952,124.01000213623048,747661,SPCX
2026-07-17 15:59:00,124.0,124.08000183105467,123.8499984741211,123.95999908447266,1066098,SPCX
